amp_map_pct,peak_mean_pct,peak_max_pct,peak_neartip_pct,dns,dns_err,dns_status,n_cross,rec,strategy,rep,n,t_fit,k1,f_free,g,rank,ell
12.526526301651916,13.656238151738123,161.99878194416948,66.96087584784112,222.27066583673346,1.818291392100008,crossed,1,eb_ic,equispaced,0,3,0.3361430349996226,482.9235028859148,59350.248145733894,9766.917094670494,,
9.620619413494182,10.876198587462804,143.2363412651553,59.44856874040525,,,no_null,0,eb_ic,equispaced,0,4,0.6588598650000677,473.17746777378954,59399.77977974538,9986.913964230576,,
7.433764399633751,10.493888214600206,168.03193465230996,63.38800513143853,222.33895847117853,1.7499987576549358,crossed,1,eb_ic,equispaced,0,5,0.7829612069999712,477.9100196194187,59381.687642522455,9886.79123390396,,
6.694533463152129,9.934655871376277,156.3291216341384,59.18131013237853,,,no_null,0,eb_ic,equispaced,0,6,0.9154532320003455,472.9852379111254,59406.92361084974,10011.537398774593,,
6.663494339577584,10.028311632861154,157.53328314114387,59.16229249193338,,,no_null,0,eb_ic,equispaced,0,7,1.0671178299999156,472.91543142585857,59407.26709504279,10036.0303744925,,
5.878010647527194,9.798375846357747,151.47592260439419,57.0233104704313,223.09017745007432,0.9987797787591433,crossed,1,eb_ic,equispaced,0,8,1.1589712320001126,470.0634704017132,59425.78945237209,10081.481744816836,,
5.908082373749918,8.945475371048756,122.1147611609964,47.974102203595706,223.09017745007432,0.9987797787591433,crossed,1,eb_ic,equispaced,0,10,1.468678053000076,460.4863538832172,59477.687095939364,10186.619893076006,,
5.730257995155661,6.748654568595677,81.58676078693648,32.6427312777292,223.2950553534095,0.7939018754239555,crossed,1,eb_ic,equispaced,0,12,1.6961093509999046,443.8383935619593,59570.49094423368,10437.533683828027,,
5.30393430905925,6.128382147599058,56.119168352313764,25.4708146181608,223.36334798785458,0.7256092409788835,crossed,1,eb_ic,equispaced,0,16,1.8740472770000451,434.9298770267338,59625.57086226517,11265.205892769625,,
5.047793707593453,5.179245196967644,51.19460534374583,20.977090668090064,223.36334798785458,0.7256092409788835,crossed,1,eb_ic,equispaced,0,20,2.1373618029997488,431.6364002437799,59645.833236959115,10688.034136993032,,
4.708915912201515,4.81703424061808,109.4224476815252,22.97680524993709,224.31944487008556,0.23048764125209686,crossed,1,eb_ic,equispaced,0,30,2.4750018590002583,402.3041202820064,59836.122557395465,10258.626025553931,,
4.2046453425089005,3.387539467042987,35.60106167634149,14.340704876567084,224.31944487008556,0.23048764125209686,crossed,1,eb_ic,equispaced,0,50,2.8783796940001594,399.893708897739,59855.23528306208,10566.509987810676,,
12.526526301651916,13.656238151738123,161.99878194416948,66.96087584784112,222.27066583673346,1.818291392100008,crossed,1,eb_ic,dopt_lowrank,0,3,0.3223787329998231,482.9235028859148,59350.248145733894,9766.917094670494,,
9.085279806884667,11.165976207375918,127.44006219922417,55.07573116967204,223.09017745007432,0.9987797787591433,crossed,1,eb_ic,dopt_lowrank,0,4,0.6693373059997612,468.1747905957631,59429.94744332057,10106.451989724945,,
7.197669044622458,10.461282406678192,168.2305245838298,63.242050342694576,222.33895847117853,1.7499987576549358,crossed,1,eb_ic,dopt_lowrank,0,5,0.7752763840003354,477.7668074432425,59383.2251334196,9905.930628546465,,
9.730923022254544,6.295436622519684,67.25200294003483,29.835786123729243,223.09017745007432,0.9987797787591433,crossed,1,eb_ic,dopt_lowrank,0,6,0.8705040049999297,449.2049436787297,59525.17920006368,9433.59887274904,,
8.485956393247093,5.819812230473334,56.54046419436859,26.01383003656423,223.2950553534095,0.7939018754239555,crossed,1,eb_ic,dopt_lowrank,0,7,0.9923253649999424,445.01586896902654,59552.28866362624,9589.188180139716,,
7.507753865830101,5.6697156788274095,54.404162266123215,24.257752229952732,223.2950553534095,0.7939018754239555,crossed,1,eb_ic,dopt_lowrank,0,8,1.23201318800011,443.48409177751955,59563.06489043086,9676.831902913342,,
6.744819824566583,5.548791003354572,52.46869097473835,22.806794585193156,223.2950553534095,0.7939018754239555,crossed,1,eb_ic,dopt_lowrank,0,10,1.3748798589999751,442.0809713873058,59572.78682256431,9787.53229337275,,
9.354383709308133,10.229601453080086,19.3307312683523,3.7809076848043537,223.36334798785458,0.7256092409788835,crossed,1,eb_ic,dopt_lowrank,0,12,1.5791580810000596,429.29231204483824,59646.58814968156,8872.70608276991,,
9.377819356605707,11.833479069682749,20.688069482013262,4.381530781307298,224.11456696675037,0.025609737916909125,crossed,1,eb_ic,dopt_lowrank,0,16,1.7122242899999947,421.36558710993756,59701.122071592195,8657.184110111204,,
7.770375312768083,9.761434231609663,17.819477226272195,6.296685668831367,224.21700591841795,0.12804868958448878,crossed,1,eb_ic,dopt_lowrank,0,20,1.9330541350000203,415.2762109329409,59745.55521770254,8921.57637079975,,
5.381677700700811,4.754288539763772,11.125742403222631,2.366328253275479,224.21700591841795,0.12804868958448878,crossed,1,eb_ic,dopt_lowrank,0,30,2.2516462369999317,412.6962577763796,59765.659586372945,9536.4576906706,,
4.080639258230408,2.1216479168346134,5.520296027696876,,224.31944487008556,0.23048764125209686,crossed,1,eb_ic,dopt_lowrank,0,50,2.761778220999986,402.56686757669894,59838.84516232501,10307.494564206016,,
12.526526301651916,13.656238151738123,161.99878194416948,66.96087584784112,222.27066583673346,1.818291392100008,crossed,1,eb_ic,random,0,3,0.3155827020000288,482.9235028859148,59350.248145733894,9766.917094670494,,
9.462948291483718,11.56421978299534,133.6665318852327,56.90603312989605,223.02188481562925,1.0670724132042153,crossed,1,eb_ic,random,0,4,0.6342558620003729,470.4746067428764,59418.084316502434,10064.381362535843,,
8.004595719523754,11.081966706905028,171.78215198583993,65.33526967496282,222.27066583673346,1.818291392100008,crossed,1,eb_ic,random,0,5,0.7422085959997275,480.43888894534683,59370.59528256678,9914.968988684299,,
6.941152698045597,9.937770114336743,130.40922933658425,54.19150221469975,223.09017745007432,0.9987797787591433,crossed,1,eb_ic,random,0,6,0.8570610469996609,466.82861946852023,59440.394953336734,10192.492633715261,,
6.8615711101793675,11.143471162372034,187.5100239223146,67.40616475962908,222.27066583673346,1.818291392100008,crossed,1,eb_ic,random,0,7,0.9721743589998368,482.74046176745446,59360.43617938792,9878.971229594583,,
11.196353322132191,13.192768732965757,27.857189062413823,6.800076870117598,223.36334798785458,0.7256092409788835,crossed,1,eb_ic,random,0,8,1.0108580099999926,429.3473677291631,59644.658116643375,8246.63778733478,,
5.547678872487488,8.759997339263885,118.4552936173538,48.2165967766813,223.09017745007432,0.9987797787591433,crossed,1,eb_ic,random,0,10,1.335719987000175,460.54811494330545,59476.39406050381,10267.76339483744,,
4.64635050279265,5.744392598041032,58.79416686868021,25.1226490636688,223.36334798785458,0.7256092409788835,crossed,1,eb_ic,random,0,12,1.7247448620000796,436.1160366702484,59620.46600223617,10873.787474954654,,
5.474630909945675,9.943950031800455,129.21524051669974,52.46166525764655,223.09017745007432,0.9987797787591433,crossed,1,eb_ic,random,0,16,1.8346903720002956,464.4589197251885,59458.37248611156,10338.37402055102,,
4.588518972543054,3.3090707275952833,9.83181412789975,5.759178473675769,224.21700591841795,0.12804868958448878,crossed,1,eb_ic,random,0,20,1.9762528219998785,415.70401479989295,59744.70345352466,10296.614400283499,,
5.556552803364829,6.227631985086328,63.83850522946738,24.60389434699853,223.2950553534095,0.7939018754239555,crossed,1,eb_ic,random,0,30,2.25086370300005,436.5941712848739,59614.44610892777,10504.734130984709,,
4.572764395960829,5.729653384193368,137.1627605520783,37.85875379250695,224.38773750453063,0.2987802756971689,crossed,1,eb_ic,random,0,50,2.822319246999996,395.4014394695814,59885.614893339916,10452.399799561677,,
12.526526301651916,13.656238151738123,161.99878194416948,66.96087584784112,222.27066583673346,1.818291392100008,crossed,1,eb_ic,random,1,3,0.3223458379998192,482.9235028859148,59350.248145733894,9766.917094670494,,
9.343072145105252,11.27954023375722,115.22923848577503,52.16015929488679,223.09017745007432,0.9987797787591433,crossed,1,eb_ic,random,1,4,0.5875980880000498,464.6198763238515,59447.393858668154,10199.085382549487,,
8.120083590469832,11.10950262813198,167.35458475242464,64.32164452085064,222.27066583673346,1.818291392100008,crossed,1,eb_ic,random,1,5,0.7309572399999524,479.27071361292957,59376.44266759624,9928.302501493614,,
12.940674605926809,15.244060531880784,49.45724532736514,9.849703960431025,223.2950553534095,0.7939018754239555,crossed,1,eb_ic,random,1,6,0.7831254920001811,429.58571656964335,59635.52772092305,8506.62641047887,,
6.5855821664326255,10.644313665720697,167.18791090542013,62.82671900085101,222.33895847117853,1.7499987576549358,crossed,1,eb_ic,random,1,7,1.0191072920001716,477.11325447011006,59389.76289360419,10044.879013620948,,
6.17450254925923,10.45516807175738,167.31892843514603,61.99564806697416,222.33895847117853,1.7499987576549358,crossed,1,eb_ic,random,1,8,1.1539031699999214,475.9710921856451,59395.373703918594,10081.425395167198,,
5.7092973141530345,9.04328254847362,108.71128734249922,47.35935047451442,223.19261640174193,0.8963408270915352,crossed,1,eb_ic,random,1,10,1.3243929049999679,459.34243896135575,59484.73633433951,10349.595513908931,,
5.8155968326803995,10.738232803108371,172.60511579770298,61.743522217922,222.33895847117853,1.7499987576549358,crossed,1,eb_ic,random,1,12,1.7144941069996094,475.190877608915,59403.05244637027,10056.663011690322,,
4.708079375358948,3.899588870144709,87.28783102737215,16.584574084516955,224.31944487008556,0.23048764125209686,crossed,1,eb_ic,random,1,16,1.9520552630001475,407.34629471617745,59803.10530266027,10111.9895434209,,
5.007749936298018,5.260060501576331,45.86510533782043,20.54878297954964,223.2950553534095,0.7939018754239555,crossed,1,eb_ic,random,1,20,2.0376846389999628,437.9109216454069,59605.515975083836,10437.593635286736,,
5.457642542140722,6.0970304502579635,59.29701521756907,22.745004643191642,223.2950553534095,0.7939018754239555,crossed,1,eb_ic,random,1,30,2.2523341030000665,442.3654723464028,59576.200773906945,10235.034198941188,,
5.357885839840218,3.714272063293031,21.9382179040063,6.169662770606013,224.11456696675037,0.025609737916909125,crossed,1,eb_ic,random,1,50,2.821494455999982,419.2076166846118,59720.804593062596,10172.014081405263,,
12.526526301651916,13.656238151738123,161.99878194416948,66.96087584784112,222.27066583673346,1.818291392100008,crossed,1,eb_ic,random,2,3,0.3138336659999368,482.9235028859148,59350.248145733894,9766.917094670494,,
7.781125145729638,10.402686228107639,170.20708397525942,63.65252685212985,222.27066583673346,1.818291392100008,crossed,1,eb_ic,random,2,4,0.6922822680003264,478.0995694342412,59378.941134754445,9662.121173351165,,
5.765407238799074,8.894958508538958,128.8159152627112,50.41093346602479,223.09017745007432,0.9987797787591433,crossed,1,eb_ic,random,2,5,0.8277926229998229,463.0433856344043,59463.19923323284,9946.519296152279,,
5.88037545035106,8.159071828195406,106.0562436370996,41.85835576539214,223.19261640174193,0.8963408270915352,crossed,1,eb_ic,random,2,6,0.9439006689999587,454.8747926008704,59508.30197083825,10171.117742293485,,
6.563834588993277,9.195271693093886,109.65142721791048,48.28784670017835,223.09017745007432,0.9987797787591433,crossed,1,eb_ic,random,2,7,1.0295556169999145,460.41754507571824,59475.19192959497,10280.110349338576,,
5.789868316978726,9.299647367457954,133.22638245027974,50.78439883550332,223.09017745007432,0.9987797787591433,crossed,1,eb_ic,random,2,8,1.1440870659998836,463.15371482328607,59466.33523667243,10052.50598085062,,
5.588550436985324,6.413044697070502,47.10998833132968,17.8593708341732,224.11456696675037,0.025609737916909125,crossed,1,eb_ic,random,2,10,1.4524318140001924,422.53456672836046,59709.59579154616,11491.644041982694,,
4.895871901332287,4.630588288876867,39.700338436037654,17.465470077075153,223.36334798785458,0.7256092409788835,crossed,1,eb_ic,random,2,12,1.7757063019998895,434.70536084250455,59625.010051331104,10292.091831709347,,
4.468987688173213,3.8425986650077557,81.1537366116025,16.30543629515647,224.21700591841795,0.12804868958448878,crossed,1,eb_ic,random,2,16,1.8412628169999152,408.8802497755008,59794.69808567506,10711.942836207882,,
5.678730682379267,4.701134333497518,54.015809755861724,9.672813099090021,224.21700591841795,0.12804868958448878,crossed,1,eb_ic,random,2,20,1.9610194720003165,416.536464465321,59736.53424090989,9822.073819599253,,
6.274142855837956,11.922350424250164,158.18359904393458,57.877324079733484,223.09017745007432,0.9987797787591433,crossed,1,eb_ic,random,2,30,2.246140412999921,470.5793121336785,59425.819082408736,10353.305830722278,,
4.510718490720746,3.096046130812392,20.215543182836413,5.916952709519157,224.21700591841795,0.12804868958448878,crossed,1,eb_ic,random,2,50,2.8085124760000326,407.7314810128824,59799.27051725977,10441.900072162458,,
12.526526301651916,13.656238151738123,161.99878194416948,66.96087584784112,222.27066583673346,1.818291392100008,crossed,1,eb_ic,random,3,3,0.3156406180000886,482.9235028859148,59350.248145733894,9766.917094670494,,
8.454691079706848,10.644405685713908,174.36838142655571,65.67697256874754,222.27066583673346,1.818291392100008,crossed,1,eb_ic,random,3,4,0.6153974710000512,480.4155916832311,59365.44562604503,9648.520259409364,,
7.613850818319776,13.968591469385542,77.75308574117807,41.29010796422645,223.19261640174193,0.8963408270915352,crossed,1,eb_ic,random,3,5,0.7399325200003659,448.92379874253993,59550.265181986826,12344.925764696876,,
11.912772924008584,7.350954574805622,79.33332715020636,36.16448711901792,223.09017745007432,0.9987797787591433,crossed,1,eb_ic,random,3,6,0.8278087379999306,454.87843500539077,59491.1757248937,9365.704484329843,,
5.007946572739678,5.484748335348888,62.53313708739684,25.492191349888415,223.36334798785458,0.7256092409788835,crossed,1,eb_ic,random,3,7,1.0463486039998315,436.79333458234464,59615.727174771884,10919.552474708813,,
8.90893420198765,9.763545655568839,45.528619174534825,10.326535663347977,224.11456696675037,0.025609737916909125,crossed,1,eb_ic,random,3,8,1.1340883910002049,417.85395707917763,59718.80368567504,8767.23686360681,,
5.716939463457385,9.262434910126833,131.82995708980775,51.96739875469402,223.09017745007432,0.9987797787591433,crossed,1,eb_ic,random,3,10,1.430692574999739,464.28393102893926,59455.82377494251,10231.941229718323,,
4.673630781552563,5.033012920148636,43.1405083380748,19.37912621763776,224.0462743323053,0.04268289652816293,crossed,1,eb_ic,random,3,12,1.7695706439999412,427.5783130260539,59671.172882970524,10873.010154360445,,
5.269107095040133,7.770757729874732,99.4897313619776,39.365671013888345,223.19261640174193,0.8963408270915352,crossed,1,eb_ic,random,3,16,1.9813458640001045,452.1472175691286,59526.20855374045,10420.407925719475,,
6.108100711071581,6.778440647439315,72.97664616625175,26.829921794510845,223.19261640174193,0.8963408270915352,crossed,1,eb_ic,random,3,20,2.0465416109996113,447.3234765209245,59546.658672636084,10019.36571564968,,
5.372021963511608,4.792207236870623,11.602406692108234,4.353490367721548,224.31944487008556,0.23048764125209686,crossed,1,eb_ic,random,3,30,2.2825697889998082,409.23226038320615,59787.97680023692,9718.018852091713,,
4.045231085524282,6.128288617162781,153.03940278381845,40.89102912954966,225.13895648342643,1.0499992545929615,crossed,1,eb_ic,random,3,50,2.9864745129998482,390.62007126451755,59923.07393512769,10652.140233959672,,
12.526526301651916,13.656238151738123,161.99878194416948,66.96087584784112,222.27066583673346,1.818291392100008,crossed,1,eb_ic,random,4,3,0.36639856300007523,482.9235028859148,59350.248145733894,9766.917094670494,,
9.41010443212216,11.077933244467662,176.72549791760036,67.53915718588819,222.27066583673346,1.818291392100008,crossed,1,eb_ic,random,4,4,1.0379205829999592,483.02892398996147,59351.609861526355,9674.981705338234,,
8.885759659182474,11.428821737002055,190.1973656872282,70.11285155472846,222.27066583673346,1.818291392100008,crossed,1,eb_ic,random,4,5,1.5250457880001704,486.68478928164546,59337.37224272673,9614.998924243928,,
5.051163339247755,5.984823107098768,93.27873665893571,20.461314892671957,224.31944487008556,0.23048764125209686,crossed,1,eb_ic,random,4,6,1.6925436070000615,405.85794222504177,59814.98480449815,9784.970774213265,,
5.785341163430761,8.377861792515725,100.13503545783622,44.52105653743864,223.19261640174193,0.8963408270915352,crossed,1,eb_ic,random,4,7,2.2950970699998834,456.6755305016831,59497.127121235855,10348.325979746818,,
5.8039445708471336,8.811476813260068,103.20381866377615,45.89009655958622,223.19261640174193,0.8963408270915352,crossed,1,eb_ic,random,4,8,3.595982964000086,457.89646472471406,59492.009046095925,10361.421323441959,,
8.75092747977313,10.449618742359979,48.39600225330235,11.667761669605289,224.11456696675037,0.025609737916909125,crossed,1,eb_ic,random,4,10,12.464782252000077,418.5765177225943,59716.83574345917,9133.780365098532,,
6.542108006840488,6.568747864233345,75.70537784690394,29.633045211152698,223.19261640174193,0.8963408270915352,crossed,1,eb_ic,random,4,12,3.492034327000056,449.5704227123171,59532.43935454695,9847.088638093797,,
7.45918490520787,11.292813622885172,75.8827601942796,20.769352572836173,224.21700591841795,0.12804868958448878,crossed,1,eb_ic,random,4,16,1.994435706999866,408.51066574612133,59805.36413088182,11963.439331691341,,
5.548299067659138,8.066082417015442,100.50376452926189,39.761277074541546,223.19261640174193,0.8963408270915352,crossed,1,eb_ic,random,4,20,2.148291081000025,452.5229294540014,59523.363342652905,10439.496550546415,,
5.501199359713453,4.3269511771214475,11.375682781612028,2.218667387426495,224.21700591841795,0.12804868958448878,crossed,1,eb_ic,random,4,30,2.4539716019999105,416.4908134805879,59738.55374426709,9408.627926766436,,
4.326282130733091,3.9557944643311154,33.07133040713025,16.126376085591097,224.31944487008556,0.23048764125209686,crossed,1,eb_ic,random,4,50,3.0443729080002413,399.9981013959131,59856.79477807052,10856.72382134484,,
12.526526301651916,13.656238151738123,161.99878194416948,66.96087584784112,222.27066583673346,1.818291392100008,crossed,1,eb_ic,random,5,3,0.3290116210000633,482.9235028859148,59350.248145733894,9766.917094670494,,
9.706830926192168,11.577676814235788,144.98978456741497,60.10731756405452,222.33895847117853,1.7499987576549358,crossed,1,eb_ic,random,5,4,0.6899159980002878,474.15103217314726,59397.53281991207,10018.39295518191,,
9.159462727429846,11.414162778606762,189.08365735777917,70.05680813997708,222.27066583673346,1.818291392100008,crossed,1,eb_ic,random,5,5,0.8259900499997457,486.64790539839066,59337.11258588286,9563.455288908148,,
8.044325178545648,10.90526039684577,47.03894143928705,26.959517659489666,223.36334798785458,0.7256092409788835,crossed,1,eb_ic,random,5,6,0.8988046280001072,435.80219224454885,59620.06362029673,11047.861531186783,,
5.5536005221323865,7.934157884120065,96.13815530229435,41.91417333802791,223.19261640174193,0.8963408270915352,crossed,1,eb_ic,random,5,7,0.9894462420002128,454.18848824066197,59511.05416738428,10363.603885550685,,
5.120433219523822,4.568703542254511,45.26474200297708,18.614397684242295,224.11456696675037,0.025609737916909125,crossed,1,eb_ic,random,5,8,1.1763807769998493,427.7945063320686,59672.05450534043,10762.083569146347,,
5.794264899705981,10.850356278306931,179.0931356923358,63.69550140411925,222.33895847117853,1.7499987576549358,crossed,1,eb_ic,random,5,10,1.4377058029999716,477.608965903717,59390.68831990213,9943.466024354528,,
4.891608744045223,3.785778042586443,69.58570550646557,11.762796621804107,224.21700591841795,0.12804868958448878,crossed,1,eb_ic,random,5,12,1.7409206459997222,411.7923399901105,59771.61127116148,9997.805234844014,,
9.701725752611733,12.006166688218736,20.726052564655316,4.466551555027615,224.11456696675037,0.025609737916909125,crossed,1,eb_ic,random,5,16,1.9857902700000523,420.83982396895556,59702.67966332517,8519.632122828996,,
5.264399582204656,4.996562899858286,38.81554368919563,17.3089600105953,223.36334798785458,0.7256092409788835,crossed,1,eb_ic,random,5,20,2.047853418000159,435.5520525361031,59617.96726137932,10160.772278644345,,
4.328966777544052,3.014678285001167,22.84534457361005,9.178574360114888,224.31944487008556,0.23048764125209686,crossed,1,eb_ic,random,5,30,2.3987154649998956,400.4982893786974,59851.44227960003,10464.336284295068,,
4.509955816034211,4.925323104333909,74.54083056442414,19.494709736650808,224.21700591841795,0.12804868958448878,crossed,1,eb_ic,random,5,50,3.165083672000037,410.21508720297305,59786.34303346287,10961.309475756014,,
12.526526301651916,13.656238151738123,161.99878194416948,66.96087584784112,222.27066583673346,1.818291392100008,crossed,1,eb_ic,random,6,3,0.3345582080000895,482.9235028859148,59350.248145733894,9766.917094670494,,
9.309251747242591,11.131018785846408,121.93520008384102,53.75646777397062,223.09017745007432,0.9987797787591433,crossed,1,eb_ic,random,6,4,0.6644516790001944,466.6294430774989,59437.066615259384,10107.037341287476,,
7.3293519270450505,10.546925235148379,175.13221055612215,64.67049451855367,222.27066583673346,1.818291392100008,crossed,1,eb_ic,random,6,5,0.8195123689997672,479.50863947493,59376.005625953854,9607.602881009589,,
7.7910224122094505,10.407546351723944,127.75611547489132,54.1922463385518,223.09017745007432,0.9987797787591433,crossed,1,eb_ic,random,6,6,0.9558757870004229,466.90053461378557,59438.775384727836,10182.731550760906,,
4.8686503734455115,6.128798055851832,62.91239823878573,27.50356041874503,223.2950553534095,0.7939018754239555,crossed,1,eb_ic,random,6,7,1.1028683650001767,438.351443815925,59604.72067243326,10892.521683021076,,
4.671691407762472,6.069200619839908,71.91460670688397,30.54261815766801,223.2950553534095,0.7939018754239555,crossed,1,eb_ic,random,6,8,1.2258146829999532,441.4262406212658,59586.559761029275,10504.011841833153,,
5.518274643536465,8.539738347626564,113.78132686843034,47.05595091471842,223.09017745007432,0.9987797787591433,crossed,1,eb_ic,random,6,10,1.5255512500002624,459.41502099406944,59482.368813700334,10271.806553788658,,
5.7008168054554,7.214358329379506,47.16799913995898,23.539972603958326,223.36334798785458,0.7256092409788835,crossed,1,eb_ic,random,6,12,1.7662434089997987,429.7614236924788,59664.63661506353,11590.397305247265,,
5.868113155527804,8.262371336694379,79.9759551903797,17.917667304823997,224.21700591841795,0.12804868958448878,crossed,1,eb_ic,random,6,16,1.980288271000063,408.10797414904334,59801.36179294455,11596.743668935444,,
5.280670472937656,7.828869330813433,85.24580365053137,38.44514603778906,223.19261640174193,0.8963408270915352,crossed,1,eb_ic,random,6,20,2.0402845280000292,448.00416546617856,59550.283091339064,11254.0278397108,,
5.1814277976681264,4.099828018020756,62.43859379142466,9.823742594657604,224.21700591841795,0.12804868958448878,crossed,1,eb_ic,random,6,30,2.391060440000274,414.17196309511365,59753.833484464245,10022.934167350182,,
4.988389305949927,2.9857706974704867,8.893773192309013,3.7499532515678564,224.21700591841795,0.12804868958448878,crossed,1,eb_ic,random,6,50,2.949192432000018,415.3880890961753,59749.27940962494,10115.866413998649,,
12.526526301651916,13.656238151738123,161.99878194416948,66.96087584784112,222.27066583673346,1.818291392100008,crossed,1,eb_ic,random,7,3,0.32011842800011436,482.9235028859148,59350.248145733894,9766.917094670494,,
9.613342144080546,11.448718550213528,157.89601760095638,63.35700655996778,222.27066583673346,1.818291392100008,crossed,1,eb_ic,random,7,4,0.6457513350001136,478.03128071277575,59378.04969144319,9920.53228833898,,
7.513744112962779,10.638874879454937,170.53007499745144,64.29990469791507,222.27066583673346,1.818291392100008,crossed,1,eb_ic,random,7,5,0.7403444130000025,479.037524499966,59376.632488642885,9908.218291809628,,
6.368693691904224,9.118297381722655,125.88675902209235,51.95995921868006,223.09017745007432,0.9987797787591433,crossed,1,eb_ic,random,7,6,1.000781127999744,464.44112774116127,59452.57767469238,10110.628655160952,,
6.837754756330406,10.53608239153537,168.91390125968505,62.79126040206412,222.33895847117853,1.7499987576549358,crossed,1,eb_ic,random,7,7,1.0801815979998537,477.16771319635245,59386.6231250161,10014.875480961255,,
6.46227294454545,10.557492399534063,160.67896397703666,61.094093309873976,222.33895847117853,1.7499987576549358,crossed,1,eb_ic,random,7,8,1.3313562840003215,474.93116114049946,59400.29848208494,10164.71206095536,,
6.645620740790657,12.313264816995389,82.09614030348305,41.672165709021606,223.19261640174193,0.8963408270915352,crossed,1,eb_ic,random,7,10,1.5314783439998791,450.016465245333,59545.102576478304,11887.80818737252,,
5.341690951880735,4.699596475152341,37.41493128122196,14.736536016297059,223.36334798785458,0.7256092409788835,crossed,1,eb_ic,random,7,12,1.7336305940002603,432.38660694423083,59637.40926885494,9897.701436692743,,
6.023417175765303,6.448396042733877,70.5843237242243,27.01258100121926,223.2950553534095,0.7939018754239555,crossed,1,eb_ic,random,7,16,1.9270958730003258,447.20235994249435,59547.315575641784,9938.346917338582,,
4.264840804564684,4.527776819061885,116.76349756090292,32.20583478736259,224.31944487008556,0.23048764125209686,crossed,1,eb_ic,random,7,20,2.123533365000185,399.77385145224315,59859.0935124014,10551.189328643795,,
5.0372059792401735,4.471470807867996,62.431412581221025,13.251342566201025,224.21700591841795,0.12804868958448878,crossed,1,eb_ic,random,7,30,2.308824039999763,413.67099623736254,59759.60404075558,9806.380482092098,,
4.605775902716616,2.7618067301809197,13.81175473892371,3.867965906332939,224.21700591841795,0.12804868958448878,crossed,1,eb_ic,random,7,50,2.9397265499997047,412.32243499490323,59770.15727144848,10286.039511454606,,
12.526526301651916,13.656238151738123,161.99878194416948,66.96087584784112,222.27066583673346,1.818291392100008,crossed,1,eb_ic,random,8,3,0.31314576600016153,482.9235028859148,59350.248145733894,9766.917094670494,,
9.731143420424997,11.207844448614138,176.82993281655487,67.88609485875547,222.27066583673346,1.818291392100008,crossed,1,eb_ic,random,8,4,0.6297205779997057,483.5519703535934,59348.60086181214,9666.849478031927,,
6.208571439208632,9.829277650324812,157.0235802456446,58.60268824850928,,,no_null,0,eb_ic,random,8,5,0.7443935729997975,472.2195545102019,59415.05059878186,9697.69294808693,,
6.392377844889498,9.735213161404083,148.7015636478281,57.46730571594446,223.09017745007432,0.9987797787591433,crossed,1,eb_ic,random,8,6,0.8569414660000803,470.8033885376207,59419.76530743841,10054.721747502477,,
6.501787199663485,10.2770749044092,165.03862463781465,61.18730713780685,222.33895847117853,1.7499987576549358,crossed,1,eb_ic,random,8,7,0.9841456160002053,475.1983833876198,59396.892833156126,10061.844003787171,,
6.285548097767797,10.929524861667051,182.79134959850498,65.08303927684224,222.33895847117853,1.7499987576549358,crossed,1,eb_ic,random,8,8,1.1673540860001594,479.63390981778065,59377.21462174549,9954.22345018801,,
6.234438519506868,6.280164221444133,38.38585410462923,14.374298493266998,223.36334798785458,0.7256092409788835,crossed,1,eb_ic,random,8,10,1.4389731020000909,433.1946127371824,59631.087713656634,9730.637768178856,,
5.02298334419956,5.674010425994734,63.513281834662564,25.385337454383976,223.2950553534095,0.7939018754239555,crossed,1,eb_ic,random,8,12,1.7618172719999166,437.222460930684,59611.28599252846,10656.329118984466,,
4.2590584365167485,4.829755920927567,140.33900357274024,34.50798898573627,224.38773750453063,0.2987802756971689,crossed,1,eb_ic,random,8,16,2.009539453999878,394.3408777344771,59894.01728834423,10311.423754457759,,
4.248872487875332,4.059121575351352,113.84550032648673,26.137582702357538,224.31944487008556,0.23048764125209686,crossed,1,eb_ic,random,8,20,2.1420991629997843,400.7035507507183,59850.81239908807,10353.400777219622,,
4.8876426038711935,3.786434379685367,60.679536706699345,12.82818121299718,224.21700591841795,0.12804868958448878,crossed,1,eb_ic,random,8,30,2.909631515000001,414.9057104101338,59751.903277389145,10547.370131636717,,
4.31738831756745,5.590066964138132,138.04407775048062,38.05141465557338,224.38773750453063,0.2987802756971689,crossed,1,eb_ic,random,8,50,3.586609001999932,395.1476808021784,59889.15644055875,10501.066734489465,,
12.526526301651916,13.656238151738123,161.99878194416948,66.96087584784112,222.27066583673346,1.818291392100008,crossed,1,eb_ic,random,9,3,0.3204144669998641,482.9235028859148,59350.248145733894,9766.917094670494,,
5.801876693937143,8.292787292546391,108.2037868175707,42.36100974588775,223.19261640174193,0.8963408270915352,crossed,1,eb_ic,random,9,4,0.6445856919999642,455.48157023952893,59506.304936526125,10046.272656955507,,
8.005826148957269,11.018855577153767,151.09664513730237,60.33069522525641,222.33895847117853,1.7499987576549358,crossed,1,eb_ic,random,9,5,0.8240129010000601,474.37210224035937,59401.93770715205,10056.98563722624,,
11.299442598504006,14.857114656468404,43.45749864358373,13.88483843163703,224.11456696675037,0.025609737916909125,crossed,1,eb_ic,random,9,6,0.9241382029999841,419.9099149804878,59704.17643633026,8566.049093500864,,
6.4963998582077185,9.429405935248244,122.3257104689709,51.49218463370687,223.09017745007432,0.9987797787591433,crossed,1,eb_ic,random,9,7,1.1666040249997423,463.75510201603913,59456.19066233747,10278.680512549097,,
5.941965537452248,9.225214094628978,133.54643107540474,51.35855922413272,223.09017745007432,0.9987797787591433,crossed,1,eb_ic,random,9,8,1.3331053420001808,463.8644461892102,59458.46571342986,10088.426244749988,,
7.132028660379977,6.997406653258785,82.47072736887425,30.675420663216595,223.09017745007432,0.9987797787591433,crossed,1,eb_ic,random,9,10,1.5738210240001536,451.6124526834642,59519.51779851203,9539.92998478223,,
6.016489850696492,10.470089028417304,159.91859258666926,59.37221655890519,,,no_null,0,eb_ic,random,9,12,1.9104433590000554,472.644853933676,59412.80398500449,10208.624985760538,,
4.595646469307745,5.859686774605942,150.5112338657358,36.788376497589006,225.24139543509403,1.1524382062605696,crossed,1,eb_ic,random,9,16,2.0788895529999536,392.20963338102933,59911.9499622738,9898.148986206015,,
6.092697881499067,5.129927404217232,39.85016999757641,10.953223541914271,224.11456696675037,0.025609737916909125,crossed,1,eb_ic,random,9,20,2.3713063140003214,427.0128720471118,59665.91802731666,9734.79937787654,,
5.356225877719731,3.9469259098121108,10.75339325573386,5.027057764958736,224.11456696675037,0.025609737916909125,crossed,1,eb_ic,random,9,30,2.825525462999849,424.17309341752684,59688.43776226608,9917.585492156935,,
4.417328111277029,4.271173061615582,86.44584538093206,20.71423014440321,224.31944487008556,0.23048764125209686,crossed,1,eb_ic,random,9,50,3.645828338999763,407.65868271845204,59801.50635015,10245.143210390434,,
12.526526301651916,13.656238151738123,161.99878194416948,66.96087584784112,222.27066583673346,1.818291392100008,crossed,1,eb_ic,random,10,3,0.3332197219997397,482.9235028859148,59350.248145733894,9766.917094670494,,
8.655851103521728,10.796294756321783,176.7988365108101,66.63737204105784,222.27066583673346,1.818291392100008,crossed,1,eb_ic,random,10,4,0.6879990050001652,481.7207643131653,59359.4266785755,9638.94154982574,,
7.376450394867928,10.470365305840508,167.4427409336447,63.220230309377314,222.33895847117853,1.7499987576549358,crossed,1,eb_ic,random,10,5,0.8608703009999772,477.73928020020827,59382.90266916193,9891.819739290817,,
5.104305828638756,5.595790315066586,45.85236244936297,21.415298112073504,223.36334798785458,0.7256092409788835,crossed,1,eb_ic,random,10,6,1.000783400000273,429.27321504950675,59663.514338637375,11220.478032411365,,
6.747456819702458,11.077716207064539,186.78777195247676,66.68431687813163,222.27066583673346,1.818291392100008,crossed,1,eb_ic,random,10,7,1.0896836339998117,481.6801394725806,59365.627022387045,9803.049837765306,,
6.329099669764524,10.02368459776622,140.35248879042229,56.10849341028318,223.09017745007432,0.9987797787591433,crossed,1,eb_ic,random,10,8,1.2023610820001522,468.9529687019138,59431.386762438284,10186.66264322169,,
6.53076979488718,5.432623060411935,49.70951068529985,21.506762641037273,223.2950553534095,0.7939018754239555,crossed,1,eb_ic,random,10,10,1.6228451260003567,440.82529343765634,59580.92669590681,9810.654786665167,,
4.833545644436328,5.733039753282768,122.02302751170578,30.80955011939958,224.31944487008556,0.23048764125209686,crossed,1,eb_ic,random,10,12,1.8151599689999784,399.60539078313457,59855.42475810167,10184.172944031787,,
4.348477364680528,4.012469922967345,99.19274033269326,21.321539073889102,224.31944487008556,0.23048764125209686,crossed,1,eb_ic,random,10,16,2.1931123639997168,404.1090781058696,59823.910296968585,10478.302643881367,,
5.973449366097476,11.459392630446962,171.6226633283833,61.28284487544876,222.33895847117853,1.7499987576549358,crossed,1,eb_ic,random,10,20,2.485255633000179,474.46003654096563,59407.62511584704,10196.12293109172,,
4.475484805086192,5.459232443024915,113.97222318271551,26.671454954594054,224.31944487008556,0.23048764125209686,crossed,1,eb_ic,random,10,30,3.0066526030000205,400.2584318707795,59853.58353095567,11060.77936432811,,
4.338346201331643,2.8602490384699806,12.403209991985566,4.060609580959021,224.21700591841795,0.12804868958448878,crossed,1,eb_ic,random,10,50,3.777040862999911,412.7620741530514,59766.2513912211,10169.556810816217,,
12.526526301651916,13.656238151738123,161.99878194416948,66.96087584784112,222.27066583673346,1.818291392100008,crossed,1,eb_ic,random,11,3,0.34397325000009005,482.9235028859148,59350.248145733894,9766.917094670494,,
9.41010443212216,11.077933244467662,176.72549791760036,67.53915718588819,222.27066583673346,1.818291392100008,crossed,1,eb_ic,random,11,4,0.7034027919999062,483.02892398996147,59351.609861526355,9674.981705338234,,
9.00429187704103,11.248265145554436,187.3033066588822,69.4193449149871,222.27066583673346,1.818291392100008,crossed,1,eb_ic,random,11,5,0.85205366900027,485.6070315947054,59341.14114053551,9555.4071914442,,
10.311352084957093,6.495816165916551,72.94401167473133,31.423337931713547,223.09017745007432,0.9987797787591433,crossed,1,eb_ic,random,11,6,0.942760220999844,451.3221528988695,59512.88237539523,9237.12694249512,,
7.271469050063293,11.128057765253207,183.82642687157445,66.8501600749941,222.27066583673346,1.818291392100008,crossed,1,eb_ic,random,11,7,1.126349515000129,481.8594610288615,59362.157968293446,9897.611011698913,,
5.452626292143458,4.545068178560641,37.708496633833796,10.767518357247335,224.11456696675037,0.025609737916909125,crossed,1,eb_ic,random,11,8,1.3606463480000457,422.5618689794374,59698.29666826294,9750.395750680702,,
5.8123651283315025,9.981731778895481,153.3003716024324,56.85379983497537,223.09017745007432,0.9987797787591433,crossed,1,eb_ic,random,11,10,1.8335456889999477,469.6950499355594,59429.6998409809,10098.233456476268,,
6.989264597295586,7.154805903913125,44.62275524520092,9.67432161659762,224.11456696675037,0.025609737916909125,crossed,1,eb_ic,random,11,12,2.046516098000211,419.32615300037065,59714.526570694106,9381.034214751904,,
5.321658386196641,3.2667809245503006,9.211336722912215,3.935152820878659,224.11456696675037,0.025609737916909125,crossed,1,eb_ic,random,11,16,2.111428693999642,419.7578175742528,59718.735718724696,9492.424361164372,,
5.210202716731266,7.301245597350261,59.17970466274562,27.305048919990714,223.36334798785458,0.7256092409788835,crossed,1,eb_ic,random,11,20,2.454990637999799,437.03389792497194,59616.72080817489,11387.016140316162,,
4.1694807176163105,4.92530784253664,143.70633354171284,39.5563640117182,,,no_null,0,eb_ic,random,11,30,2.390125915000226,392.882625822559,59907.89343570315,10619.25959676501,,
4.513152926072791,3.201367765826826,22.391434417605577,9.164534037526066,224.31944487008556,0.23048764125209686,crossed,1,eb_ic,random,11,50,3.850311258000147,406.6991723786561,59809.68689876196,10647.593996986756,,
12.526526301651916,13.656238151738123,161.99878194416948,66.96087584784112,222.27066583673346,1.818291392100008,crossed,1,eb_ic,random,12,3,0.32291802300005656,482.9235028859148,59350.248145733894,9766.917094670494,,
6.946986538054475,10.143183018100109,165.5811986877344,61.35749312048352,222.33895847117853,1.7499987576549358,crossed,1,eb_ic,random,12,4,0.7059884090003834,475.5877250573359,59394.64947660069,9687.939862108638,,
8.165515627254349,11.35899246186316,173.5231842607724,65.93120871277203,222.27066583673346,1.818291392100008,crossed,1,eb_ic,random,12,5,0.9005054350000137,481.30511753845167,59367.809415680844,9886.54598716817,,
7.645263462832378,11.0724491236515,162.09960548951742,62.677708196795365,222.33895847117853,1.7499987576549358,crossed,1,eb_ic,random,12,6,1.013415804000033,477.18932664576863,59388.21464905934,10057.399637267226,,
10.566500342817804,6.829499532602656,81.70924871275759,34.63576640435879,223.09017745007432,0.9987797787591433,crossed,1,eb_ic,random,12,7,1.0713175040000351,454.44810880654234,59496.57785361878,9218.37244934299,,
6.2861962399433,11.042435010818359,185.5053383441155,64.98547347002966,222.33895847117853,1.7499987576549358,crossed,1,eb_ic,random,12,8,1.3486771600000793,479.4210817771242,59379.20356052204,9803.535300792746,,
5.832793200719641,10.68596571855017,167.32209620062335,62.10935148209414,222.33895847117853,1.7499987576549358,crossed,1,eb_ic,random,12,10,1.6270159079999758,475.8433987762647,59398.52649916088,10161.853619406527,,
5.686282281669358,6.640816788143172,55.37561818798038,26.135960668749682,223.2950553534095,0.7939018754239555,crossed,1,eb_ic,random,12,12,2.0022216060001483,436.83406126954293,59610.286090942136,10748.667287587248,,
5.348725881870782,4.144268606191999,47.25083119400568,10.677041178025913,224.11456696675037,0.025609737916909125,crossed,1,eb_ic,random,12,16,2.485898059000192,418.9908250174983,59720.80241220236,10074.452230761617,,
5.858380086931748,4.9248577666145374,42.62397818601725,11.741713573505022,224.0462743323053,0.04268289652816293,crossed,1,eb_ic,random,12,20,2.6899868360001165,427.9016938942539,59662.76492071232,9809.890682573001,,
4.886475115142016,4.911615537273742,58.2999144387124,14.03885998170763,224.21700591841795,0.12804868958448878,crossed,1,eb_ic,random,12,30,3.1080956109999534,415.42142067282975,59750.99455936865,11129.347449528941,,
4.023697930973939,2.8281451228504104,22.04632195770308,10.199302059532526,224.31944487008556,0.23048764125209686,crossed,1,eb_ic,random,12,50,3.6004375880002044,397.3598142586092,59873.290001110174,10366.493610096402,,
12.526526301651916,13.656238151738123,161.99878194416948,66.96087584784112,222.27066583673346,1.818291392100008,crossed,1,eb_ic,random,13,3,0.34883217400010835,482.9235028859148,59350.248145733894,9766.917094670494,,
9.420420273524305,11.306101379407432,175.94673795154694,67.49082853282677,222.27066583673346,1.818291392100008,crossed,1,eb_ic,random,13,4,0.6425841240002228,483.1798569349799,59352.734624806144,9725.659701684666,,
7.871813424745527,10.801242325751375,170.65477527228867,64.74309852819762,222.27066583673346,1.818291392100008,crossed,1,eb_ic,random,13,5,0.8531684039999163,479.5989915668202,59373.441211224985,9880.594001021418,,
4.988969762309742,6.551230531428484,56.71313255359591,25.95760394549022,223.36334798785458,0.7256092409788835,crossed,1,eb_ic,random,13,6,0.9526225889999296,436.3986245794125,59618.09714123817,10980.900370773383,,
10.979862707664864,20.815860763648,104.11426195440734,54.44705006498419,223.19261640174193,0.8963408270915352,crossed,1,eb_ic,random,13,7,1.0713529239997115,461.7371027586827,59484.413041783446,13226.994441209836,,
6.589496441109384,9.919618057857758,140.93912341439258,52.65568214840104,223.09017745007432,0.9987797787591433,crossed,1,eb_ic,random,13,8,1.3994393299999501,465.3440718625694,59449.45363818622,10037.166825029395,,
4.9053341866915785,5.04481924114646,44.86794730201943,20.637656068026473,224.11456696675037,0.025609737916909125,crossed,1,eb_ic,random,13,10,1.7788124399999106,427.9903592770114,59673.299317193094,10985.89000990698,,
5.74347706765039,9.607130204640868,131.716608746002,52.666605882934505,223.09017745007432,0.9987797787591433,crossed,1,eb_ic,random,13,12,1.9734436709995862,464.9416859037011,59452.188273100626,10302.187737464774,,
6.043704564350142,11.253017785127636,177.81758135892017,62.72329222736737,222.33895847117853,1.7499987576549358,crossed,1,eb_ic,random,13,16,2.3661301109996202,476.2583651591295,59396.98505487713,10157.057093832758,,
4.602089632961224,5.077823324963928,116.00400514414022,29.520705195341684,224.31944487008556,0.23048764125209686,crossed,1,eb_ic,random,13,20,2.3879655250002543,400.7201522794967,59849.584872198604,10173.75070150971,,
5.1854675400720796,3.722243041754613,14.527177852810222,3.640552773281796,224.21700591841795,0.12804868958448878,crossed,1,eb_ic,random,13,30,3.0211029530000815,412.10705277546504,59766.69600570913,9785.159658804047,,
4.321554816751564,3.4280890319324278,22.534550582447043,10.319572383095037,224.31944487008556,0.23048764125209686,crossed,1,eb_ic,random,13,50,4.048019347999798,397.6954266698008,59869.17999506279,10169.504346416441,,
12.526526301651916,13.656238151738123,161.99878194416948,66.96087584784112,222.27066583673346,1.818291392100008,crossed,1,eb_ic,random,14,3,0.3246498809999139,482.9235028859148,59350.248145733894,9766.917094670494,,
9.787757525006295,11.622337262702459,156.6855839989576,63.20666348253512,222.27066583673346,1.818291392100008,crossed,1,eb_ic,random,14,4,0.6676297530002557,477.89645121431687,59378.96314550842,9920.50236681829,,
5.248959936745431,6.540360403503653,71.0408629890006,32.561530135416085,223.2950553534095,0.7939018754239555,crossed,1,eb_ic,random,14,5,0.8223554679998415,442.93429649091905,59576.26638635022,10476.700510562288,,
7.417680222205325,10.949997774517058,179.113722620993,66.18963551175608,222.27066583673346,1.818291392100008,crossed,1,eb_ic,random,14,6,0.9476135630002318,481.17152894984395,59366.078167608015,9873.686731428594,,
11.274658009757436,8.916072874471311,41.145038174971404,10.821817155867558,223.2950553534095,0.7939018754239555,crossed,1,eb_ic,random,14,7,1.1738761269998577,429.79928735071263,59632.64726343743,8649.44539767938,,
5.840652963524674,9.225141458961197,134.3592085423255,51.60364959535332,223.09017745007432,0.9987797787591433,crossed,1,eb_ic,random,14,8,1.200507362999815,464.06871135783615,59457.88904230939,10093.73964358955,,
5.896123516138506,10.55848674038788,172.97683391652322,62.42950351958574,222.33895847117853,1.7499987576549358,crossed,1,eb_ic,random,14,10,1.5253894439997566,476.24567712442433,59395.19446663742,10093.029662226596,,
5.8801384572063755,9.73261939321326,143.76024394728555,53.98788111435926,223.09017745007432,0.9987797787591433,crossed,1,eb_ic,random,14,12,2.0145091509998565,466.4874669605468,59445.9757048395,10156.844996643471,,
5.888327137161157,8.068775090958496,100.65160433675125,38.872848065044124,223.19261640174193,0.8963408270915352,crossed,1,eb_ic,random,14,16,1.9872088720003376,451.90490171254163,59526.59661652875,10384.946984815797,,
8.056314122069839,9.49804219778348,17.54445274762165,4.00281956037833,224.11456696675037,0.025609737916909125,crossed,1,eb_ic,random,14,20,2.3236735710001994,417.55246957775114,59727.46061327639,8755.77827344989,,
4.631477189425744,4.794417193048722,124.24938351875703,30.247876529223046,224.31944487008556,0.23048764125209686,crossed,1,eb_ic,random,14,30,2.9116768999997475,398.67140483701456,59863.26495522041,10400.569394348042,,
4.239718655634447,5.553619093833369,87.576694220623,36.4495587941835,224.31944487008556,0.23048764125209686,crossed,1,eb_ic,random,14,50,4.219467191000149,406.43870356782844,59813.288211239626,10998.942496362406,,
12.526526301651916,13.656238151738123,161.99878194416948,66.96087584784112,222.27066583673346,1.818291392100008,crossed,1,eb_ic,random,15,3,0.3404574959999991,482.9235028859148,59350.248145733894,9766.917094670494,,
8.761316537917635,10.765634980746093,175.04420896331493,66.32980315308863,222.27066583673346,1.818291392100008,crossed,1,eb_ic,random,15,4,0.7142756619996362,481.3031388782922,59361.05346379219,9638.789105258038,,
7.79082052362936,10.980066948547522,177.04404025956873,66.24283559337566,222.27066583673346,1.818291392100008,crossed,1,eb_ic,random,15,5,0.8400067970001146,481.4206615898723,59365.198389138364,9834.665711746744,,
7.294317812810635,13.453010758378356,84.58277756547396,43.80047239548635,223.19261640174193,0.8963408270915352,crossed,1,eb_ic,random,15,6,1.143886984999881,451.69639140063083,59533.76190119469,12273.174604910024,,
6.162067489342513,8.851233766139902,101.54346787933164,45.74068007929626,223.19261640174193,0.8963408270915352,crossed,1,eb_ic,random,15,7,1.1351182800003699,457.76491585344473,59491.55923771974,10344.639312779445,,
5.282507495780575,5.781411833207759,46.417181163783674,21.961612938591863,223.36334798785458,0.7256092409788835,crossed,1,eb_ic,random,15,8,1.2907666279998011,430.5027985098234,59659.35575725281,11280.292005929497,,
5.991102654463331,10.667568544859687,163.15269655019128,61.36633423193821,222.33895847117853,1.7499987576549358,crossed,1,eb_ic,random,15,10,1.6951017760002287,475.01991386133983,59402.07159830337,10189.539157271196,,
5.479207250283351,8.936332249695871,118.99829651924722,47.70792256112572,223.09017745007432,0.9987797787591433,crossed,1,eb_ic,random,15,12,2.0827560650000123,460.1013380425974,59481.062568161666,10197.235488079168,,
4.9388603060327165,4.829153734437649,103.27341549599369,22.816765332026627,224.31944487008556,0.23048764125209686,crossed,1,eb_ic,random,15,16,2.529087288000028,401.63651709683,59843.284549305194,10525.212728538641,,
4.724034530260572,5.611965633770201,159.23700084263731,43.1986996815445,225.13895648342643,1.0499992545929615,crossed,1,eb_ic,random,15,20,2.697947749999912,388.1510796973583,59944.59213770042,10365.374773514099,,
4.625810192607308,4.490833933691796,116.8069283303414,27.215825532014758,224.31944487008556,0.23048764125209686,crossed,1,eb_ic,random,15,30,2.9196951320000153,400.36811934270787,59849.685466172996,10605.849754967312,,
4.289659038729216,2.6810248728632824,22.19038485435018,7.509881244910107,224.31944487008556,0.23048764125209686,crossed,1,eb_ic,random,15,50,4.104362148999826,400.0428526123115,59852.74764788969,10380.682560045494,,
12.526526301651916,13.656238151738123,161.99878194416948,66.96087584784112,222.27066583673346,1.818291392100008,crossed,1,eb_ic,random,16,3,0.3621599459997924,482.9235028859148,59350.248145733894,9766.917094670494,,
9.085279806884667,11.165976207375918,127.44006219922417,55.07573116967204,223.09017745007432,0.9987797787591433,crossed,1,eb_ic,random,16,4,0.8163445159998446,468.1747905957631,59429.94744332057,10106.451989724945,,
10.87337282415401,14.67703850839599,44.160239781653296,29.081600833316635,223.36334798785458,0.7256092409788835,crossed,1,eb_ic,random,16,5,1.0483496559995729,437.02113864667075,59613.15532625989,11263.160966948115,,
6.647588460026736,9.688337686967865,135.29305964994288,54.852603291210265,223.09017745007432,0.9987797787591433,crossed,1,eb_ic,random,16,6,1.1611675689996446,467.7122425170763,59435.48603572622,10115.534608164238,,
10.35137674920431,18.922283681597886,91.7319316650124,48.910839721149415,223.19261640174193,0.8963408270915352,crossed,1,eb_ic,random,16,7,1.2150721689999955,455.63200191093887,59522.350454554005,13298.978665455723,,
6.3207971028456384,9.691883834573973,129.36009569483187,53.223707357841555,223.09017745007432,0.9987797787591433,crossed,1,eb_ic,random,16,8,1.345148725999934,465.6483688769278,59447.71918601621,10204.819941057634,,
5.504914744589386,8.635858384060416,116.29821527517004,46.980090318622416,223.19261640174193,0.8963408270915352,crossed,1,eb_ic,random,16,10,1.9118585259998326,459.413824777568,59484.0017260524,10225.479163773765,,
5.1038763088263135,8.405145744594273,107.09815495791351,45.46360599929052,223.19261640174193,0.8963408270915352,crossed,1,eb_ic,random,16,12,2.182717190999938,457.6620723317258,59494.864002574126,10338.991259469962,,
5.226708027608241,4.245846664936343,60.48386186518292,11.213566367574476,224.21700591841795,0.12804868958448878,crossed,1,eb_ic,random,16,16,2.513144050000392,414.99472827868885,59750.29215896934,10091.109186911852,,
5.575745985080626,7.569783750710197,77.08037750149866,18.08813471766729,224.21700591841795,0.12804868958448878,crossed,1,eb_ic,random,16,20,2.6746135700000195,409.22007813824865,59795.50440965866,11538.977496809524,,
4.2773427267685395,4.274710235300802,41.13673456163799,13.668953832246716,224.11456696675037,0.025609737916909125,crossed,1,eb_ic,random,16,30,3.051822476000325,422.6335471260957,59705.537407671814,10638.974326576708,,
4.307836291840949,7.368958734175067,171.3834382779106,64.44584000166019,225.13895648342643,1.0499992545929615,crossed,1,eb_ic,random,16,50,3.532868528000108,386.34296608067797,59954.86063349606,10731.195558192903,,
12.526526301651916,13.656238151738123,161.99878194416948,66.96087584784112,222.27066583673346,1.818291392100008,crossed,1,eb_ic,random,17,3,0.38956773000018075,482.9235028859148,59350.248145733894,9766.917094670494,,
9.453395678688166,11.212188751882675,165.39025043704277,65.04473968345995,222.27066583673346,1.818291392100008,crossed,1,eb_ic,random,17,4,0.7053820300002371,480.01357946171777,59368.07041535217,9812.585162435606,,
8.051334270961936,14.001529048519345,72.89246372341043,39.428733635255256,223.19261640174193,0.8963408270915352,crossed,1,eb_ic,random,17,5,0.9184067189999041,446.22916560831635,59566.38023205329,12724.361383621945,,
6.691415346832317,10.377270885674845,167.818981333398,60.57502268686012,222.33895847117853,1.7499987576549358,crossed,1,eb_ic,random,17,6,1.1518322800002352,474.53978593866145,59400.17469175483,9875.18471580981,,
6.540015619779131,10.622685465679444,172.11582168695966,63.74559355236602,222.33895847117853,1.7499987576549358,crossed,1,eb_ic,random,17,7,1.2111380559999816,478.23770853393546,59383.59139469762,10035.728839955778,,
6.096959740564191,10.204769926198745,152.6535461570167,58.84888049521866,223.02188481562925,1.0670724132042153,crossed,1,eb_ic,random,17,8,1.4721800029997212,472.1443796943387,59415.49692727248,10170.4434479994,,
8.64609445071062,7.752043154195416,38.74724287794747,9.288061368400154,224.0462743323053,0.04268289652816293,crossed,1,eb_ic,random,17,10,1.6826920299999983,427.3371119291288,59657.26073680929,8933.932917976488,,
5.219882050585978,5.98667822749897,52.336503506626265,24.385280169106537,223.36334798785458,0.7256092409788835,crossed,1,eb_ic,random,17,12,2.1376004570001896,434.77081883472954,59622.92648131123,10789.38915580414,,
4.640920380780325,5.301480063306626,49.8365569048665,22.06270972992131,223.36334798785458,0.7256092409788835,crossed,1,eb_ic,random,17,16,2.232320842000263,431.9165717930509,59644.23585579315,10682.15918192071,,
4.905057599738808,4.05608428429235,56.74558943449664,13.245111417540627,224.21700591841795,0.12804868958448878,crossed,1,eb_ic,random,17,20,2.542250256999978,416.10820462903644,59744.85639961634,10726.875684800387,,
4.602521996247271,2.6835237526604665,14.304304643673593,3.815758751219462,224.21700591841795,0.12804868958448878,crossed,1,eb_ic,random,17,30,2.990309586999956,412.439295180174,59769.39507447876,10188.907121352619,,
5.295635831633094,4.322127102009989,42.20684186003333,12.83102151987714,224.11456696675037,0.025609737916909125,crossed,1,eb_ic,random,17,50,3.3004243979999046,424.05591907574336,59691.92551842138,10408.089653668247,,
12.526526301651916,13.656238151738123,161.99878194416948,66.96087584784112,222.27066583673346,1.818291392100008,crossed,1,eb_ic,random,18,3,0.3473048830001062,482.9235028859148,59350.248145733894,9766.917094670494,,
10.0910503908016,11.762616478373227,143.21406590539266,59.97938417941948,222.33895847117853,1.7499987576549358,crossed,1,eb_ic,random,18,4,0.7475535109997509,473.94671036670326,59397.410069276346,10013.939764104683,,
8.089330759694423,11.361039879950761,175.20256825551,66.30899037017177,222.27066583673346,1.818291392100008,crossed,1,eb_ic,random,18,5,0.867197097999906,481.743587189126,59365.07444414876,9929.391712445316,,
5.298579486341197,6.807129844930623,86.51759985650182,33.21139963559324,223.2950553534095,0.7939018754239555,crossed,1,eb_ic,random,18,6,1.1541454739999608,446.78801997811325,59554.154965598005,10195.48209236388,,
6.465219932103336,9.529976280240469,126.7405465474487,52.62112739303018,223.09017745007432,0.9987797787591433,crossed,1,eb_ic,random,18,7,1.3510426480002025,465.00963737988894,59449.82621243897,10231.952683062558,,
9.56109497642412,18.10519394633561,91.8684894424466,49.33954642045445,223.19261640174193,0.8963408270915352,crossed,1,eb_ic,random,18,8,1.5744576770002823,456.3912168094456,59514.2347072397,12889.348476470375,,
6.090237504410337,10.117609561980359,147.72915973069397,57.39290062066821,223.09017745007432,0.9987797787591433,crossed,1,eb_ic,random,18,10,1.7633243510003922,470.40690643544656,59423.435179169646,10259.671301729364,,
4.829605625181147,4.989648569517549,43.722146754399645,19.876753142780903,,,no_null,0,eb_ic,random,18,12,2.1093944250001186,428.7956351921306,59663.769134609196,10802.613816119147,,
4.5979117318599725,3.300281399081432,12.425762569684347,6.0412293782134086,224.21700591841795,0.12804868958448878,crossed,1,eb_ic,random,18,16,2.220277071000055,416.72300888919193,59738.31121027986,10186.200168144374,,
5.835945083550573,6.208711543616867,55.966546651711504,20.95460552025822,223.2950553534095,0.7939018754239555,crossed,1,eb_ic,random,18,20,2.496826511999643,441.180792614728,59582.72154871911,10045.7075668838,,
6.495604467172911,6.504655865288213,38.919367647958325,8.299666684826404,224.11456696675037,0.025609737916909125,crossed,1,eb_ic,random,18,30,2.898514301999967,424.5589982038549,59684.184281374066,9615.49276976235,,
4.411156987168596,4.076755248214446,52.344481832174914,14.550522114093074,224.21700591841795,0.12804868958448878,crossed,1,eb_ic,random,18,50,3.616875187000005,417.0602251584585,59738.450482451546,10639.93586638929,,
12.526526301651916,13.656238151738123,161.99878194416948,66.96087584784112,222.27066583673346,1.818291392100008,crossed,1,eb_ic,random,19,3,0.3722662989998753,482.9235028859148,59350.248145733894,9766.917094670494,,
10.0910503908016,11.762616478373227,143.21406590539266,59.97938417941948,222.33895847117853,1.7499987576549358,crossed,1,eb_ic,random,19,4,0.7426999660001457,473.94671036670326,59397.410069276346,10013.939764104683,,
8.139154250547513,11.029442490159656,152.76767710509483,60.74962908647623,222.33895847117853,1.7499987576549358,crossed,1,eb_ic,random,19,5,0.8230216199999631,474.9676391639654,59398.1595386447,10043.92527030574,,
7.108494247889793,10.407104094706165,151.05066019339665,59.31255028990301,,,no_null,0,eb_ic,random,19,6,0.9742209880000701,473.02059757821485,59408.43615720521,10103.758181283956,,
9.186490874473597,11.529790971930213,33.67792385642568,11.038986268254801,224.11456696675037,0.025609737916909125,crossed,1,eb_ic,random,19,7,1.1347160390000681,422.73584665420265,59691.45473536949,8731.121871268288,,
9.968620162536254,19.174656842099644,100.04198170640768,52.65573464303266,223.19261640174193,0.8963408270915352,crossed,1,eb_ic,random,19,8,1.2838938660001986,459.74357955251565,59490.66591686453,12872.059320265042,,
8.16571743932841,12.43244186078845,76.39643693199338,19.228283864207032,224.21700591841795,0.12804868958448878,crossed,1,eb_ic,random,19,10,1.6375213189999158,408.21249292488096,59808.483230148384,12197.596844590882,,
6.139938609649411,11.358798218701564,186.67383299336046,65.37848983659521,222.33895847117853,1.7499987576549358,crossed,1,eb_ic,random,19,12,2.0248058880001736,479.6296817990355,59379.41222792155,9979.013328239284,,
5.178234714761051,7.757126118944655,99.84932776125794,39.60137654197197,223.19261640174193,0.8963408270915352,crossed,1,eb_ic,random,19,16,2.2741642799996953,452.3261098903593,59525.76182442975,10432.899219646608,,
5.056224084306323,4.162775865238524,76.68266627531408,12.857398045398197,224.21700591841795,0.12804868958448878,crossed,1,eb_ic,random,19,20,2.463612875999843,410.0335409155683,59782.22996130213,9973.117259747478,,
5.52718667705167,5.6187675920718405,70.53427178999118,13.935455061878956,224.21700591841795,0.12804868958448878,crossed,1,eb_ic,random,19,30,2.672611742999834,412.0349705422126,59771.86625130439,9837.58274678125,,
4.796675093471084,3.9592035059757933,78.70502019766964,17.567736167398028,224.21700591841795,0.12804868958448878,crossed,1,eb_ic,random,19,50,3.4365381880002133,409.60078697191346,59788.033020321025,10143.71906192391,,
12.526526301651916,13.656238151738123,161.99878194416948,66.96087584784112,222.27066583673346,1.818291392100008,crossed,1,eb_ic,random,20,3,0.3651346619999458,482.9235028859148,59350.248145733894,9766.917094670494,,
9.55828921019991,11.684993339310052,114.61779924311347,52.29074557485558,223.09017745007432,0.9987797787591433,crossed,1,eb_ic,random,20,4,0.7639436069998737,464.7139357392085,59448.0821382786,10174.759950528229,,
8.145856374770128,10.980284451452837,180.7348637551327,67.11129485943955,222.27066583673346,1.818291392100008,crossed,1,eb_ic,random,20,5,0.9216534639999736,482.27641047607864,59357.66752209367,9756.912659770642,,
6.32020263038662,10.34295259528644,170.2562769173919,61.6904998049569,222.33895847117853,1.7499987576549358,crossed,1,eb_ic,random,20,6,1.0626363400001537,475.7392100994637,59396.08185923539,9851.25230323339,,
6.077441750222484,10.553143603470422,174.12940970448105,63.20489579609446,222.33895847117853,1.7499987576549358,crossed,1,eb_ic,random,20,7,1.0999206770002274,477.36771348461025,59390.25427427163,9860.24514329077,,
6.339469147754369,10.487148690284382,156.13365459922224,56.38329208220861,223.09017745007432,0.9987797787591433,crossed,1,eb_ic,random,20,8,1.2262211980000757,469.23089544672035,59432.912656376386,9937.432592766141,,
5.932076446614239,7.824646446261091,65.99236735186147,30.42046322684473,223.2950553534095,0.7939018754239555,crossed,1,eb_ic,random,20,10,1.6228600879999249,439.63294536695594,59603.62220912318,11765.748141990969,,
5.1458395326358435,7.098602346069277,87.3963927793591,37.77006125584439,223.19261640174193,0.8963408270915352,crossed,1,eb_ic,random,20,12,2.0591035100001136,447.9881759745935,59546.735732143374,10472.486838266841,,
6.267659847642651,5.953703310575278,36.17784769497334,7.966285970483693,224.11456696675037,0.025609737916909125,crossed,1,eb_ic,random,20,16,2.1348918740000045,424.81734347575593,59681.53951683113,9525.020961165666,,
5.377280131340453,3.7508548472471537,85.72460650486508,19.157305771910394,224.31944487008556,0.23048764125209686,crossed,1,eb_ic,random,20,20,2.459515891999672,405.3086566165251,59824.894673821094,10015.433623249302,,
6.078515583795742,5.325727313370661,42.279276739048385,11.677009179300205,224.0462743323053,0.04268289652816293,crossed,1,eb_ic,random,20,30,2.946698480000123,427.6601099546163,59663.811858697576,9927.093302146177,,
4.472292205579894,3.2121984740847793,25.14213560799397,8.215026747281085,224.31944487008556,0.23048764125209686,crossed,1,eb_ic,random,20,50,3.8816511959998934,406.3097895745691,59809.01679883773,10260.910470992627,,
12.526526301651916,13.656238151738123,161.99878194416948,66.96087584784112,222.27066583673346,1.818291392100008,crossed,1,eb_ic,random,21,3,0.37081451199992443,482.9235028859148,59350.248145733894,9766.917094670494,,
8.897821457528906,10.828064453255076,176.0397128835166,66.71968624983293,222.27066583673346,1.818291392100008,crossed,1,eb_ic,random,21,4,0.7172022849999848,481.77789692177794,59357.966558834676,9655.735350464513,,
8.24782349726097,11.201685586926402,189.57736281901475,69.20336257829088,222.27066583673346,1.818291392100008,crossed,1,eb_ic,random,21,5,0.868679277999945,485.310367795028,59345.04808012695,9593.191526696162,,
8.068840412805008,11.73885403022775,204.92528542919746,72.4072072812991,222.27066583673346,1.818291392100008,crossed,1,eb_ic,random,21,6,1.0313948180000807,489.4881822963232,59325.67884754394,9549.96619880253,,
6.686234451976936,10.85169986175778,173.33784013120314,64.54877664200724,222.33895847117853,1.7499987576549358,crossed,1,eb_ic,random,21,7,1.2511265859998275,479.21556106911044,59379.82666782388,10023.992978181139,,
5.039607955722195,4.791094906488662,45.35550643511071,19.825698972466064,223.36334798785458,0.7256092409788835,crossed,1,eb_ic,random,21,8,1.5051272850000714,429.2886172096203,59659.549718366114,10718.76295771067,,
5.556220451626929,4.7844639147475325,36.2980897732219,17.27942434216501,223.2950553534095,0.7939018754239555,crossed,1,eb_ic,random,21,10,1.3935188840000592,435.9416910823028,59615.04548922521,9848.804188031763,,
5.283586436461681,5.219140682694847,76.17720704997133,13.379758493344912,224.21700591841795,0.12804868958448878,crossed,1,eb_ic,random,21,12,1.6726249620001,410.1015628621688,59782.70418957257,9735.904243131752,,
5.995395187456749,10.0586919598941,143.4472500469868,54.01540806403881,223.09017745007432,0.9987797787591433,crossed,1,eb_ic,random,21,16,1.9418249069999547,466.4177450272834,59446.30753582335,10266.199954086123,,
5.601125550098349,5.724523618468522,63.0624675344439,23.773897783977326,223.36334798785458,0.7256092409788835,crossed,1,eb_ic,random,21,20,2.3773791559997335,435.98799507814607,59619.08877763371,10471.554201159672,,
4.682072573681462,3.7513309449210177,56.09240096276115,12.719502910125502,224.21700591841795,0.12804868958448878,crossed,1,eb_ic,random,21,30,2.9972538259999055,416.1308971333053,59744.27381641539,10465.714479252489,,
4.337825297756848,5.060380625847643,105.50940547357115,45.77081365994937,224.31944487008556,0.23048764125209686,crossed,1,eb_ic,random,21,50,3.9393610609999996,402.50171694807483,59839.47284682063,10659.795194887956,,
12.526526301651916,13.656238151738123,161.99878194416948,66.96087584784112,222.27066583673346,1.818291392100008,crossed,1,eb_ic,random,22,3,0.36945972799958327,482.9235028859148,59350.248145733894,9766.917094670494,,
9.41010443212216,11.077933244467662,176.72549791760036,67.53915718588819,222.27066583673346,1.818291392100008,crossed,1,eb_ic,random,22,4,0.8186959059999026,483.02892398996147,59351.609861526355,9674.981705338234,,
7.433764399633751,10.493888214600206,168.03193465230996,63.38800513143853,222.33895847117853,1.7499987576549358,crossed,1,eb_ic,random,22,5,0.9899211800002377,477.9100196194187,59381.687642522455,9886.79123390396,,
8.600971679715123,15.809612849193968,80.21190499931771,44.136457708097915,223.19261640174193,0.8963408270915352,crossed,1,eb_ic,random,22,6,1.0558048129996678,450.89889806473093,59540.399633245164,12801.747457683095,,
6.9964704326629406,12.01315426378691,193.43999627772155,66.25775402265016,222.27066583673346,1.818291392100008,crossed,1,eb_ic,random,22,7,1.1970401429998674,480.84386194276925,59371.0866576871,9640.387288028907,,
9.048788413508255,11.858303309263803,55.2205119758553,13.846624534969932,224.11456696675037,0.025609737916909125,crossed,1,eb_ic,random,22,8,1.467338146000202,416.39080476824904,59733.02806268865,8938.605388921962,,
7.895161751620336,8.338997986786364,39.57147731677044,7.322006277025024,224.11456696675037,0.025609737916909125,crossed,1,eb_ic,random,22,10,1.4867243339999732,425.7347084047698,59672.51303390642,9181.106168248609,,
5.631888970577719,7.172020421301534,75.84242779214586,16.319523783293274,224.21700591841795,0.12804868958448878,crossed,1,eb_ic,random,22,12,2.0079406310001104,409.9516067199602,59791.60149665763,11592.800949916129,,
4.910392550510572,5.262102289787144,47.20911920747901,21.26109747550327,223.36334798785458,0.7256092409788835,crossed,1,eb_ic,random,22,16,2.2780608749999374,430.54910660208276,59653.81426980675,10905.601194155694,,
5.169924306809087,5.373795224780975,101.40565594107007,21.1481253692015,224.31944487008556,0.23048764125209686,crossed,1,eb_ic,random,22,20,2.445577697000317,404.49292040747076,59820.37293842981,10113.44074799441,,
4.395466485500856,4.636241121956171,103.0925808927407,26.70762389686337,224.31944487008556,0.23048764125209686,crossed,1,eb_ic,random,22,30,2.9752051840000604,403.2973865754682,59830.18331531268,10843.389889829192,,
4.073706519850303,3.5859837294501733,45.319599424968125,18.758342069079173,224.38773750453063,0.2987802756971689,crossed,1,eb_ic,random,22,50,3.7371170709998296,393.65853753402547,59901.47568509787,10567.776578305433,,
12.526526301651916,13.656238151738123,161.99878194416948,66.96087584784112,222.27066583673346,1.818291392100008,crossed,1,eb_ic,random,23,3,0.37828105000016876,482.9235028859148,59350.248145733894,9766.917094670494,,
9.420420273524305,11.306101379407432,175.94673795154694,67.49082853282677,222.27066583673346,1.818291392100008,crossed,1,eb_ic,random,23,4,0.7788759109998864,483.1798569349799,59352.734624806144,9725.659701684666,,
7.381697856231658,9.338397928377077,105.6828721386297,47.75083620893671,223.09017745007432,0.9987797787591433,crossed,1,eb_ic,random,23,5,0.9858021740001277,459.91680462991536,59475.25732978253,10284.904348176748,,
7.399392824300202,10.250857597512509,144.72451734165452,57.84102660926661,223.02188481562925,1.0670724132042153,crossed,1,eb_ic,random,23,6,1.256813109000177,471.3579729698967,59415.22929424422,10125.684382405718,,
6.543658309223717,10.787183367335722,175.39979533340363,64.66639090951183,222.33895847117853,1.7499987576549358,crossed,1,eb_ic,random,23,7,1.3397253769999224,479.3403018360562,59378.650029959135,10020.21801061618,,
5.373994677512271,7.918844189696192,99.05563822537793,42.39385089443383,223.19261640174193,0.8963408270915352,crossed,1,eb_ic,random,23,8,1.2772376550001354,454.7929876188721,59508.465342819545,10300.807244405365,,
5.335905325689823,8.58697898562008,113.33963366026525,47.2674601943508,223.19261640174193,0.8963408270915352,crossed,1,eb_ic,random,23,10,1.5773749089999,459.50940090377316,59483.252077685625,10282.778173529348,,
6.2325557735749255,11.211958136419621,86.99157044205388,43.32562679298603,223.19261640174193,0.8963408270915352,crossed,1,eb_ic,random,23,12,1.7740269689998058,451.75586115909897,59530.11712783203,11781.85080178898,,
6.519106179098508,11.349736190533228,83.65552783036895,41.87615079811867,223.19261640174193,0.8963408270915352,crossed,1,eb_ic,random,23,16,2.2125096400000075,449.6740148237942,59543.556304005004,12096.816806030565,,
5.2397163396942075,4.624035171257396,39.74467737049878,14.904036317237468,223.36334798785458,0.7256092409788835,crossed,1,eb_ic,random,23,20,2.4417130960000577,431.063737669252,59647.59069315099,10075.793205240378,,
4.456520779063676,4.838011701843305,124.58415543859742,32.51093161675925,224.31944487008556,0.23048764125209686,crossed,1,eb_ic,random,23,30,2.670876540000336,398.09591154725393,59868.80973611645,10580.89046482499,,
4.227180502085039,4.583417572640139,95.154435660101,27.45751377593449,224.31944487008556,0.23048764125209686,crossed,1,eb_ic,random,23,50,3.2503239369998482,404.97257788117247,59821.158936205626,10436.850542428783,,
12.526526301651916,13.656238151738123,161.99878194416948,66.96087584784112,222.27066583673346,1.818291392100008,crossed,1,eb_ic,maxvar,0,3,0.3463279689999581,482.9235028859148,59350.248145733894,9766.917094670494,,
9.22380137164458,11.318825052076145,182.53828047830595,68.75310278639485,222.27066583673346,1.818291392100008,crossed,1,eb_ic,maxvar,0,4,0.6908848560001388,484.89034876747183,59345.11977560445,9661.963793898045,,
8.129134295446807,11.117224741513244,187.80006547052471,68.65131930297117,222.27066583673346,1.818291392100008,crossed,1,eb_ic,maxvar,0,5,0.8600715419997869,484.5676145107077,59349.00792195381,9590.894489468646,,
6.585970696587859,10.915539313481572,184.68294661394776,66.17711420870158,222.27066583673346,1.818291392100008,crossed,1,eb_ic,maxvar,0,6,1.013252656000077,481.1041482567268,59369.35821907875,9809.170816553938,,
6.184617311140761,10.479487391474978,169.45045929490303,62.74895251332624,222.33895847117853,1.7499987576549358,crossed,1,eb_ic,maxvar,0,7,1.162365697000041,476.8870957919616,59391.68114054192,10010.444811060366,,
7.7928462242833545,6.282326237252726,69.40988048080511,28.75206415656938,223.19261640174193,0.8963408270915352,crossed,1,eb_ic,maxvar,0,8,1.284581008999794,448.61416137547207,59534.15244655789,9583.697394545803,,
6.825799891876203,6.3099770044548125,68.25277771831992,26.809299514222108,223.19261640174193,0.8963408270915352,crossed,1,eb_ic,maxvar,0,10,1.5612136159998045,447.1432402225189,59544.248806936346,9707.571016824155,,
9.573966877129445,10.957068472699339,20.19425568515931,3.84014352176846,223.36334798785458,0.7256092409788835,crossed,1,eb_ic,maxvar,0,12,1.7616592650001621,429.7597961035639,59644.54575113124,8869.93776349861,,
7.852487016508281,8.056172274768688,16.63975247908589,4.86490241315969,223.36334798785458,0.7256092409788835,crossed,1,eb_ic,maxvar,0,16,2.073704981999981,429.3392956162679,59649.70773975189,9233.581079408035,,
8.142233829118355,9.51148761900436,18.103125016773713,3.036283968783381,224.11456696675037,0.025609737916909125,crossed,1,eb_ic,maxvar,0,20,2.4372110590002194,420.98721825567594,59705.322337552,8979.969310568926,,
5.451582090538753,4.970721171438461,11.254155715308896,2.5377408118010885,224.21700591841795,0.12804868958448878,crossed,1,eb_ic,maxvar,0,30,2.980088324999997,412.5707687396752,59766.46367164391,9522.352020860322,,
4.038928783734894,2.0914837226717267,5.529478672709367,,224.31944487008556,0.23048764125209686,crossed,1,eb_ic,maxvar,0,50,4.213510116999714,402.2035289306119,59841.33967575155,10313.108158498786,,
12.526526301651916,13.656238151738123,161.99878194416948,66.96087584784112,222.27066583673346,1.818291392100008,crossed,1,eb_ic_gp,equispaced,0,3,0.35318211699996027,482.9235028859148,59350.248145733894,9766.917094670494,,
9.620619413494182,10.876198587462804,143.2363412651553,59.44856874040525,,,no_null,0,eb_ic_gp,equispaced,0,4,0.7832611310000175,473.17746777378954,59399.77977974538,9986.913964230576,,
3.2959706924229484,7.878182311382343,68.66383135409848,53.55516128403912,221.83680674731772,2.2521504815157414,crossed,1,eb_ic_gp,equispaced,0,5,0.9966690960000051,477.9100196194187,59381.687642522455,9886.79123390396,,8.0
2.545321926253745,6.920886081017784,63.16929873447877,49.56507428566921,221.88367424154472,2.20528298728874,crossed,1,eb_ic_gp,equispaced,0,6,1.1531483750000007,472.9852379111254,59406.92361084974,10011.537398774593,,8.0
2.7667901311263043,6.483317815385645,64.21104100106038,48.721049099640254,221.88367424154472,2.20528298728874,crossed,1,eb_ic_gp,equispaced,0,7,1.3109343979999721,472.91543142585857,59407.26709504279,10036.0303744925,,8.0
2.2519149132024063,5.822191358754523,62.472952048409006,44.63316998516586,223.553049750202,0.5359074786314579,crossed,1,eb_ic_gp,equispaced,0,8,1.5036307450000095,470.0634704017132,59425.78945237209,10081.481744816836,,8.0
2.032714319413087,4.756933863476623,54.365181494728844,34.92661103383066,223.52133841082454,0.5676188180089241,crossed,1,eb_ic_gp,equispaced,0,10,1.925900570000067,460.4863538832172,59477.687095939364,10186.619893076006,,8.0
1.9606361346850096,3.189534598518949,43.80096772891922,21.7735250866557,223.48130799280517,0.6076492360282941,crossed,1,eb_ic_gp,equispaced,0,12,2.301849935000064,443.8383935619593,59570.49094423368,10437.533683828027,,8.0
1.6604331360135385,2.3629436421373113,56.478506599520884,16.12196835304222,224.42188382175317,0.33292659291970494,crossed,1,eb_ic_gp,equispaced,0,16,2.5221317700002146,434.9298770267338,59625.57086226517,11265.205892769625,,8.0
1.5582341601223764,2.1733974918349914,57.708155784502814,13.575087180601347,224.31944487008556,0.23048764125209686,crossed,1,eb_ic_gp,equispaced,0,20,2.6671426359998804,431.6364002437799,59645.833236959115,10688.034136993032,,8.0
1.473807959630809,3.6783726889116415,162.7022446654119,28.84055373441125,224.42188382175317,0.33292659291970494,crossed,1,eb_ic_gp,equispaced,0,30,3.273936942000091,402.3041202820064,59836.122557395465,10258.626025553931,,8.0
1.4442577925823452,1.9150375547384346,32.10647019462764,12.092023563684226,224.2374937087515,0.14853647991802177,crossed,1,eb_ic_gp,equispaced,0,50,4.4670013980003205,399.893708897739,59855.23528306208,10566.509987810676,,4.0
12.526526301651916,13.656238151738123,161.99878194416948,66.96087584784112,222.27066583673346,1.818291392100008,crossed,1,eb_ic_gp,dopt_lowrank,0,3,0.33201280000002953,482.9235028859148,59350.248145733894,9766.917094670494,,
9.085279806884667,11.165976207375918,127.44006219922417,55.07573116967204,223.09017745007432,0.9987797787591433,crossed,1,eb_ic_gp,dopt_lowrank,0,4,0.6631595860003472,468.1747905957631,59429.94744332057,10106.451989724945,,
3.907046182150861,9.350058299347948,69.03121292936024,54.54626272473776,221.83680674731772,2.2521504815157414,crossed,1,eb_ic_gp,dopt_lowrank,0,5,0.8398667229998864,477.7668074432425,59383.2251334196,9905.930628546465,,15.0
4.026207240606783,7.350438001682689,58.10374484215893,45.077922145793536,222.8084703329884,1.2804868958450584,crossed,1,eb_ic_gp,dopt_lowrank,0,6,0.9738486630003536,449.2049436787297,59525.17920006368,9433.59887274904,,8.0
3.6475464785377976,6.830238599450067,52.22623561258545,41.01320980141177,222.86119626399378,1.227760964839689,crossed,1,eb_ic_gp,dopt_lowrank,0,7,1.130691281000054,445.01586896902654,59552.28866362624,9589.188180139716,,8.0
3.7508515387875834,7.178817514558808,43.69238657048263,33.17178455262564,222.86119626399378,1.227760964839689,crossed,1,eb_ic_gp,dopt_lowrank,0,8,1.2676718220000112,443.48409177751955,59563.06489043086,9676.831902913342,,15.0
3.3070819787625974,6.347167584426599,47.27709467424753,37.63575083347863,222.86119626399378,1.227760964839689,crossed,1,eb_ic_gp,dopt_lowrank,0,10,1.7380557280002904,442.0809713873058,59572.78682256431,9787.53229337275,,8.0
3.6486278132659824,5.450054160500071,28.141797849273214,25.780789965620844,223.94120874085135,0.14774848798211337,crossed,1,eb_ic_gp,dopt_lowrank,0,12,1.9088682280003013,429.29231204483824,59646.58814968156,8872.70608276991,,8.0
3.6800844248542224,3.3080520774699815,15.805451520227459,11.047748957128752,224.16009538971375,0.07113816088028102,crossed,1,eb_ic_gp,dopt_lowrank,0,16,2.09656576999987,421.36558710993756,59701.122071592195,8657.184110111204,,8.0
3.5766981263435484,2.6897997876908817,12.129557825183689,10.862011357151465,224.26356907826687,0.17461184943340413,crossed,1,eb_ic_gp,dopt_lowrank,0,20,2.421906695999951,415.2762109329409,59745.55521770254,8921.57637079975,,8.0
3.3223030399805813,4.068978356743775,26.355906539994212,19.44129239042491,224.26356907826687,0.17461184943340413,crossed,1,eb_ic_gp,dopt_lowrank,0,30,2.9894177969999873,412.6962577763796,59765.659586372945,9536.4576906706,,4.0
2.6906849118672325,2.317720108226456,12.305428594866491,,224.31944487008556,0.23048764125209686,crossed,1,eb_ic_gp,dopt_lowrank,0,50,3.6765004610001597,402.56686757669894,59838.84516232501,10307.494564206016,,4.0
12.526526301651916,13.656238151738123,161.99878194416948,66.96087584784112,222.27066583673346,1.818291392100008,crossed,1,eb_ic_gp,random,0,3,0.34273324800005867,482.9235028859148,59350.248145733894,9766.917094670494,,
9.462948291483718,11.56421978299534,133.6665318852327,56.90603312989605,223.02188481562925,1.0670724132042153,crossed,1,eb_ic_gp,random,0,4,0.7087386650000553,470.4746067428764,59418.084316502434,10064.381362535843,,
4.76478658050542,9.66154245400466,70.98284468356178,55.343471560968815,221.83680674731772,2.2521504815157414,crossed,1,eb_ic_gp,random,0,5,0.8720370840001124,480.43888894534683,59370.59528256678,9914.968988684299,,8.0
4.636628530725328,8.905174710329245,57.436056761149445,46.30538042626756,221.88367424154472,2.20528298728874,crossed,1,eb_ic_gp,random,0,6,0.9862351579999995,466.82861946852023,59440.394953336734,10192.492633715261,,8.0
4.106473867302635,9.124032440974393,74.36807886384022,56.357367055975146,221.83680674731772,2.2521504815157414,crossed,1,eb_ic_gp,random,0,7,1.1535445479998998,482.74046176745446,59360.43617938792,9878.971229594583,,8.0
6.567269636930383,10.790409301579453,45.794900614588045,23.2820830719014,224.16009538971375,0.07113816088028102,crossed,1,eb_ic_gp,random,0,8,1.1457699300003696,429.3473677291631,59644.658116643375,8246.63778733478,,8.0
2.3899111083441933,5.356192679529098,52.51591667849825,37.0216149572425,223.5386939411595,0.550263287673971,crossed,1,eb_ic_gp,random,0,10,1.6751820260001296,460.54811494330545,59476.39406050381,10267.76339483744,,8.0
2.5443447546696856,2.710003957878268,59.270081895736915,16.739158278908047,224.31944487008556,0.23048764125209686,crossed,1,eb_ic_gp,random,0,12,1.9747800240002107,436.1160366702484,59620.46600223617,10873.787474954654,,8.0
3.7011497549578865,8.212847429040767,54.35757044895077,43.81811560168521,221.88367424154472,2.20528298728874,crossed,1,eb_ic_gp,random,0,16,2.093653533000179,464.4589197251885,59458.37248611156,10338.37402055102,,8.0
1.7232487971716688,1.926424650983843,17.977024785716356,11.073558279673067,224.42188382175317,0.33292659291970494,crossed,1,eb_ic_gp,random,0,20,2.292659364999963,415.70401479989295,59744.70345352466,10296.614400283499,,8.0
1.7920335703126644,2.778746313406637,62.156536432897404,18.642495611784277,224.49726342769728,0.40830619886381214,crossed,1,eb_ic_gp,random,0,30,2.821143624999877,436.5941712848739,59614.44610892777,10504.734130984709,,8.0
1.555122783006696,4.585870616808998,165.44312814387735,37.990689265148745,224.30531535951073,0.21635813067726417,crossed,1,eb_ic_gp,random,0,50,3.6291808689998106,395.4014394695814,59885.614893339916,10452.399799561677,,4.0
12.526526301651916,13.656238151738123,161.99878194416948,66.96087584784112,222.27066583673346,1.818291392100008,crossed,1,eb_ic_gp,random,1,3,0.33628510799962896,482.9235028859148,59350.248145733894,9766.917094670494,,
9.343072145105252,11.27954023375722,115.22923848577503,52.16015929488679,223.09017745007432,0.9987797787591433,crossed,1,eb_ic_gp,random,1,4,0.6644401429998652,464.6198763238515,59447.393858668154,10199.085382549487,,
4.801685279613009,9.800527454067868,69.3978202934721,54.64505544365566,221.83680674731772,2.2521504815157414,crossed,1,eb_ic_gp,random,1,5,0.8390225580001243,479.27071361292957,59376.44266759624,9928.302501493614,,8.0
6.777227463217316,6.223958686674331,17.705380538040195,15.102282164825317,222.8852995467391,1.2036576820943594,crossed,1,eb_ic_gp,random,1,6,0.9075404019999951,429.58571656964335,59635.52772092305,8506.62641047887,,30.0
3.645246637270852,8.550025494579932,66.828089385867,52.83968534554327,221.88367424154472,2.20528298728874,crossed,1,eb_ic_gp,random,1,7,1.0924725929999113,477.11325447011006,59389.76289360419,10044.879013620948,,8.0
2.8998321377312974,7.791477379315446,65.77521434737963,51.83128208469303,221.88367424154472,2.20528298728874,crossed,1,eb_ic_gp,random,1,8,1.2827228209998793,475.9710921856451,59395.373703918594,10081.425395167198,,8.0
3.711903833505921,7.56409236982714,49.945588385340194,39.953091237537876,222.8852995467391,1.2036576820943594,crossed,1,eb_ic_gp,random,1,10,1.5698049920001722,459.34243896135575,59484.73633433951,10349.595513908931,,8.0
3.108236931852216,6.346715113006253,72.68226794200855,47.1152959001698,223.553049750202,0.5359074786314579,crossed,1,eb_ic_gp,random,1,12,1.963615552000192,475.190877608915,59403.05244637027,10056.663011690322,,8.0
2.359650484451518,3.409199883915285,136.82896955172117,24.191881340749024,223.02188481562925,1.0670724132042153,crossed,1,eb_ic_gp,random,1,16,1.9899504300001354,407.34629471617745,59803.10530266027,10111.9895434209,,8.0
2.341217276587542,3.3395195521467294,22.8666007275163,14.041351384280901,224.4365179577057,0.34756072887222444,crossed,1,eb_ic_gp,random,1,20,2.4471644729997024,437.9109216454069,59605.515975083836,10437.593635286736,,8.0
2.376215856680211,5.7066017668101425,44.617661295253505,33.28390994079642,222.86119626399378,1.227760964839689,crossed,1,eb_ic_gp,random,1,30,2.450730698999905,442.3654723464028,59576.200773906945,10235.034198941188,,8.0
1.707581968621312,4.2284917613792565,42.203735504741275,25.494670285037813,223.90968906341516,0.17926816541830703,crossed,1,eb_ic_gp,random,1,50,3.4809562020000158,419.2076166846118,59720.804593062596,10172.014081405263,,4.0
12.526526301651916,13.656238151738123,161.99878194416948,66.96087584784112,222.27066583673346,1.818291392100008,crossed,1,eb_ic_gp,random,2,3,0.32718976399974053,482.9235028859148,59350.248145733894,9766.917094670494,,
7.781125145729638,10.402686228107639,170.20708397525942,63.65252685212985,222.27066583673346,1.818291392100008,crossed,1,eb_ic_gp,random,2,4,0.6882395620000352,478.0995694342412,59378.941134754445,9662.121173351165,,
7.027732544951168,9.458823687756391,61.54912672541095,38.796470531938276,223.52403653949006,0.5649206893434098,crossed,1,eb_ic_gp,random,2,5,0.7979522939999697,463.0433856344043,59463.19923323284,9946.519296152279,,15.0
3.3237388649488393,5.281428245461492,51.67763317175863,28.777879620512696,223.49993325674473,0.5890239720887394,crossed,1,eb_ic_gp,random,2,6,0.9204301139998279,454.8747926008704,59508.30197083825,10171.117742293485,,8.0
4.388015615647223,7.056558783603204,50.757562822122615,38.15894298052485,222.8852995467391,1.2036576820943594,crossed,1,eb_ic_gp,random,2,7,1.0861619190000056,460.41754507571824,59475.19192959497,10280.110349338576,,4.0
4.4510263125950305,6.39353713414878,58.01406368762394,34.68559672259819,221.91212950589684,2.176827722936622,crossed,1,eb_ic_gp,random,2,8,1.2116616059997796,463.15371482328607,59466.33523667243,10052.50598085062,,4.0
2.53636977988984,3.4002514672808917,105.89616966676532,22.59319123659006,223.37257672223905,0.7163805065944189,crossed,1,eb_ic_gp,random,2,10,1.4747636270003568,422.53456672836046,59709.59579154616,11491.644041982694,,8.0
2.699517367113784,1.9654716478052277,21.99854101421239,10.215883349642354,224.4365179577057,0.34756072887222444,crossed,1,eb_ic_gp,random,2,12,1.841135604000101,434.70536084250455,59625.010051331104,10292.091831709347,,8.0
3.3959982508772906,5.172361007279156,165.43962393455433,34.94948765346725,223.33230588128865,0.7566513475448176,crossed,1,eb_ic_gp,random,2,16,2.0344985050001014,408.8802497755008,59794.69808567506,10711.942836207882,,8.0
2.3371395828087547,2.860643380449867,80.53415548077474,17.57273735990288,224.11456696675037,0.025609737916909125,crossed,1,eb_ic_gp,random,2,20,2.231016087000171,416.536464465321,59736.53424090989,9822.073819599253,,8.0
2.480750603975081,6.8510973507485415,68.32364385543147,42.16886786555924,221.91212950589684,2.176827722936622,crossed,1,eb_ic_gp,random,2,30,2.8034861280002588,470.5793121336785,59425.819082408736,10353.305830722278,,4.0
1.5778006395333397,2.596873529049675,27.83023683763137,14.070318935152507,224.31944487008556,0.23048764125209686,crossed,1,eb_ic_gp,random,2,50,3.483305252000264,407.7314810128824,59799.27051725977,10441.900072162458,,4.0
12.526526301651916,13.656238151738123,161.99878194416948,66.96087584784112,222.27066583673346,1.818291392100008,crossed,1,eb_ic_gp,random,3,3,0.312403656999777,482.9235028859148,59350.248145733894,9766.917094670494,,
8.454691079706848,10.644405685713908,174.36838142655571,65.67697256874754,222.27066583673346,1.818291392100008,crossed,1,eb_ic_gp,random,3,4,0.6439516749996983,480.4155916832311,59365.44562604503,9648.520259409364,,
11.033986968137876,9.000932946441676,60.890057773854856,25.11625785590359,224.3969662389151,0.3080090100816335,crossed,1,eb_ic_gp,random,3,5,0.8240297000002101,448.92379874253993,59550.265181986826,12344.925764696876,,15.0
8.691486540933562,9.037481310939977,64.72718208042296,51.32030838504905,223.19261640174193,0.8963408270915352,crossed,1,eb_ic_gp,random,3,6,0.9262773129999005,454.87843500539077,59491.1757248937,9365.704484329843,,8.0
3.312702257055416,3.7730007047364214,55.81314087631854,17.41252665818265,224.31944487008556,0.23048764125209686,crossed,1,eb_ic_gp,random,3,7,1.0452283390000048,436.79333458234464,59615.727174771884,10919.552474708813,,8.0
4.13696955856492,3.838778910357256,68.85565827332353,15.622751513771526,224.11456696675037,0.025609737916909125,crossed,1,eb_ic_gp,random,3,8,1.1980989520002367,417.85395707917763,59718.80368567504,8767.23686360681,,8.0
2.257367397525741,5.38554026178338,55.07622807291717,39.75525661744721,223.5386939411595,0.550263287673971,crossed,1,eb_ic_gp,random,3,10,1.4664512170002126,464.28393102893926,59455.82377494251,10231.941229718323,,8.0
2.2348407371340957,2.7144014621313635,92.41584216753095,18.091592034403696,224.473103297587,0.3841460687535232,crossed,1,eb_ic_gp,random,3,12,2.051573083999756,427.5783130260539,59671.172882970524,10873.010154360445,,8.0
2.101579989020818,3.936191651302149,50.62128719628355,26.161124675633722,224.52432277342078,0.435365544587313,crossed,1,eb_ic_gp,random,3,16,2.0880083120000563,452.1472175691286,59526.20855374045,10420.407925719475,,8.0
3.021295491775085,5.883058654518022,50.31375611556721,35.937764776143574,222.86119626399378,1.227760964839689,crossed,1,eb_ic_gp,random,3,20,2.1464695929998925,447.3234765209245,59546.658672636084,10019.36571564968,,8.0
1.6572380620333975,2.5404289645489433,19.717954305071256,16.369962112459916,224.44982171766253,0.3608644888290655,crossed,1,eb_ic_gp,random,3,30,2.8603581840002335,409.23226038320615,59787.97680023692,9718.018852091713,,8.0
1.6079520484069645,5.089768471565444,192.23516063782523,44.27172917568967,223.99749387913025,0.09146334970321846,crossed,1,eb_ic_gp,random,3,50,3.7221746549998898,390.62007126451755,59923.07393512769,10652.140233959672,,4.0
12.526526301651916,13.656238151738123,161.99878194416948,66.96087584784112,222.27066583673346,1.818291392100008,crossed,1,eb_ic_gp,random,4,3,0.3447508190001827,482.9235028859148,59350.248145733894,9766.917094670494,,
9.41010443212216,11.077933244467662,176.72549791760036,67.53915718588819,222.27066583673346,1.818291392100008,crossed,1,eb_ic_gp,random,4,4,0.7106642170001578,483.02892398996147,59351.609861526355,9674.981705338234,,
7.388993027082674,9.061264739219704,87.52584702232525,53.86147946855318,221.86091003006305,2.228047198770412,crossed,1,eb_ic_gp,random,4,5,0.8070175750003727,486.68478928164546,59337.37224272673,9614.998924243928,,4.0
4.093771401129422,6.457420931220215,181.6177376824591,32.249102044381175,224.2374937087515,0.14853647991802177,crossed,1,eb_ic_gp,random,4,6,0.968293722999988,405.85794222504177,59814.98480449815,9784.970774213265,,8.0
4.060918856709115,7.000614104762076,47.64256951219993,37.847363708622986,222.8852995467391,1.2036576820943594,crossed,1,eb_ic_gp,random,4,7,1.088941646999956,456.6755305016831,59497.127121235855,10348.325979746818,,8.0
3.9934276125681514,7.607436221626552,48.65071310591721,38.74414724324995,222.8852995467391,1.2036576820943594,crossed,1,eb_ic_gp,random,4,8,1.2396355209998546,457.89646472471406,59492.009046095925,10361.421323441959,,8.0
2.4562218903293447,2.551577954811793,67.30153467932692,15.342175516327744,224.11456696675037,0.025609737916909125,crossed,1,eb_ic_gp,random,4,10,1.9172853439999926,418.5765177225943,59716.83574345917,9133.780365098532,,8.0
3.8178382785770295,7.972097418661522,56.90747560016823,44.315868181253535,222.86119626399378,1.227760964839689,crossed,1,eb_ic_gp,random,4,12,2.137827761999688,449.5704227123171,59532.43935454695,9847.088638093797,,8.0
4.033226196078318,5.223492220821402,179.66550316080378,42.736555520159264,224.3969662389151,0.3080090100816335,crossed,1,eb_ic_gp,random,4,16,2.1419005339998876,408.51066574612133,59805.36413088182,11963.439331691341,,8.0
1.8084848009973606,3.9928308856536603,49.225791390526105,28.244098072608452,224.5340788640558,0.4451216352223355,crossed,1,eb_ic_gp,random,4,20,2.2630379309998716,452.5229294540014,59523.363342652905,10439.496550546415,,8.0
1.7526542537715066,1.51431715254439,8.777694842708154,6.818731981973211,224.2838139303751,0.1948567015416245,crossed,1,eb_ic_gp,random,4,30,2.6585907399999087,416.4908134805879,59738.55374426709,9408.627926766436,,8.0
1.4507778113743655,2.5288964527084774,34.20274272508762,21.203376817632275,224.31944487008556,0.23048764125209686,crossed,1,eb_ic_gp,random,4,50,3.5791352969999934,399.9981013959131,59856.79477807052,10856.72382134484,,4.0
12.526526301651916,13.656238151738123,161.99878194416948,66.96087584784112,222.27066583673346,1.818291392100008,crossed,1,eb_ic_gp,random,5,3,0.41186329999982263,482.9235028859148,59350.248145733894,9766.917094670494,,
9.706830926192168,11.577676814235788,144.98978456741497,60.10731756405452,222.33895847117853,1.7499987576549358,crossed,1,eb_ic_gp,random,5,4,0.692790375000186,474.15103217314726,59397.53281991207,10018.39295518191,,
6.321079450432828,9.210339716862558,79.28115697292789,59.047105495459626,221.86091003006305,2.228047198770412,crossed,1,eb_ic_gp,random,5,5,0.9834034199998314,486.64790539839066,59337.11258588286,9563.455288908148,,8.0
5.533200286521727,6.019269086818631,54.761124594526066,17.296740420097052,224.31944487008556,0.23048764125209686,crossed,1,eb_ic_gp,random,5,6,2.0143397909996565,435.80219224454885,59620.06362029673,11047.861531186783,,8.0
4.189559043616095,7.028880053345874,45.23450380098837,35.41596437756612,222.8852995467391,1.2036576820943594,crossed,1,eb_ic_gp,random,5,7,1.929720098999951,454.18848824066197,59511.05416738428,10363.603885550685,,8.0
2.8983091922912703,2.5690145851378725,89.3966586487706,17.628985228509183,224.473103297587,0.3841460687535232,crossed,1,eb_ic_gp,random,5,8,4.7410803180000585,427.7945063320686,59672.05450534043,10762.083569146347,,8.0
2.704860020273201,6.7313959674961215,77.6836416313773,46.955121846900624,223.52403653949006,0.5649206893434098,crossed,1,eb_ic_gp,random,5,10,5.150593472999844,477.608965903717,59390.68831990213,9943.466024354528,,8.0
3.3553205885579147,2.6975417428573913,115.24530992828079,19.608295966765624,224.37798141389564,0.28902418506217487,crossed,1,eb_ic_gp,random,5,12,2.0796465120001812,411.7923399901105,59771.61127116148,9997.805234844014,,8.0
2.327829059864603,2.2189818400109917,16.224378088251605,12.401265414256875,224.16009538971375,0.07113816088028102,crossed,1,eb_ic_gp,random,5,16,2.295163859999775,420.83982396895556,59702.67966332517,8519.632122828996,,8.0
2.1646418653733432,2.8690463388431864,27.50155566235939,12.396382815037898,224.36334727794312,0.27439004910965537,crossed,1,eb_ic_gp,random,5,20,2.3096922129998347,435.5520525361031,59617.96726137932,10160.772278644345,,8.0
1.8863728738492362,2.567348355954109,32.83217874298152,14.195529702685535,224.31944487008556,0.23048764125209686,crossed,1,eb_ic_gp,random,5,30,2.7690341600000465,400.4982893786974,59851.44227960003,10464.336284295068,,8.0
1.50040279067673,4.008509535949121,117.19614227169379,32.1493222957685,224.4187796110966,0.32982238226313143,crossed,1,eb_ic_gp,random,5,50,3.6089031530000284,410.21508720297305,59786.34303346287,10961.309475756014,,4.0
12.526526301651916,13.656238151738123,161.99878194416948,66.96087584784112,222.27066583673346,1.818291392100008,crossed,1,eb_ic_gp,random,6,3,0.36462192800036064,482.9235028859148,59350.248145733894,9766.917094670494,,
9.309251747242591,11.131018785846408,121.93520008384102,53.75646777397062,223.09017745007432,0.9987797787591433,crossed,1,eb_ic_gp,random,6,4,0.7752558649999628,466.6294430774989,59437.066615259384,10107.037341287476,,
5.683072500899502,7.4556394444221405,79.10573224015516,48.083108365888705,221.86091003006305,2.228047198770412,crossed,1,eb_ic_gp,random,6,5,0.91591536299984,479.50863947493,59376.005625953854,9607.602881009589,,4.0
4.946217231037747,10.333133303037465,58.46505201846536,48.51560741934185,221.88367424154472,2.20528298728874,crossed,1,eb_ic_gp,random,6,6,1.0329928380001547,466.90053461378557,59438.775384727836,10182.731550760906,,15.0
3.8256300457879915,3.906496960465733,53.33262859309856,19.185273528955726,224.31944487008556,0.23048764125209686,crossed,1,eb_ic_gp,random,6,7,1.2070624939997288,438.351443815925,59604.72067243326,10892.521683021076,,8.0
4.479947507234985,3.334445137194041,59.036326919976275,21.792416542624036,224.47832977471288,0.38937254587941084,crossed,1,eb_ic_gp,random,6,8,1.2980900210000073,441.4262406212658,59586.559761029275,10504.011841833153,,8.0
2.494088292922518,5.200555156666815,51.32184654832855,36.910944446708214,223.553049750202,0.5359074786314579,crossed,1,eb_ic_gp,random,6,10,1.701207205999708,459.41502099406944,59482.368813700334,10271.806553788658,,8.0
2.5687858441108737,2.6399093367183424,75.03646631975256,17.7255307118868,224.3969662389151,0.3080090100816335,crossed,1,eb_ic_gp,random,6,12,2.167391064000185,429.7614236924788,59664.63661506353,11590.397305247265,,8.0
2.238176034350927,5.733375832364091,219.98352490802344,50.66810325304304,223.39749430507712,0.6914629237563474,crossed,1,eb_ic_gp,random,6,16,2.3198444909999125,408.10797414904334,59801.36179294455,11596.743668935444,,8.0
1.8017438243528259,3.766135976647046,66.9967920857843,25.248742434459675,224.3969662389151,0.3080090100816335,crossed,1,eb_ic_gp,random,6,20,2.398612981000042,448.00416546617856,59550.283091339064,11254.0278397108,,8.0
1.6476090256255191,2.8461712371558288,92.9563096007633,17.253530379880623,224.11456696675037,0.025609737916909125,crossed,1,eb_ic_gp,random,6,30,2.9341558740002256,414.17196309511365,59753.833484464245,10022.934167350182,,8.0
1.4726911550827604,1.5837797915837015,20.94135393292918,9.437568789364644,224.36334727794312,0.27439004910965537,crossed,1,eb_ic_gp,random,6,50,3.5364058650002335,415.3880890961753,59749.27940962494,10115.866413998649,,4.0
12.526526301651916,13.656238151738123,161.99878194416948,66.96087584784112,222.27066583673346,1.818291392100008,crossed,1,eb_ic_gp,random,7,3,0.37080078500002855,482.9235028859148,59350.248145733894,9766.917094670494,,
9.613342144080546,11.448718550213528,157.89601760095638,63.35700655996778,222.27066583673346,1.818291392100008,crossed,1,eb_ic_gp,random,7,4,0.6881217140003173,478.03128071277575,59378.04969144319,9920.53228833898,,
4.836094643958832,8.416127637638525,69.83003383392538,54.248305706894406,221.83680674731772,2.2521504815157414,crossed,1,eb_ic_gp,random,7,5,0.8166036580000764,479.037524499966,59376.632488642885,9908.218291809628,,8.0
3.8744460142471024,7.771405286118586,55.49096356378843,43.621534016654785,223.5877380724598,0.5012191563736508,crossed,1,eb_ic_gp,random,7,6,1.0401584429996547,464.44112774116127,59452.57767469238,10110.628655160952,,15.0
3.585963110501899,8.378093305424319,67.80494678365288,53.03089958559153,221.88367424154472,2.20528298728874,crossed,1,eb_ic_gp,random,7,7,1.2269561600000998,477.16771319635245,59386.6231250161,10014.875480961255,,8.0
3.408611516936272,8.418018999775034,64.07648919932805,51.51221412293988,221.88367424154472,2.20528298728874,crossed,1,eb_ic_gp,random,7,8,1.3217596190002041,474.93116114049946,59400.29848208494,10164.71206095536,,8.0
3.465494247208886,5.802536545393893,67.73396295502508,25.551741210016466,224.3969662389151,0.3080090100816335,crossed,1,eb_ic_gp,random,7,10,1.637143142000241,450.016465245333,59545.102576478304,11887.80818737252,,8.0
3.018184039284636,2.0935931347444074,22.511707759286505,7.96710148640327,224.36334727794312,0.27439004910965537,crossed,1,eb_ic_gp,random,7,12,1.8174948299997595,432.38660694423083,59637.40926885494,9897.701436692743,,8.0
2.56930815378028,5.905404618371304,49.190973769726526,34.724888086844075,222.86119626399378,1.227760964839689,crossed,1,eb_ic_gp,random,7,16,2.2427002469999024,447.20235994249435,59547.315575641784,9938.346917338582,,8.0
2.1549351950841378,5.404120291471874,217.27826402770697,51.1349559893938,224.42188382175317,0.33292659291970494,crossed,1,eb_ic_gp,random,7,20,2.476062718000321,399.77385145224315,59859.0935124014,10551.189328643795,,8.0
2.541126507524756,2.560545122925668,79.91669909676348,18.788103733246427,224.36334727794312,0.27439004910965537,crossed,1,eb_ic_gp,random,7,30,2.6446357859999807,413.67099623736254,59759.60404075558,9806.380482092098,,4.0
1.4243549814183696,1.6902049711743503,21.725333482407294,11.159209516348437,224.36334727794312,0.27439004910965537,crossed,1,eb_ic_gp,random,7,50,3.3353981840000415,412.32243499490323,59770.15727144848,10286.039511454606,,4.0
12.526526301651916,13.656238151738123,161.99878194416948,66.96087584784112,222.27066583673346,1.818291392100008,crossed,1,eb_ic_gp,random,8,3,0.3181430640001963,482.9235028859148,59350.248145733894,9766.917094670494,,
9.731143420424997,11.207844448614138,176.82993281655487,67.88609485875547,222.27066583673346,1.818291392100008,crossed,1,eb_ic_gp,random,8,4,0.6472251069999402,483.5519703535934,59348.60086181214,9666.849478031927,,
4.1343409214652045,7.21881702663571,70.76112490282188,43.66280893883036,223.52403653949006,0.5649206893434098,crossed,1,eb_ic_gp,random,8,5,0.8244324150000466,472.2195545102019,59415.05059878186,9697.69294808693,,8.0
4.740415026701944,8.840083673137702,65.79171638891906,47.268964653464124,223.5877380724598,0.5012191563736508,crossed,1,eb_ic_gp,random,8,6,1.0038136339999255,470.8033885376207,59419.76530743841,10054.721747502477,,15.0
3.1088060638649315,7.785342878391324,65.70236852435643,51.39376878679115,221.88367424154472,2.20528298728874,crossed,1,eb_ic_gp,random,8,7,1.1025941530001546,475.1983833876198,59396.892833156126,10061.844003787171,,8.0
3.418496207779417,8.20391551676562,71.38262289048714,53.7064393843237,221.86091003006305,2.228047198770412,crossed,1,eb_ic_gp,random,8,8,1.2649830459999976,479.63390981778065,59377.21462174549,9954.22345018801,,8.0
3.284955824536239,3.47807245989416,20.900762994246964,13.396583699695155,224.50650730356554,0.41755007473207684,crossed,1,eb_ic_gp,random,8,10,1.6044048389999261,433.1946127371824,59631.087713656634,9730.637768178856,,8.0
3.0717868896885094,3.723212212717195,52.096482732908896,18.40558254854992,224.31944487008556,0.23048764125209686,crossed,1,eb_ic_gp,random,8,12,1.9781756259999383,437.222460930684,59611.28599252846,10656.329118984466,,8.0
2.845497396509713,6.454617296232352,265.92836659416236,58.810285603063676,223.21310419207543,0.8758530367580306,crossed,1,eb_ic_gp,random,8,16,2.268713044999913,394.3408777344771,59894.01728834423,10311.423754457759,,8.0
2.0308577256500797,3.8770395505652533,171.64340512916155,35.86568609595015,224.31944487008556,0.23048764125209686,crossed,1,eb_ic_gp,random,8,20,2.236753361999945,400.7035507507183,59850.81239908807,10353.400777219622,,8.0
1.697666084969629,4.546480071531463,160.04636646837295,36.171063269917994,223.48130799280517,0.6076492360282941,crossed,1,eb_ic_gp,random,8,30,2.57409520300007,414.9057104101338,59751.903277389145,10547.370131636717,,8.0
1.4095180793143542,4.585135563118701,167.24630632426852,38.34383680469236,224.29017659818055,0.20121936934708629,crossed,1,eb_ic_gp,random,8,50,3.551090970000132,395.1476808021784,59889.15644055875,10501.066734489465,,4.0
12.526526301651916,13.656238151738123,161.99878194416948,66.96087584784112,222.27066583673346,1.818291392100008,crossed,1,eb_ic_gp,random,9,3,0.3185500750000756,482.9235028859148,59350.248145733894,9766.917094670494,,
5.801876693937143,8.292787292546391,108.2037868175707,42.36100974588775,223.19261640174193,0.8963408270915352,crossed,1,eb_ic_gp,random,9,4,0.6360100429997146,455.48157023952893,59506.304936526125,10046.272656955507,,
4.675314245434514,9.61180365057917,63.38336038873865,51.5309555352693,221.88367424154472,2.20528298728874,crossed,1,eb_ic_gp,random,9,5,0.8024070149999716,474.37210224035937,59401.93770715205,10056.98563722624,,8.0
7.14635325600911,7.03770355668631,63.08674889073678,12.058339921768246,224.11456696675037,0.025609737916909125,crossed,1,eb_ic_gp,random,9,6,0.9103301800000736,419.9099149804878,59704.17643633026,8566.049093500864,,8.0
3.2747886166725326,8.12427225606182,54.66462014242248,45.00094679791292,221.88367424154472,2.20528298728874,crossed,1,eb_ic_gp,random,9,7,1.1170791659997121,463.75510201603913,59456.19066233747,10278.680512549097,,15.0
2.712215388648797,5.623682027747367,59.47930253404826,37.48747725507708,223.50968934737975,0.5792678814537169,crossed,1,eb_ic_gp,random,9,8,1.2421890410000742,463.8644461892102,59458.46571342986,10088.426244749988,,8.0
3.102994159613572,6.415548393977684,57.136804629916504,42.56006261297986,222.82676300292903,1.2621942259044374,crossed,1,eb_ic_gp,random,9,10,1.4826219289998335,451.6124526834642,59519.51779851203,9539.92998478223,,8.0
2.786888241914141,7.212035135330722,62.34585371786713,48.662451594296996,221.88367424154472,2.20528298728874,crossed,1,eb_ic_gp,random,9,12,1.8117524529998263,472.644853933676,59412.80398500449,10208.624985760538,,8.0
2.093455497503679,4.680726012602215,215.6980736691652,44.773052673252955,223.96090853924895,0.1280486895845172,crossed,1,eb_ic_gp,random,9,16,2.020308919999934,392.20963338102933,59911.9499622738,9898.148986206015,,8.0
2.152176942283509,3.4660703509614645,27.91199334181623,21.134725768128177,224.5584690906433,0.46951186180984905,crossed,1,eb_ic_gp,random,9,20,2.2691665840002315,427.0128720471118,59665.91802731666,9734.79937787654,,8.0
1.5666784513802896,1.615524643862479,16.02417251373567,6.722507195223021,224.4365179577057,0.34756072887222444,crossed,1,eb_ic_gp,random,9,30,2.6687974120000035,424.17309341752684,59688.43776226608,9917.585492156935,,8.0
1.6981797052301042,3.4757287228862337,98.41553479884193,25.964960521603007,224.16009538971375,0.07113816088028102,crossed,1,eb_ic_gp,random,9,50,3.238546714000222,407.65868271845204,59801.50635015,10245.143210390434,,4.0
12.526526301651916,13.656238151738123,161.99878194416948,66.96087584784112,222.27066583673346,1.818291392100008,crossed,1,eb_ic_gp,random,10,3,0.34428992599987396,482.9235028859148,59350.248145733894,9766.917094670494,,
8.655851103521728,10.796294756321783,176.7988365108101,66.63737204105784,222.27066583673346,1.818291392100008,crossed,1,eb_ic_gp,random,10,4,0.7096946699998625,481.7207643131653,59359.4266785755,9638.94154982574,,
3.8202932902848663,9.42067926614089,69.09968129114465,54.58822601502942,221.83680674731772,2.2521504815157414,crossed,1,eb_ic_gp,random,10,5,0.8179652000003443,477.73928020020827,59382.90266916193,9891.819739290817,,15.0
3.2161140536634463,3.2089406510844194,84.38510377944559,17.469470860162453,223.44871378091094,0.6402434479225292,crossed,1,eb_ic_gp,random,10,6,0.9276835700002266,429.27321504950675,59663.514338637375,11220.478032411365,,8.0
3.8792607373819914,7.903488905720517,75.20170637149303,54.089708664406814,221.86091003006305,2.228047198770412,crossed,1,eb_ic_gp,random,10,7,1.1365060709999852,481.6801394725806,59365.627022387045,9803.049837765306,,8.0
3.4037491113274636,7.953212282133915,58.8200471499662,47.44638863878568,221.88367424154472,2.20528298728874,crossed,1,eb_ic_gp,random,10,8,1.288821495999855,468.9529687019138,59431.386762438284,10186.66264322169,,8.0
3.176083743529573,5.638761041472193,37.608567653534905,27.41484992984712,222.86119626399378,1.227760964839689,crossed,1,eb_ic_gp,random,10,10,1.4981478539998534,440.82529343765634,59580.92669590681,9810.654786665167,,15.0
1.9477668266625559,4.804439345987464,224.02094641416141,46.01919084411087,224.2374937087515,0.14853647991802177,crossed,1,eb_ic_gp,random,10,12,1.91874651299986,399.60539078313457,59855.42475810167,10184.172944031787,,8.0
2.6151380117456893,6.022222390429611,189.71216722035612,44.43229341046811,224.31944487008556,0.23048764125209686,crossed,1,eb_ic_gp,random,10,16,2.0547254329999305,404.1090781058696,59823.910296968585,10478.302643881367,,8.0
2.4492430775821075,6.196418013635114,77.12656222260752,43.37159861483728,224.5484260561661,0.4594688273326426,crossed,1,eb_ic_gp,random,10,20,2.10537565300001,474.46003654096563,59407.62511584704,10196.12293109172,,8.0
1.9067780650786694,8.223096046161112,320.33454588422035,74.91226037471776,224.42188382175317,0.33292659291970494,crossed,1,eb_ic_gp,random,10,30,2.5356731739998395,400.2584318707795,59853.58353095567,11060.77936432811,,4.0
1.6490588890490434,1.8285073160921976,22.289217881892444,10.130000425092135,224.36334727794312,0.27439004910965537,crossed,1,eb_ic_gp,random,10,50,3.3055166439999084,412.7620741530514,59766.2513912211,10169.556810816217,,4.0
12.526526301651916,13.656238151738123,161.99878194416948,66.96087584784112,222.27066583673346,1.818291392100008,crossed,1,eb_ic_gp,random,11,3,0.3472798839998177,482.9235028859148,59350.248145733894,9766.917094670494,,
9.41010443212216,11.077933244467662,176.72549791760036,67.53915718588819,222.27066583673346,1.818291392100008,crossed,1,eb_ic_gp,random,11,4,0.6681056420002278,483.02892398996147,59351.609861526355,9674.981705338234,,
7.1100588184153555,8.308732048293692,86.5830265672509,53.27741428256042,221.86091003006305,2.228047198770412,crossed,1,eb_ic_gp,random,11,5,0.8622056730000622,485.6070315947054,59341.14114053551,9555.4071914442,,4.0
6.995859202904213,7.569838930553879,58.191646849669496,42.952784024145565,222.8084703329884,1.2804868958450584,crossed,1,eb_ic_gp,random,11,6,0.9228770050003732,451.3221528988695,59512.88237539523,9237.12694249512,,8.0
4.641604333328223,9.42254452208877,73.91940757385342,56.11059622192298,221.83680674731772,2.2521504815157414,crossed,1,eb_ic_gp,random,11,7,0.9892042430001311,481.8594610288615,59362.157968293446,9897.611011698913,,8.0
7.210415843827166,3.50777447222644,80.20076808681327,18.4711165943645,224.2374937087515,0.14853647991802177,crossed,1,eb_ic_gp,random,11,8,1.123183358999995,422.5618689794374,59698.29666826294,9750.395750680702,,15.0
2.8309437027465627,6.494438163161149,66.22765287422261,41.918157680676465,223.52403653949006,0.5649206893434098,crossed,1,eb_ic_gp,random,11,10,1.559769580000193,469.6950499355594,59429.6998409809,10098.233456476268,,8.0
2.370083834216119,2.396968206592645,66.55766377790428,15.194552352551769,224.11456696675037,0.025609737916909125,crossed,1,eb_ic_gp,random,11,12,1.7930678589996205,419.32615300037065,59714.526570694106,9381.034214751904,,8.0
3.443679941494639,2.524799072932643,13.939799904454206,6.304647670804603,224.36334727794312,0.27439004910965537,crossed,1,eb_ic_gp,random,11,16,1.7647741020000467,419.7578175742528,59718.735718724696,9492.424361164372,,8.0
1.6500492088857868,2.296535968035284,60.22319249793504,16.59329559082196,224.3969662389151,0.3080090100816335,crossed,1,eb_ic_gp,random,11,20,2.1043489520002367,437.03389792497194,59616.72080817489,11387.016140316162,,8.0
2.130679480245113,4.4702076612428385,173.93636635005342,42.358506366257814,224.11456696675037,0.025609737916909125,crossed,1,eb_ic_gp,random,11,30,2.6026892979998593,392.882625822559,59907.89343570315,10619.25959676501,,4.0
1.8075818800758527,2.860361277362191,28.344749491307653,18.51365012218606,224.31944487008556,0.23048764125209686,crossed,1,eb_ic_gp,random,11,50,3.27163555099969,406.6991723786561,59809.68689876196,10647.593996986756,,4.0
12.526526301651916,13.656238151738123,161.99878194416948,66.96087584784112,222.27066583673346,1.818291392100008,crossed,1,eb_ic_gp,random,12,3,0.32105665900007807,482.9235028859148,59350.248145733894,9766.917094670494,,
6.946986538054475,10.143183018100109,165.5811986877344,61.35749312048352,222.33895847117853,1.7499987576549358,crossed,1,eb_ic_gp,random,12,4,0.6751315370001976,475.5877250573359,59394.64947660069,9687.939862108638,,
4.992155820703692,10.108102213597652,71.55879229844129,55.74500354906148,221.83680674731772,2.2521504815157414,crossed,1,eb_ic_gp,random,12,5,0.7954849040002046,481.30511753845167,59367.809415680844,9886.54598716817,,8.0
4.85563534423042,9.718697134855924,66.50485668770287,53.21122790194388,221.88367424154472,2.20528298728874,crossed,1,eb_ic_gp,random,12,6,0.8919953719996556,477.18932664576863,59388.21464905934,10057.399637267226,,8.0
7.449099776780897,8.01202185509091,62.863797665881584,48.72836684679783,223.19261640174193,0.8963408270915352,crossed,1,eb_ic_gp,random,12,7,0.9570674540000255,454.44810880654234,59496.57785361878,9218.37244934299,,8.0
3.7694341497986588,7.765246582180921,75.85337091276804,50.798629012727545,223.56351605433153,0.5254411745019354,crossed,1,eb_ic_gp,random,12,8,1.2025051979999262,479.4210817771242,59379.20356052204,9803.535300792746,,8.0
3.117593525804987,8.208871333811462,65.18442133144869,51.67125688961013,221.88367424154472,2.20528298728874,crossed,1,eb_ic_gp,random,12,10,1.5808852899999692,475.8433987762647,59398.52649916088,10161.853619406527,,8.0
3.833046599238119,3.5575781941610285,59.543415380527435,19.25722986317951,224.31944487008556,0.23048764125209686,crossed,1,eb_ic_gp,random,12,12,1.8855699689997891,436.83406126954293,59610.286090942136,10748.667287587248,,8.0
2.430877598327652,2.5850807415720705,95.24868512349397,18.03232601548162,224.2374937087515,0.14853647991802177,crossed,1,eb_ic_gp,random,12,16,2.0449577570002475,418.9908250174983,59720.80241220236,10074.452230761617,,8.0
3.4522142143515024,6.3001226713630745,37.30880556395013,29.30414418603674,222.9365190225729,1.1524382062605696,crossed,1,eb_ic_gp,random,12,20,2.326966999999968,427.9016938942539,59662.76492071232,9809.890682573001,,8.0
1.8647527624630325,4.085245327549792,147.66751498421485,30.62868629180026,224.37798141389564,0.28902418506217487,crossed,1,eb_ic_gp,random,12,30,2.768430338000144,415.42142067282975,59750.99455936865,11129.347449528941,,4.0
1.575399131939095,1.807925844237963,28.406209826864604,11.69832913480347,224.2374937087515,0.14853647991802177,crossed,1,eb_ic_gp,random,12,50,3.388763829999789,397.3598142586092,59873.290001110174,10366.493610096402,,4.0
12.526526301651916,13.656238151738123,161.99878194416948,66.96087584784112,222.27066583673346,1.818291392100008,crossed,1,eb_ic_gp,random,13,3,0.34518830099978004,482.9235028859148,59350.248145733894,9766.917094670494,,
9.420420273524305,11.306101379407432,175.94673795154694,67.49082853282677,222.27066583673346,1.818291392100008,crossed,1,eb_ic_gp,random,13,4,0.6570674139998118,483.1798569349799,59352.734624806144,9725.659701684666,,
5.844726355168597,8.3036242301233,77.96210703420273,50.00973675277572,221.83680674731772,2.2521504815157414,crossed,1,eb_ic_gp,random,13,5,0.8834418229998846,479.5989915668202,59373.441211224985,9880.594001021418,,4.0
4.055715425063768,4.105564920882675,52.07084816709916,17.061415419715782,224.31944487008556,0.23048764125209686,crossed,1,eb_ic_gp,random,13,6,1.0595852619999278,436.3986245794125,59618.09714123817,10980.900370773383,,8.0
7.522973946467173,11.649691567249938,79.92192467851437,34.00590872721085,224.42188382175317,0.33292659291970494,crossed,1,eb_ic_gp,random,13,7,1.1324821410003096,461.7371027586827,59484.413041783446,13226.994441209836,,8.0
3.9937025260723433,6.975343432644654,60.309752329113245,39.2904427295983,223.52403653949006,0.5649206893434098,crossed,1,eb_ic_gp,random,13,8,1.3685029719999875,465.3440718625694,59449.45363818622,10037.166825029395,,8.0
5.918871405959433,2.6073357161374378,73.88095952308265,17.425806818566173,224.31944487008556,0.23048764125209686,crossed,1,eb_ic_gp,random,13,10,1.694999424999878,427.9903592770114,59673.299317193094,10985.89000990698,,8.0
3.1289006059293145,7.9708064637153715,54.61199699092515,45.02168621317936,221.88367424154472,2.20528298728874,crossed,1,eb_ic_gp,random,13,12,2.084404034000272,464.9416859037011,59452.188273100626,10302.187737464774,,15.0
2.382057669575988,6.044144675096182,75.1199286973297,45.856739148735606,224.5560644204164,0.4671071915829259,crossed,1,eb_ic_gp,random,13,16,2.2933142939996287,476.2583651591295,59396.98505487713,10157.057093832758,,8.0
2.296396389535285,3.856047063278161,172.19457941099483,33.456271682695295,224.42188382175317,0.33292659291970494,crossed,1,eb_ic_gp,random,13,20,2.615653457999997,400.7201522794967,59849.584872198604,10173.75070150971,,8.0
2.1080509506877734,3.278354506649123,26.662933772991025,15.844358643760994,224.2374937087515,0.14853647991802177,crossed,1,eb_ic_gp,random,13,30,3.0012268770001356,412.10705277546504,59766.69600570913,9785.159658804047,,4.0
1.4513876632842642,2.003000546684037,28.760906333367934,11.701335059447008,224.2374937087515,0.14853647991802177,crossed,1,eb_ic_gp,random,13,50,3.6263267029999042,397.6954266698008,59869.17999506279,10169.504346416441,,4.0
12.526526301651916,13.656238151738123,161.99878194416948,66.96087584784112,222.27066583673346,1.818291392100008,crossed,1,eb_ic_gp,random,14,3,0.3494550400000662,482.9235028859148,59350.248145733894,9766.917094670494,,
9.787757525006295,11.622337262702459,156.6855839989576,63.20666348253512,222.27066583673346,1.818291392100008,crossed,1,eb_ic_gp,random,14,4,0.6790201969997725,477.89645121431687,59378.96314550842,9920.50236681829,,
3.2676379966788,3.5277301579910687,48.75965380023231,22.057457046562508,223.48130799280517,0.6076492360282941,crossed,1,eb_ic_gp,random,14,5,0.8162524340000346,442.93429649091905,59576.26638635022,10476.700510562288,,8.0
4.151419146403279,9.111841603950023,72.50347266749344,55.68759417296874,221.83680674731772,2.2521504815157414,crossed,1,eb_ic_gp,random,14,6,0.9460304809999798,481.17152894984395,59366.078167608015,9873.686731428594,,8.0
4.2861822239997664,5.408109645241434,25.36341167272928,21.37918716147271,222.8852995467391,1.2036576820943594,crossed,1,eb_ic_gp,random,14,7,1.1013280130000567,429.79928735071263,59632.64726343743,8649.44539767938,,8.0
2.287840030264407,5.301835779710498,59.63563907524798,37.54878933043495,223.50968934737975,0.5792678814537169,crossed,1,eb_ic_gp,random,14,8,1.4259521919998406,464.06871135783615,59457.88904230939,10093.73964358955,,8.0
2.9644978731286646,7.1692065351241965,68.30884037242429,50.195558599390544,223.57808256007877,0.5108746687546954,crossed,1,eb_ic_gp,random,14,10,1.7188007209997522,476.24567712442433,59395.19446663742,10093.029662226596,,8.0
2.7577871309610784,5.79413414901957,64.28524383610664,39.55423734019545,224.5484260561661,0.4594688273326426,crossed,1,eb_ic_gp,random,14,12,1.923495125000045,466.4874669605468,59445.9757048395,10156.844996643471,,8.0
2.0062590721511873,4.209648593299195,47.881210584121604,27.700987483634865,223.52133841082454,0.5676188180089241,crossed,1,eb_ic_gp,random,14,16,2.010689341000216,451.90490171254163,59526.59661652875,10384.946984815797,,8.0
3.3637018660302216,3.006633459673249,15.416460067945462,11.13908346410762,224.16009538971375,0.07113816088028102,crossed,1,eb_ic_gp,random,14,20,1.9906794480002645,417.55246957775114,59727.46061327639,8755.77827344989,,8.0
1.829089422211061,4.587301225163128,180.53042569932475,34.73084373469121,224.44982171766253,0.3608644888290655,crossed,1,eb_ic_gp,random,14,30,2.9006535230000736,398.67140483701456,59863.26495522041,10400.569394348042,,8.0
1.5742914973136257,4.379375440376069,136.62351594327689,60.39930039122431,224.36334727794312,0.27439004910965537,crossed,1,eb_ic_gp,random,14,50,3.438457920000019,406.43870356782844,59813.288211239626,10998.942496362406,,4.0
12.526526301651916,13.656238151738123,161.99878194416948,66.96087584784112,222.27066583673346,1.818291392100008,crossed,1,eb_ic_gp,random,15,3,0.33960369700025694,482.9235028859148,59350.248145733894,9766.917094670494,,
8.761316537917635,10.765634980746093,175.04420896331493,66.32980315308863,222.27066583673346,1.818291392100008,crossed,1,eb_ic_gp,random,15,4,0.6573763269998381,481.3031388782922,59361.05346379219,9638.789105258038,,
6.833117561491215,9.157320443813125,80.29663122716471,50.902092727149096,221.83680674731772,2.2521504815157414,crossed,1,eb_ic_gp,random,15,5,0.7585314869998001,481.4206615898723,59365.198389138364,9834.665711746744,,4.0
4.118599785709849,6.570329796560739,63.514243766565684,27.861117470652218,224.3969662389151,0.3080090100816335,crossed,1,eb_ic_gp,random,15,6,1.0477699269999903,451.69639140063083,59533.76190119469,12273.174604910024,,8.0
4.326556432121524,8.74444573360054,49.28547271137937,40.38408228871498,222.8852995467391,1.2036576820943594,crossed,1,eb_ic_gp,random,15,7,1.12290717399992,457.76491585344473,59491.55923771974,10344.639312779445,,15.0
6.242011786766779,2.6175777427060574,68.06334477388147,14.8536748896108,223.47287391102122,0.6160833178122402,crossed,1,eb_ic_gp,random,15,8,1.3540528140001697,430.5027985098234,59659.35575725281,11280.292005929497,,15.0
3.241579761851245,8.22958484697112,63.958756672688686,51.26479949640894,221.88367424154472,2.20528298728874,crossed,1,eb_ic_gp,random,15,10,1.724083366999821,475.01991386133983,59402.07159830337,10189.539157271196,,8.0
2.703769983544604,5.30027076213885,57.004542105166486,32.68369943250991,223.49993325674473,0.5890239720887394,crossed,1,eb_ic_gp,random,15,12,2.155084278999766,460.1013380425974,59481.062568161666,10197.235488079168,,8.0
3.3235074354317797,5.140161516574681,199.82822659360565,43.21856601173127,224.31944487008556,0.23048764125209686,crossed,1,eb_ic_gp,random,15,16,2.170222886999909,401.63651709683,59843.284549305194,10525.212728538641,,8.0
2.1953180352293407,7.011149163199015,309.3414610926981,75.30700438700681,224.31944487008556,0.23048764125209686,crossed,1,eb_ic_gp,random,15,20,2.3078851750001377,388.1510796973583,59944.59213770042,10365.374773514099,,8.0
1.7180804936068759,4.09458314415362,174.78356584126493,34.970012817256,224.3969662389151,0.3080090100816335,crossed,1,eb_ic_gp,random,15,30,2.7123451439997552,400.36811934270787,59849.685466172996,10605.849754967312,,8.0
1.6646985490097954,2.304576929270702,32.478617398751894,17.966025929914732,224.2374937087515,0.14853647991802177,crossed,1,eb_ic_gp,random,15,50,3.6324040100003003,400.0428526123115,59852.74764788969,10380.682560045494,,4.0
12.526526301651916,13.656238151738123,161.99878194416948,66.96087584784112,222.27066583673346,1.818291392100008,crossed,1,eb_ic_gp,random,16,3,0.3574688479998258,482.9235028859148,59350.248145733894,9766.917094670494,,
9.085279806884667,11.165976207375918,127.44006219922417,55.07573116967204,223.09017745007432,0.9987797787591433,crossed,1,eb_ic_gp,random,16,4,0.7243374370000311,468.1747905957631,59429.94744332057,10106.451989724945,,
8.852290637332208,10.413142861922257,53.91964797416657,15.039006588427641,224.31944487008556,0.23048764125209686,crossed,1,eb_ic_gp,random,16,5,0.8358326439997654,437.02113864667075,59613.15532625989,11263.160966948115,,4.0
4.891184037963462,7.570599384893178,60.516594047388054,42.72233638686341,221.88367424154472,2.20528298728874,crossed,1,eb_ic_gp,random,16,6,0.9979802769998969,467.7122425170763,59435.48603572622,10115.534608164238,,4.0
6.59060996517257,7.781969857049082,68.25912680168248,27.864629002167867,224.42188382175317,0.33292659291970494,crossed,1,eb_ic_gp,random,16,7,1.1312928940001257,455.63200191093887,59522.350454554005,13298.978665455723,,8.0
4.277526865504961,9.758356287072614,56.91200239508181,47.09746486191306,221.88367424154472,2.20528298728874,crossed,1,eb_ic_gp,random,16,8,1.360290508000162,465.6483688769278,59447.71918601621,10204.819941057634,,15.0
2.594774122017566,5.03344736548696,53.41093826910808,34.10867623375631,223.50968934737975,0.5792678814537169,crossed,1,eb_ic_gp,random,16,10,1.847783574999994,459.413824777568,59484.0017260524,10225.479163773765,,8.0
2.1771950548437555,4.94541618169204,49.43709352577965,35.110500434902825,223.5651216805332,0.5238355483002692,crossed,1,eb_ic_gp,random,16,12,2.2006654799997705,457.6620723317258,59494.864002574126,10338.991259469962,,8.0
1.9119611211564194,2.7594963048138808,117.27957075157364,20.856511718622215,224.2374937087515,0.14853647991802177,crossed,1,eb_ic_gp,random,16,16,2.370183363999786,414.99472827868885,59750.29215896934,10091.109186911852,,8.0
2.289984915256325,4.52717986113107,191.7352352084158,48.73344490618203,224.4560301389757,0.36707291014224097,crossed,1,eb_ic_gp,random,16,20,2.6383232759999373,409.22007813824865,59795.50440965866,11538.977496809524,,8.0
1.9782212428930914,2.112949083785112,55.77567661014561,14.574880497651236,224.45962448815703,0.37066725932356803,crossed,1,eb_ic_gp,random,16,30,2.939290427999822,422.6335471260957,59705.537407671814,10638.974326576708,,4.0
1.7937542337226537,9.966655184602075,324.5616231552151,116.53806529598039,224.36334727794312,0.27439004910965537,crossed,1,eb_ic_gp,random,16,50,3.521231473000171,386.34296608067797,59954.86063349606,10731.195558192903,,4.0
12.526526301651916,13.656238151738123,161.99878194416948,66.96087584784112,222.27066583673346,1.818291392100008,crossed,1,eb_ic_gp,random,17,3,0.3360055220000504,482.9235028859148,59350.248145733894,9766.917094670494,,
9.453395678688166,11.212188751882675,165.39025043704277,65.04473968345995,222.27066583673346,1.818291392100008,crossed,1,eb_ic_gp,random,17,4,0.7067006349998337,480.01357946171777,59368.07041535217,9812.585162435606,,
9.514504579278508,6.309382946485644,53.65169980325246,22.411864394847616,224.42188382175317,0.33292659291970494,crossed,1,eb_ic_gp,random,17,5,0.8578337450003346,446.22916560831635,59566.38023205329,12724.361383621945,,15.0
4.018457642587973,7.161630159158286,67.88349909328325,48.69171416376293,223.57119513616567,0.5177620926677946,crossed,1,eb_ic_gp,random,17,6,1.0694105659999877,474.53978593866145,59400.17469175483,9875.18471580981,,8.0
3.4646337515198926,7.8574402174600335,68.62460182109324,53.39374205400067,221.83680674731772,2.2521504815157414,crossed,1,eb_ic_gp,random,17,7,1.2349512960004176,478.23770853393546,59383.59139469762,10035.728839955778,,8.0
3.23427115699651,7.886003433542093,61.217234443965594,49.48082939786843,221.88367424154472,2.20528298728874,crossed,1,eb_ic_gp,random,17,8,1.3974695199999587,472.1443796943387,59415.49692727248,10170.4434479994,,8.0
6.024536365674253,5.934276589215184,22.088119662603358,16.165565480893843,224.5340788640558,0.4451216352223355,crossed,1,eb_ic_gp,random,17,10,1.5252858559997549,427.3371119291288,59657.26073680929,8933.932917976488,,8.0
2.9725906447548773,2.741719248928452,58.943044630364795,16.912316331694104,224.31944487008556,0.23048764125209686,crossed,1,eb_ic_gp,random,17,12,2.049581911000132,434.77081883472954,59622.92648131123,10789.38915580414,,8.0
2.2795616516253867,2.5023482673120805,77.10923533335806,17.385247753817456,224.44982171766253,0.3608644888290655,crossed,1,eb_ic_gp,random,17,16,2.114360023000245,431.9165717930509,59644.23585579315,10682.15918192071,,8.0
2.334925125399328,3.684408715196031,146.44351868502002,32.504370922541845,223.39749430507712,0.6914629237563474,crossed,1,eb_ic_gp,random,17,20,2.361972524000066,416.10820462903644,59744.85639961634,10726.875684800387,,8.0
2.5121358145853403,3.2541721841786546,19.02590764711744,13.550934989419444,224.473103297587,0.3841460687535232,crossed,1,eb_ic_gp,random,17,30,2.7392728690001604,412.439295180174,59769.39507447876,10188.907121352619,,8.0
1.407947913861792,2.3892857314713174,44.828756967110515,13.096828976317088,224.45233864522191,0.36338141638844945,crossed,1,eb_ic_gp,random,17,50,3.5096575969996593,424.05591907574336,59691.92551842138,10408.089653668247,,4.0
12.526526301651916,13.656238151738123,161.99878194416948,66.96087584784112,222.27066583673346,1.818291392100008,crossed,1,eb_ic_gp,random,18,3,0.36643959100001666,482.9235028859148,59350.248145733894,9766.917094670494,,
10.0910503908016,11.762616478373227,143.21406590539266,59.97938417941948,222.33895847117853,1.7499987576549358,crossed,1,eb_ic_gp,random,18,4,0.7200341669999943,473.94671036670326,59397.410069276346,10013.939764104683,,
5.488650817602315,12.048349303495296,70.3244061378263,58.32103365122272,221.83680674731772,2.2521504815157414,crossed,1,eb_ic_gp,random,18,5,0.8183838949998972,481.743587189126,59365.07444414876,9929.391712445316,,15.0
6.534680046424767,7.11842683992371,47.46611119244363,23.206063176111613,223.49993325674473,0.5890239720887394,crossed,1,eb_ic_gp,random,18,6,1.0112776300002224,446.78801997811325,59554.154965598005,10195.48209236388,,15.0
4.289808721318181,7.154381349360489,56.27836082009785,41.078482341768655,221.88367424154472,2.20528298728874,crossed,1,eb_ic_gp,random,18,7,1.1197291460002816,465.00963737988894,59449.82621243897,10231.952683062558,,4.0
4.452729061114665,5.701888183879943,69.64396384494793,28.880807233829863,224.42188382175317,0.33292659291970494,crossed,1,eb_ic_gp,random,18,8,1.2862718060000589,456.3912168094456,59514.2347072397,12889.348476470375,,8.0
3.4309463819501476,8.128459526551561,59.9543995248887,48.436444552328666,221.88367424154472,2.20528298728874,crossed,1,eb_ic_gp,random,18,10,1.6180080899998757,470.40690643544656,59423.435179169646,10259.671301729364,,8.0
2.0916910028768876,2.497489574682956,88.4540650794148,17.79872055990948,223.42543220098648,0.6635250278469869,crossed,1,eb_ic_gp,random,18,12,2.0116828919999534,428.7956351921306,59663.769134609196,10802.613816119147,,8.0
2.284100331104127,2.286132929128392,17.92674157402782,10.170197879285496,224.42188382175317,0.33292659291970494,crossed,1,eb_ic_gp,random,18,16,2.162624609999966,416.72300888919193,59738.31121027986,10186.200168144374,,8.0
1.784835730733816,3.367108160915421,37.026234806066235,23.440383461152404,224.5612679691042,0.4723107402707285,crossed,1,eb_ic_gp,random,18,20,2.3564584109999487,441.180792614728,59582.72154871911,10045.7075668838,,8.0
1.5925622089879676,1.532244625687,42.51252106567213,8.279233520101819,224.16009538971375,0.07113816088028102,crossed,1,eb_ic_gp,random,18,30,2.622067279000021,424.5589982038549,59684.184281374066,9615.49276976235,,8.0
1.613007008820407,2.85543551351434,81.40351507856391,21.290166698369806,224.36334727794312,0.27439004910965537,crossed,1,eb_ic_gp,random,18,50,3.1988992500000677,417.0602251584585,59738.450482451546,10639.93586638929,,4.0
12.526526301651916,13.656238151738123,161.99878194416948,66.96087584784112,222.27066583673346,1.818291392100008,crossed,1,eb_ic_gp,random,19,3,0.3315999829997054,482.9235028859148,59350.248145733894,9766.917094670494,,
10.0910503908016,11.762616478373227,143.21406590539266,59.97938417941948,222.33895847117853,1.7499987576549358,crossed,1,eb_ic_gp,random,19,4,0.7274989200000164,473.94671036670326,59397.410069276346,10013.939764104683,,
4.887860201233678,9.682748735657846,63.89945813089817,51.998511161684135,221.88367424154472,2.20528298728874,crossed,1,eb_ic_gp,random,19,5,0.8682220360001338,474.9676391639654,59398.1595386447,10043.92527030574,,8.0
5.144266579277937,9.292961921080304,62.32356011934158,50.513897384898144,221.88367424154472,2.20528298728874,crossed,1,eb_ic_gp,random,19,6,0.8972658620000402,473.02059757821485,59408.43615720521,10103.758181283956,,8.0
4.305172542254605,4.965381883070492,57.56191218627592,13.852317972698952,224.11456696675037,0.025609737916909125,crossed,1,eb_ic_gp,random,19,7,1.1774902600000132,422.73584665420265,59691.45473536949,8731.121871268288,,8.0
6.581537602328869,8.662133669596964,74.98086746541954,32.808509902323266,224.42188382175317,0.33292659291970494,crossed,1,eb_ic_gp,random,19,8,1.2923744290001196,459.74357955251565,59490.66591686453,12872.059320265042,,8.0
6.670842306300679,6.06581036544502,215.54558804547764,49.3714356144384,224.44982171766253,0.3608644888290655,crossed,1,eb_ic_gp,random,19,10,1.5431614630001604,408.21249292488096,59808.483230148384,12197.596844590882,,8.0
2.770794278571488,6.518091646148773,75.74015060633371,50.49254150594741,223.55115273257854,0.5378044962549211,crossed,1,eb_ic_gp,random,19,12,1.767123950000041,479.6296817990355,59379.41222792155,9979.013328239284,,8.0
2.0607913450996893,3.96324917551947,50.043095586615514,26.93917044304498,223.49993325674473,0.5890239720887394,crossed,1,eb_ic_gp,random,19,16,2.0643352219999542,452.3261098903593,59525.76182442975,10432.899219646608,,8.0
3.3083546442390617,4.3261620016953355,122.11872540115058,26.77710835776766,224.31944487008556,0.23048764125209686,crossed,1,eb_ic_gp,random,19,20,2.1776120240001546,410.0335409155683,59782.22996130213,9973.117259747478,,8.0
1.6760990382881225,2.688634168444104,99.08799363306866,19.960316620075854,224.36334727794312,0.27439004910965537,crossed,1,eb_ic_gp,random,19,30,2.599331403999713,412.0349705422126,59771.86625130439,9837.58274678125,,8.0
1.629044719712398,3.2172602339182816,96.02713389760788,22.60629458496483,224.36334727794312,0.27439004910965537,crossed,1,eb_ic_gp,random,19,50,3.0102779950002514,409.60078697191346,59788.033020321025,10143.71906192391,,4.0
12.526526301651916,13.656238151738123,161.99878194416948,66.96087584784112,222.27066583673346,1.818291392100008,crossed,1,eb_ic_gp,random,20,3,0.31754450799962797,482.9235028859148,59350.248145733894,9766.917094670494,,
9.55828921019991,11.684993339310052,114.61779924311347,52.29074557485558,223.09017745007432,0.9987797787591433,crossed,1,eb_ic_gp,random,20,4,0.6179517049999959,464.7139357392085,59448.0821382786,10174.759950528229,,
5.7117318774852714,8.907454100415448,74.51506147193149,56.61564595738023,221.83680674731772,2.2521504815157414,crossed,1,eb_ic_gp,random,20,5,0.7889892370003508,482.27641047607864,59357.66752209367,9756.912659770642,,8.0
2.9837082462976774,7.096043851529298,69.63434462745165,48.76463309583976,223.56351605433153,0.5254411745019354,crossed,1,eb_ic_gp,random,20,6,0.9719866069999625,475.7392100994637,59396.08185923539,9851.25230323339,,8.0
3.434241985101329,6.85545701510113,73.41116247790478,48.27912060365294,223.54306544692056,0.5458917819128999,crossed,1,eb_ic_gp,random,20,7,1.0069066549999661,477.36771348461025,59390.25427427163,9860.24514329077,,8.0
4.42914468593198,7.10308378757179,69.07811509330637,40.82390046875552,224.5484260561661,0.4594688273326426,crossed,1,eb_ic_gp,random,20,8,1.1538542250000319,469.23089544672035,59432.912656376386,9937.432592766141,,8.0
3.9441056358411086,2.8317327800366465,57.85281521668851,17.68719816487006,224.3969662389151,0.3080090100816335,crossed,1,eb_ic_gp,random,20,10,1.541960157000176,439.63294536695594,59603.62220912318,11765.748141990969,,8.0
1.8974937708065052,3.41284146757959,53.96283952310831,26.273532362804886,224.50569750948122,0.41674028064775825,crossed,1,eb_ic_gp,random,20,12,1.9919205420001163,447.9881759745935,59546.735732143374,10472.486838266841,,8.0
2.7573514955024523,3.3721901048262457,24.400022956588348,17.313403657692607,224.5340788640558,0.4451216352223355,crossed,1,eb_ic_gp,random,20,16,1.9587374950001504,424.81734347575593,59681.53951683113,9525.020961165666,,8.0
2.043258956609506,3.432853127135064,140.69246616442956,32.73124143443834,224.45962448815703,0.37066725932356803,crossed,1,eb_ic_gp,random,20,20,2.121735178000108,405.3086566165251,59824.894673821094,10015.433623249302,,8.0
2.0598697704448137,3.6751162734430105,26.969876441963773,19.991572460891245,222.9365190225729,1.1524382062605696,crossed,1,eb_ic_gp,random,20,30,2.5744206019999183,427.6601099546163,59663.811858697576,9927.093302146177,,8.0
1.4324955335474223,1.8620205724248737,25.793493882689273,9.042791180755389,224.2374937087515,0.14853647991802177,crossed,1,eb_ic_gp,random,20,50,2.8786667090002993,406.3097895745691,59809.01679883773,10260.910470992627,,4.0
12.526526301651916,13.656238151738123,161.99878194416948,66.96087584784112,222.27066583673346,1.818291392100008,crossed,1,eb_ic_gp,random,21,3,0.30453911099994,482.9235028859148,59350.248145733894,9766.917094670494,,
8.897821457528906,10.828064453255076,176.0397128835166,66.71968624983293,222.27066583673346,1.818291392100008,crossed,1,eb_ic_gp,random,21,4,0.6875668489997224,481.77789692177794,59357.966558834676,9655.735350464513,,
4.905611589260443,10.381335392425147,78.29628883311972,59.50289182966569,221.86091003006305,2.228047198770412,crossed,1,eb_ic_gp,random,21,5,0.8346704119999231,485.310367795028,59345.04808012695,9593.191526696162,,15.0
5.904685686968992,10.299838153000266,82.46547201040264,60.07048073140796,221.86091003006305,2.228047198770412,crossed,1,eb_ic_gp,random,21,6,0.9624630029998116,489.4881822963232,59325.67884754394,9549.96619880253,,8.0
3.981090999994268,8.959640035981137,69.32981206913753,54.152954290186514,221.83680674731772,2.2521504815157414,crossed,1,eb_ic_gp,random,21,7,0.999703782999859,479.21556106911044,59379.82666782388,10023.992978181139,,8.0
2.706419607568395,2.5706858093142286,83.21345727977526,17.285073522899545,223.44871378091094,0.6402434479225292,crossed,1,eb_ic_gp,random,21,8,1.2076395569997658,429.2886172096203,59659.549718366114,10718.76295771067,,8.0
4.070090697445666,4.515977702339687,28.573575726755866,14.368319257907174,224.36334727794312,0.27439004910965537,crossed,1,eb_ic_gp,random,21,10,1.4482624120000764,435.9416910823028,59615.04548922521,9848.804188031763,,8.0
2.7984472498741515,4.057696347812313,122.35814246724419,26.8148442506209,224.31944487008556,0.23048764125209686,crossed,1,eb_ic_gp,random,21,12,1.8370903629997883,410.1015628621688,59782.70418957257,9735.904243131752,,8.0
2.0490236493888467,5.402362082381658,59.90312555823617,40.64762422781148,223.53167490374034,0.5572823250931265,crossed,1,eb_ic_gp,random,21,16,2.055708072000016,466.4177450272834,59446.30753582335,10266.199954086123,,8.0
2.3751822099804634,2.7521499879163556,62.41926155241412,18.110445562969236,224.49726342769728,0.40830619886381214,crossed,1,eb_ic_gp,random,21,20,2.043881206000151,435.98799507814607,59619.08877763371,10471.554201159672,,8.0
1.651375701176684,3.999625683507614,147.66341968976963,33.1137340916299,224.473103297587,0.3841460687535232,crossed,1,eb_ic_gp,random,21,30,2.3740096740002627,416.1308971333053,59744.27381641539,10465.714479252489,,8.0
1.7142894704678306,4.875632593372115,151.18019686427553,63.98321704259441,224.34979715206117,0.26083992322770655,crossed,1,eb_ic_gp,random,21,50,3.1648660270002438,402.50171694807483,59839.47284682063,10659.795194887956,,4.0
12.526526301651916,13.656238151738123,161.99878194416948,66.96087584784112,222.27066583673346,1.818291392100008,crossed,1,eb_ic_gp,random,22,3,0.3287267239998073,482.9235028859148,59350.248145733894,9766.917094670494,,
9.41010443212216,11.077933244467662,176.72549791760036,67.53915718588819,222.27066583673346,1.818291392100008,crossed,1,eb_ic_gp,random,22,4,0.6597814950000611,483.02892398996147,59351.609861526355,9674.981705338234,,
3.2959706924229484,7.878182311382343,68.66383135409848,53.55516128403912,221.83680674731772,2.2521504815157414,crossed,1,eb_ic_gp,random,22,5,0.8210890410000502,477.9100196194187,59381.687642522455,9886.79123390396,,8.0
4.427790703037377,6.276945624748953,55.586559671473225,25.308472887471577,223.39749430507712,0.6914629237563474,crossed,1,eb_ic_gp,random,22,6,0.9598648810001578,450.89889806473093,59540.399633245164,12801.747457683095,,8.0
5.50126025424054,8.893827018598381,82.29629462283923,47.95212858929438,221.86091003006305,2.228047198770412,crossed,1,eb_ic_gp,random,22,7,1.0471315669997239,480.84386194276925,59371.0866576871,9640.387288028907,,4.0
5.16317904938339,4.235777990190762,88.60867674081805,13.512054085203184,223.02188481562925,1.0670724132042153,crossed,1,eb_ic_gp,random,22,8,1.184173188999921,416.39080476824904,59733.02806268865,8938.605388921962,,15.0
6.245507610450612,4.533805141563948,15.129188511608888,10.18502954647578,222.9365190225729,1.1524382062605696,crossed,1,eb_ic_gp,random,22,10,1.3823466619996907,425.7347084047698,59672.51303390642,9181.106168248609,,15.0
3.2409731086700106,7.265789110400264,207.75655599491435,48.503650459075395,223.39749430507712,0.6914629237563474,crossed,1,eb_ic_gp,random,22,12,1.7872079520002444,409.9516067199602,59791.60149665763,11592.800949916129,,8.0
2.324745167712224,2.28966541986831,70.23441461770184,15.342080292984026,224.42188382175317,0.33292659291970494,crossed,1,eb_ic_gp,random,22,16,1.9079262369996286,430.54910660208276,59653.81426980675,10905.601194155694,,8.0
1.9478328325660852,3.78126193393667,151.25436527670266,27.823299280993126,224.42188382175317,0.33292659291970494,crossed,1,eb_ic_gp,random,22,20,2.2748376499998813,404.49292040747076,59820.37293842981,10113.44074799441,,8.0
1.8373529206295598,6.987004515304665,279.373545021297,72.29353889979011,224.42188382175317,0.33292659291970494,crossed,1,eb_ic_gp,random,22,30,2.5690056039998126,403.2973865754682,59830.18331531268,10843.389889829192,,4.0
1.5073622076829896,1.626881397165134,23.17356664277568,8.552157170665051,224.30531535951073,0.21635813067726417,crossed,1,eb_ic_gp,random,22,50,2.9807704029999513,393.65853753402547,59901.47568509787,10567.776578305433,,4.0
12.526526301651916,13.656238151738123,161.99878194416948,66.96087584784112,222.27066583673346,1.818291392100008,crossed,1,eb_ic_gp,random,23,3,0.332314494000002,482.9235028859148,59350.248145733894,9766.917094670494,,
9.420420273524305,11.306101379407432,175.94673795154694,67.49082853282677,222.27066583673346,1.818291392100008,crossed,1,eb_ic_gp,random,23,4,0.6373690099999294,483.1798569349799,59352.734624806144,9725.659701684666,,
4.842223868979195,8.243765950716613,51.669265556297795,41.46592141991823,222.8852995467391,1.2036576820943594,crossed,1,eb_ic_gp,random,23,5,0.7667660130000513,459.91680462991536,59475.25732978253,10284.904348176748,,8.0
5.077880034571492,7.8926121671871865,66.12698202907352,45.356366091873454,221.88367424154472,2.20528298728874,crossed,1,eb_ic_gp,random,23,6,1.0288831010002468,471.3579729698967,59415.22929424422,10125.684382405718,,4.0
3.4616475635640787,8.49911248077694,69.64229115309085,54.20016793375934,221.83680674731772,2.2521504815157414,crossed,1,eb_ic_gp,random,23,7,1.0756266910002523,479.3403018360562,59378.650029959135,10020.21801061618,,8.0
4.448393903594954,6.582118499438237,51.16268571624487,32.89641989273494,223.5386939411595,0.550263287673971,crossed,1,eb_ic_gp,random,23,8,1.2181635410001945,454.7929876188721,59508.465342819545,10300.807244405365,,15.0
3.756054530395622,6.826236849949939,54.365988323473516,37.50690441414246,223.553049750202,0.5359074786314579,crossed,1,eb_ic_gp,random,23,10,1.5109607680001318,459.50940090377316,59483.252077685625,10282.778173529348,,15.0
2.407175654660267,4.195512230759278,77.0660147915734,27.477348214685392,224.3969662389151,0.3080090100816335,crossed,1,eb_ic_gp,random,23,12,2.0047944220000318,451.75586115909897,59530.11712783203,11781.85080178898,,8.0
3.049013961818517,4.497027811949287,49.47695339819187,23.080330788776216,224.42188382175317,0.33292659291970494,crossed,1,eb_ic_gp,random,23,16,2.328839637999863,449.6740148237942,59543.556304005004,12096.816806030565,,4.0
1.859292101728228,2.019906838783702,27.065034860242243,12.657510103885583,224.50650730356554,0.41755007473207684,crossed,1,eb_ic_gp,random,23,20,2.499485831000129,431.063737669252,59647.59069315099,10075.793205240378,,8.0
1.7620235805770448,5.849026129581636,222.1472432456347,53.982705078928774,224.36765143557622,0.278694206742756,crossed,1,eb_ic_gp,random,23,30,2.6750191000000996,398.09591154725393,59868.80973611645,10580.89046482499,,8.0
1.4925139494497326,3.371005789157868,110.70252459895622,32.07705917728515,224.16009538971375,0.07113816088028102,crossed,1,eb_ic_gp,random,23,50,3.142382510999596,404.97257788117247,59821.158936205626,10436.850542428783,,4.0
12.526526301651916,13.656238151738123,161.99878194416948,66.96087584784112,222.27066583673346,1.818291392100008,crossed,1,eb_ic_gp,maxvar,0,3,0.31831061200000477,482.9235028859148,59350.248145733894,9766.917094670494,,
9.22380137164458,11.318825052076145,182.53828047830595,68.75310278639485,222.27066583673346,1.818291392100008,crossed,1,eb_ic_gp,maxvar,0,4,0.6479064079999262,484.89034876747183,59345.11977560445,9661.963793898045,,
4.948619797346435,10.105903859099545,79.6917741382795,58.29966456525321,223.67008609171805,0.418871137115417,crossed,1,eb_ic_gp,maxvar,0,5,0.8294314370000393,484.5676145107077,59349.00792195381,9590.894489468646,,15.0
4.238701522474236,9.7649577944045,74.52930565099891,55.84085389799927,223.60725025372983,0.48170697510363425,crossed,1,eb_ic_gp,maxvar,0,6,1.003303233999759,481.1041482567268,59369.35821907875,9809.170816553938,,15.0
4.030909225419307,9.301316264601764,68.84274539686209,52.92273107780379,221.88367424154472,2.20528298728874,crossed,1,eb_ic_gp,maxvar,0,7,1.1217123979999997,476.8870957919616,59391.68114054192,10010.444811060366,,15.0
4.201015804182665,8.211035269385562,49.93169775069628,37.964879812463934,222.8852995467391,1.2036576820943594,crossed,1,eb_ic_gp,maxvar,0,8,1.3073177149999538,448.61416137547207,59534.15244655789,9583.697394545803,,15.0
3.544480988072054,7.193316605548783,47.63234680518519,36.04544582239974,222.8852995467391,1.2036576820943594,crossed,1,eb_ic_gp,maxvar,0,10,1.5910471430001962,447.1432402225189,59544.248806936346,9707.571016824155,,15.0
3.771280789242265,4.721236626450476,21.633493083418855,19.0572521023762,222.9365190225729,1.1524382062605696,crossed,1,eb_ic_gp,maxvar,0,12,1.8573697709998669,429.7597961035639,59644.54575113124,8869.93776349861,,15.0
3.9587396235048806,6.042543074057314,30.966536333421946,28.20309024419742,223.94120874085135,0.14774848798211337,crossed,1,eb_ic_gp,maxvar,0,16,1.8641953380001723,429.3392956162679,59649.70773975189,9233.581079408035,,8.0
4.096359398960044,4.263703420446393,17.406624027396454,14.060322939994277,224.16009538971375,0.07113816088028102,crossed,1,eb_ic_gp,maxvar,0,20,2.468988332000208,420.98721825567594,59705.322337552,8979.969310568926,,8.0
2.712570102613898,2.041444810483228,10.606823724262297,9.21799125165612,224.36334727794312,0.27439004910965537,crossed,1,eb_ic_gp,maxvar,0,30,3.065805588999865,412.5707687396752,59766.46367164391,9522.352020860322,,8.0
2.5736443227733306,2.547731306066953,12.626657173691836,,224.31944487008556,0.23048764125209686,crossed,1,eb_ic_gp,maxvar,0,50,3.80839379300005,402.2035289306119,59841.33967575155,10313.108158498786,,4.0
