amp_map_pct,peak_mean_pct,peak_max_pct,peak_neartip_pct,dns,dns_err,dns_status,n_cross,rec,strategy,rep,n,t_fit,k1,f_free,g,rank,ell
10.243353981015378,8.792494206123395,142.14938540787054,38.11631682804137,,,no_null,0,fem,equispaced,0,3,0.32381376400007866,1237.4472271496716,62910.529851811036,39810.903233969344,,
8.121439440154676,7.746668323955332,118.40162434564354,30.844169847304826,223.60567669072418,0.48328053810928395,crossed,1,fem,equispaced,0,4,0.5861626600001273,1174.8902019909006,62961.13787360787,42948.594117297114,,
7.471981377057609,9.613486926880203,133.3192199931293,34.73646244459994,223.60567669072418,0.48328053810928395,crossed,1,fem,equispaced,0,5,0.7322364849999303,1198.390181023231,62945.54834763783,42818.28661462605,,
6.899834138265897,9.048592767250781,120.60643680596979,31.273113073033514,223.60567669072418,0.48328053810928395,crossed,1,fem,equispaced,0,6,0.7656372090000332,1169.1228492392588,62970.077163342685,44321.558496898775,,
6.803328804972334,8.710465496714876,119.4531457673059,31.08361689482103,223.60567669072418,0.48328053810928395,crossed,1,fem,equispaced,0,7,0.9166707249999035,1167.7621369666417,62970.59341610001,44840.15320545106,,
6.314114464081999,8.554575020094331,117.70870688838886,29.717308547666942,223.60567669072418,0.48328053810928395,crossed,1,fem,equispaced,0,8,1.0162785890001942,1153.5377789085805,62986.30246578737,45480.87665596456,,
6.360843094447597,8.417549189614537,107.94011627760088,25.709222292204203,223.60567669072418,0.48328053810928395,crossed,1,fem,equispaced,0,10,1.172081611000067,1118.459700893433,63017.6642559613,46320.569364301686,,
6.299463069616179,8.333657558318587,117.17080618654478,32.741434108861014,223.60567669072418,0.48328053810928395,crossed,1,fem,equispaced,0,12,1.3694453240000257,1153.5197191507125,62984.854749930564,46483.48353041569,,
6.343718980250891,7.8598413408573125,105.56522187264068,28.663565349576636,223.60567669072418,0.48328053810928395,crossed,1,fem,equispaced,0,16,1.5032077919997846,1122.1245498145515,63009.92406840909,46771.922036120806,,
6.9757566392340085,8.055954361443089,73.36677017099376,15.39722595768894,223.49993325674473,0.5890239720887394,crossed,1,fem,equispaced,0,20,1.6630397659998835,1014.6295486504908,63118.55295961203,46256.49447888734,,
6.052795990000104,8.522160199057673,101.13200353992636,29.545647239997347,224.01212801508277,0.07682921375069895,crossed,1,fem,equispaced,0,30,1.904963177999889,881.8134999094841,63291.60127155118,47152.14607037191,,
5.554703601080086,6.80186160384195,57.45626476051298,20.48332759887316,224.01212801508277,0.07682921375069895,crossed,1,fem,equispaced,0,50,2.3894159499998295,896.3218692199997,63272.14206309385,47454.92206476332,,
10.243353981015378,8.792494206123395,142.14938540787054,38.11631682804137,,,no_null,0,fem,dopt_lowrank,0,3,0.3122465279998323,1237.4472271496716,62910.529851811036,39810.903233969344,,
7.0903796249329325,6.293922413399288,105.50712134111977,27.48505986761159,223.60567669072418,0.48328053810928395,crossed,1,fem,dopt_lowrank,0,4,0.6030149949999668,1146.6982252918867,62989.783822730395,44191.37657582532,,
7.306734426850494,9.609918138408945,133.30907928952405,34.594924891659566,223.60567669072418,0.48328053810928395,crossed,1,fem,dopt_lowrank,0,5,0.7554454240000723,1197.276766801773,62947.33592785301,42914.81376431901,,
8.695681060834923,7.790774194070808,58.8503175634319,9.380004601193802,223.63651852563487,0.45243870319859525,crossed,1,fem,dopt_lowrank,0,6,0.9238004870001078,1075.591782584225,63058.81081429361,40070.53050102916,,
7.293794142251544,5.946607592669653,45.42560757665729,8.040127594865023,223.63651852563487,0.45243870319859525,crossed,1,fem,dopt_lowrank,0,7,1.0471581730000707,1052.871294230115,63084.21821262339,42313.83328647924,,
6.541501653555019,5.487697412704105,41.70759065856818,7.622299320989158,223.63651852563487,0.45243870319859525,crossed,1,fem,dopt_lowrank,0,8,1.2495742440000868,1044.0975184915555,63094.398785221034,43532.37664988831,,
5.900739346750693,4.904382139579977,38.421923547693986,7.395103647957142,223.63651852563487,0.45243870319859525,crossed,1,fem,dopt_lowrank,0,10,1.7360222360000535,1036.0679466561787,63102.67264029974,44872.35769412595,,
8.95334577380898,12.597944741453308,20.060840793367472,8.547149699464294,223.93245327489683,0.1565039539366353,crossed,1,fem,dopt_lowrank,0,12,1.9354330680000658,969.7079417675943,63175.36908476347,41277.21085395294,,
10.05068962701189,15.147678395856373,22.191751950808985,13.07397074603367,224.01212801508277,0.07682921375069895,crossed,1,fem,dopt_lowrank,0,16,1.9032675729999937,925.1252337088379,63231.805864855705,40582.484549568006,,
10.11279606903219,15.294092024113215,22.038855361302613,14.98783454434624,224.01212801508277,0.07682921375069895,crossed,1,fem,dopt_lowrank,0,20,1.8156443609998405,902.9003926900267,63260.522798864906,40668.915395657874,,
7.849337044625484,10.693572917168888,16.225518557009323,10.73948850114055,224.01212801508277,0.07682921375069895,crossed,1,fem,dopt_lowrank,0,30,2.1817633769999247,891.3048317178965,63277.264804057515,43371.240767586656,,
6.20860250910365,6.8591076641225435,12.401711283443902,,224.01212801508277,0.07682921375069895,crossed,1,fem,dopt_lowrank,0,50,2.709037434000038,879.3806997091061,63294.60576412979,45504.4986800913,,
10.243353981015378,8.792494206123395,142.14938540787054,38.11631682804137,,,no_null,0,fem,random,0,3,0.32792886100014584,1237.4472271496716,62910.529851811036,39810.903233969344,,
7.4112551771557165,6.466774389612773,108.67105230133936,28.567348694462602,223.60567669072418,0.48328053810928395,crossed,1,fem,random,0,4,0.609140348999972,1158.4164471385352,62979.37880017317,43785.58909533238,,
7.295682769393122,8.56115501043906,139.3044533372599,36.21090347806446,,,no_null,0,fem,random,0,5,0.7290158460000384,1215.253443152949,62933.02577952703,42959.328101598716,,
5.8631825251005365,6.258947463101572,106.02335013316866,27.404155240674292,223.60567669072418,0.48328053810928395,crossed,1,fem,random,0,6,0.8365767549998964,1138.8945775672262,62998.108441363336,46120.05038091394,,
6.976243063448901,9.544841208893134,150.29153813681563,38.67687458264423,,,no_null,0,fem,random,0,7,0.9707753109998976,1228.7077825901285,62922.2568040157,43668.21835193193,,
10.210816475431745,11.083934242484043,39.39220579629226,10.692288995416483,223.93245327489683,0.1565039539366353,crossed,1,fem,random,0,8,1.1690469889999804,955.3482503599466,63182.98276124275,39810.90800289815,,
5.576195885408252,6.670529187223415,97.65797178136168,23.172829941738886,223.63651852563487,0.45243870319859525,crossed,1,fem,random,0,10,1.352888084999904,1096.923730483863,63036.80836927994,47353.1342175674,,
9.047424963542092,11.388520868654835,85.9513887879894,19.21816461107486,223.63651852563487,0.45243870319859525,crossed,1,fem,random,0,12,1.5844090460000189,1045.2360904999525,63080.88296970041,42301.48918155929,,
4.923735971391246,6.062593574726663,101.1741414834953,26.463501256256784,223.60567669072418,0.48328053810928395,crossed,1,fem,random,0,16,1.6939462029999959,1118.8530907054003,63019.23040546849,48782.38540679393,,
7.441856678937398,8.387009402220306,64.59985811368443,12.231506145486119,223.93245327489683,0.1565039539366353,crossed,1,fem,random,0,20,1.8723620939999819,978.8767262906566,63158.227189232246,43768.29740460268,,
5.4819884031878905,6.232756531024649,90.61357310482717,23.23243348346895,223.63651852563487,0.45243870319859525,crossed,1,fem,random,0,30,2.2441369589998885,1076.310256359275,63058.808034973874,49332.7256207437,,
5.78098658861854,8.987043389105871,127.79877738598495,44.56311183931314,224.01212801508277,0.07682921375069895,crossed,1,fem,random,0,50,2.7880402519999734,850.2928750458926,63338.778357470524,48066.90834778976,,
10.243353981015378,8.792494206123395,142.14938540787054,38.11631682804137,,,no_null,0,fem,random,1,3,0.33643920099984825,1237.4472271496716,62910.529851811036,39810.903233969344,,
7.08254806916531,5.748744676237151,97.44113744645388,25.6859484265483,223.60567669072418,0.48328053810928395,crossed,1,fem,random,1,4,0.5425567959998716,1127.0639915668085,63005.78823886546,45076.12643484968,,
7.209958462900041,8.339260199239606,135.60140283120964,35.281238791687706,223.60567669072418,0.48328053810928395,crossed,1,fem,random,1,5,0.7104365699999562,1208.47882594692,62938.65998866932,43152.17830544475,,
11.641836305504969,17.30991795436629,74.29769261459509,19.108679404738574,223.93245327489683,0.1565039539366353,crossed,1,fem,random,1,6,0.7931356120000146,973.9917731639282,63160.644889218245,39810.886419887545,,
6.197579835504791,7.872157325954837,129.7825007137395,33.88221693963936,223.60567669072418,0.48328053810928395,crossed,1,fem,random,1,7,0.9335237259999758,1193.0032936809935,62952.60235143771,44981.614728165034,,
6.144086439439567,8.22450450721487,128.18173455506553,33.45825716039828,223.60567669072418,0.48328053810928395,crossed,1,fem,random,1,8,1.0708758399998715,1186.206060674766,62957.70528273945,45550.429059001784,,
4.918893281325092,5.310761848729588,89.37663575091165,22.662891382972504,223.63651852563487,0.45243870319859525,crossed,1,fem,random,1,10,1.1989495899999838,1085.9569087707832,63049.68357961505,48559.879246605706,,
5.987217940124736,8.619812187289364,125.46314756655971,32.817292541345886,223.60567669072418,0.48328053810928395,crossed,1,fem,random,1,12,1.4987755520000974,1176.7504138439356,62968.35304284212,45882.85022750454,,
7.873650664430868,11.837018154348232,90.94063028539506,30.240185461975607,224.01212801508277,0.07682921375069895,crossed,1,fem,random,1,16,1.6928125529998397,894.7695042647919,63271.142247963646,44061.60274910024,,
6.1564777338968115,5.7043437138887105,45.42916319620938,9.021496924478265,223.63651852563487,0.45243870319859525,crossed,1,fem,random,1,20,1.7832899420000103,1043.6558704968222,63090.43441438436,45569.27143882211,,
4.875190316195342,4.241144765041531,40.78251409375431,8.368724931588368,223.60567669072418,0.48328053810928395,crossed,1,fem,random,1,30,2.0376281759999983,1030.368096486063,63108.28343163893,48634.11427245011,,
5.266155711577808,4.627672712760569,57.33203199514929,10.7173385622409,224.01212801508277,0.07682921375069895,crossed,1,fem,random,1,50,2.541869098999996,950.3394590259853,63200.714038012586,49250.76038947918,,
10.243353981015378,8.792494206123395,142.14938540787054,38.11631682804137,,,no_null,0,fem,random,2,3,0.33196020600007614,1237.4472271496716,62910.529851811036,39810.903233969344,,
9.122011258621889,12.88342239701106,136.90053266118625,36.34087714988078,223.60567669072418,0.48328053810928395,crossed,1,fem,random,2,4,0.6287034959998437,1197.9655666622912,62945.67851857876,40139.892612779055,,
7.950436997872642,11.61541801899893,110.35728330997688,25.98230464684007,223.63651852563487,0.45243870319859525,crossed,1,fem,random,2,5,0.7454532190001828,1112.4857442861132,63025.33857114767,42857.28208207449,,
8.039982483492912,11.615176200575327,124.60278677696459,31.94158973096207,223.60567669072418,0.48328053810928395,crossed,1,fem,random,2,6,0.8467555070001254,1166.314666941355,62973.49731957015,42630.90298040697,,
5.502556162750952,5.376292734042872,90.49070579337999,23.026094651488048,223.63651852563487,0.45243870319859525,crossed,1,fem,random,2,7,0.9430185910000546,1094.0033367682627,63038.39856457169,47397.92507862276,,
6.909207275806285,9.901069980301148,108.0886799296784,24.617889294988267,223.63651852563487,0.45243870319859525,crossed,1,fem,random,2,8,1.0386714710000433,1109.5238213180905,63029.76590172324,44364.974378602725,,
8.895316739628582,9.930962672312642,100.12247505524414,28.402691207679386,223.63651852563487,0.45243870319859525,crossed,1,fem,random,2,10,1.3561742100000629,1093.924382719734,63027.1929408229,42896.28606684542,,
7.519497035688983,8.531189991717781,31.220953884229775,7.1357069252491785,223.52403653949006,0.5649206893434098,crossed,1,fem,random,2,12,1.4866597869997804,1017.2891826012523,63118.29742526911,42900.960461027906,,
9.94255528820667,13.418324397260248,66.97478718749304,23.37763364201928,224.01212801508277,0.07682921375069895,crossed,1,fem,random,2,16,1.6823668409999755,951.5347604036267,63186.35135209025,42181.91796357376,,
6.4310599700794056,9.520480409720534,104.85597933419663,28.77598592916423,224.01212801508277,0.07682921375069895,crossed,1,fem,random,2,20,1.878762899999856,879.3742201161755,63296.18296829762,46745.814239954736,,
5.775173642632941,7.996510016061734,116.82561601271759,30.421213819786878,223.60567669072418,0.48328053810928395,crossed,1,fem,random,2,30,2.1480538789999173,1155.9380956726545,62984.69181253587,49052.72682860647,,
5.68819177676301,5.665363979477202,56.68393249751974,13.428413629833239,224.01212801508277,0.07682921375069895,crossed,1,fem,random,2,50,2.829537653999978,931.8647937005871,63222.312660590585,47642.951498466515,,
10.243353981015378,8.792494206123395,142.14938540787054,38.11631682804137,,,no_null,0,fem,random,3,3,0.3412249770001381,1237.4472271496716,62910.529851811036,39810.903233969344,,
9.22477520284105,12.424354359874533,142.81714108561198,38.010475609394554,,,no_null,0,fem,random,3,4,0.6441725360000419,1214.6057715878085,62930.250413943315,40130.65586485516,,
12.643783965626799,10.01743719270593,121.69712307873503,31.90874953431359,223.60237220841233,0.4865850204211313,crossed,1,fem,random,3,5,0.7897602169998663,1149.8052247831326,62965.627017389736,39810.90212716973,,
11.210016554777667,4.74514376042061,72.35417388485811,14.504179761616953,223.63651852563487,0.45243870319859525,crossed,1,fem,random,3,6,0.8676049880000392,1115.6333475562167,63017.1382612903,39810.85865198623,,
12.345442917260794,15.464516005630378,96.78834380698419,23.507212733978616,223.63651852563487,0.45243870319859525,crossed,1,fem,random,3,7,1.0631516099999772,1054.1683392266386,63061.59351749473,39810.925003915705,,
11.781288974935924,14.347535326405234,74.71168628453651,25.884468187844227,224.01212801508277,0.07682921375069895,crossed,1,fem,random,3,8,1.2221460219998335,907.5618757420992,63240.06250753897,39810.962625369204,,
5.7421511743679545,7.164300314563859,106.99564975436122,26.282960306114774,223.60567669072418,0.48328053810928395,crossed,1,fem,random,3,10,1.385785910000095,1125.246192231834,63010.92623199835,47060.80556642645,,
6.663845921146987,9.234859819019702,122.18441400158329,35.427589905023176,223.60567669072418,0.48328053810928395,crossed,1,fem,random,3,12,1.7740563970000949,1170.0367991594512,62969.69976650301,45277.58800135755,,
5.5007674019154935,7.391402416252784,113.56813894186853,28.504831972679312,223.60567669072418,0.48328053810928395,crossed,1,fem,random,3,16,1.64647379500002,1140.783053338935,62999.48535142704,47628.618467182634,,
5.582627345439586,5.334579759758269,52.60196864949565,9.500685632043702,223.63651852563487,0.45243870319859525,crossed,1,fem,random,3,20,1.7389450440000473,1052.7907579051716,63083.42106374312,46720.88714680819,,
6.558760675581095,8.223066247028653,59.13625674651435,17.192613068427416,224.01212801508277,0.07682921375069895,crossed,1,fem,random,3,30,1.946959938999953,894.7056837910752,63273.35796400705,45491.44618566964,,
5.392368213050582,8.746074623111104,161.04749659431818,53.471690500975086,,,no_null,0,fem,random,3,50,2.378565566000134,811.3523752947146,63407.13253850696,47914.42321117121,,
10.243353981015378,8.792494206123395,142.14938540787054,38.11631682804137,,,no_null,0,fem,random,4,3,0.30354870099995424,1237.4472271496716,62910.529851811036,39810.903233969344,,
9.195468842625745,10.91451179510871,148.84985632731437,39.365707073939966,,,no_null,0,fem,random,4,4,0.5905621240001437,1234.4185876216607,62913.469624737576,40296.01654135799,,
8.741246114147504,10.187326502523634,161.07422883656244,41.880577123521626,,,no_null,0,fem,random,4,5,0.6833736529999896,1260.2646857364925,62897.07800155237,40647.88869976099,,
13.462612354009323,14.951252955217875,66.18263869249121,23.07471401420723,223.93245327489683,0.1565039539366353,crossed,1,fem,random,4,6,0.8039222559998507,933.5367309337811,63195.85187110186,39810.89766422675,,
5.047976082031262,5.140182780089464,84.85782148546095,20.29871482190603,223.63651852563487,0.45243870319859525,crossed,1,fem,random,4,7,0.7917071880001458,1069.89499677746,63065.02070843505,48011.389933497674,,
4.920116301365643,5.112921639712858,86.56171215463985,21.431060186341227,223.63651852563487,0.45243870319859525,crossed,1,fem,random,4,8,0.9213502269999481,1076.6948599519433,63059.07735145621,48377.50743468356,,
12.251694213742413,19.462855483525345,90.91804990962294,33.4418515586367,224.01212801508277,0.07682921375069895,crossed,1,fem,random,4,10,1.3472837210001671,900.3011605301161,63256.28502659197,40381.466435190916,,
6.0616502968652375,5.665700422491333,61.52231764306656,10.695625333173185,223.63651852563487,0.45243870319859525,crossed,1,fem,random,4,12,1.4174998599999071,1071.0394370497413,63064.86403248466,44810.14926460809,,
10.356153621158038,11.23662177747286,82.83507765787142,21.870642661220884,223.63651852563487,0.45243870319859525,crossed,1,fem,random,4,16,1.6829138190000776,1035.497909025992,63085.2276821808,41113.10304771567,,
5.314033831319533,5.963576645269098,88.91406581323278,20.53215148500595,223.63651852563487,0.45243870319859525,crossed,1,fem,random,4,20,1.8807296009999845,1069.5784392696478,63066.891655644475,49116.90873625177,,
7.717341062846327,8.992018111062736,15.467215891808678,8.340794702144203,224.01212801508277,0.07682921375069895,crossed,1,fem,random,4,30,2.158537733000003,938.2361301142829,63213.52129169049,42395.136339677934,,
5.436249250259492,6.203714855287176,56.851282025116724,21.573127575354395,224.01212801508277,0.07682921375069895,crossed,1,fem,random,4,50,2.775336300999925,917.1878220931222,63243.13205950227,47120.97392754935,,
10.243353981015378,8.792494206123395,142.14938540787054,38.11631682804137,,,no_null,0,fem,random,5,3,0.32528556500005834,1237.4472271496716,62910.529851811036,39810.903233969344,,
7.796144775516309,7.207177820890924,117.09821650920442,31.052022993651352,223.60567669072418,0.48328053810928395,crossed,1,fem,random,5,4,0.555143057000123,1179.7811366071132,62959.76024629971,43165.164882283505,,
9.090456296621559,9.94132777050381,158.75411795089397,41.479430701401675,,,no_null,0,fem,random,5,5,0.6916930459999548,1259.26485862154,62897.31702674499,40331.95053816339,,
14.981517151146663,6.092258953970618,92.01696113998423,22.365759953550597,223.60237220841233,0.4865850204211313,crossed,1,fem,random,5,6,0.805851303000054,1083.1152747840129,63017.862208893006,39810.97317350621,,
4.971832315696158,5.017867145379799,80.74859538983215,18.67688893868143,223.63651852563487,0.45243870319859525,crossed,1,fem,random,5,7,0.7938079189998462,1056.6966471472276,63079.141767886096,48260.897656914065,,
6.807768609894739,8.598213725350966,102.76737519745922,27.02255171270609,223.60567669072418,0.48328053810928395,crossed,1,fem,random,5,8,0.9412155499999244,1111.9978664816144,63019.71925103151,44639.21982793757,,
6.3150493936919645,9.201015132237778,132.9253267271451,34.45275352111557,223.60567669072418,0.48328053810928395,crossed,1,fem,random,5,10,1.1228486729999076,1191.0424537715976,62956.53000093286,44616.63918928715,,
11.103445397466315,17.131520459579384,88.25380432800985,33.44086089988209,224.01212801508277,0.07682921375069895,crossed,1,fem,random,5,12,1.3788122169999042,900.0847275610412,63257.76376466821,40711.34008302638,,
10.148704089810856,14.633649514112776,21.5493213126088,12.37721830447861,224.01212801508277,0.07682921375069895,crossed,1,fem,random,5,16,1.7365946229999736,923.6279888531624,63231.986396330714,39810.8568723469,,
7.074985519981845,7.20280324395612,32.54746064495168,6.493772500188383,223.52403653949006,0.5649206893434098,crossed,1,fem,random,5,20,1.5683662580001965,1019.4523175724918,63114.32236021267,44266.03393136063,,
8.977694924530917,10.747578376610392,60.89626746904931,23.099171514281135,224.01212801508277,0.07682921375069895,crossed,1,fem,random,5,30,1.8284838350000427,884.5892770488774,63281.34627212051,42360.95118911372,,
5.48074336830733,4.91475814872869,34.02272428197774,9.72161958118116,223.52403653949006,0.5649206893434098,crossed,1,fem,random,5,50,2.2941039009999713,1015.1342086544229,63121.92631315025,47597.94533196992,,
10.243353981015378,8.792494206123395,142.14938540787054,38.11631682804137,,,no_null,0,fem,random,6,3,0.3086938579999696,1237.4472271496716,62910.529851811036,39810.903233969344,,
7.216071393267482,6.065015360428947,102.28845429198796,26.74284992698131,223.60567669072418,0.48328053810928395,crossed,1,fem,random,6,4,0.5635807080000177,1139.4736071914372,62995.42890508529,44346.21954480379,,
8.443676125033093,10.695004807148372,135.33688077643504,35.10567306230395,223.60567669072418,0.48328053810928395,crossed,1,fem,random,6,5,0.7107249860000593,1203.6320280184693,62943.34176474739,40503.712016484234,,
6.3903368866743175,5.967005748925789,102.4773276776003,27.018694029156997,223.60567669072418,0.48328053810928395,crossed,1,fem,random,6,6,0.7504662209998969,1136.2708843821965,62999.23784309319,45869.208477825814,,
12.229081372957191,13.493708855743494,104.94498196776598,25.545197217504406,223.63651852563487,0.45243870319859525,crossed,1,fem,random,6,7,0.9409495360000619,1083.2928107227062,63029.07616493721,39810.9554879265,,
7.490652543051777,10.786900050051546,128.44885119194797,36.826494483999326,223.60567669072418,0.48328053810928395,crossed,1,fem,random,6,8,1.1000648490000913,1182.205189556171,62960.89135176095,42884.28624097242,,
5.434066510825444,6.293915826416577,94.54125683200377,22.389307361006228,223.63651852563487,0.45243870319859525,crossed,1,fem,random,6,10,1.2728952929999195,1090.011885151018,63043.67499977086,47493.575960048154,,
8.223971468902658,10.19009239129745,105.62779729260747,31.044883872162742,223.60567669072418,0.48328053810928395,crossed,1,fem,random,6,12,1.474595485000009,1114.0326155401158,63012.32748470701,43302.40325332276,,
7.5441019148513115,10.160440999155387,133.50241992256682,44.4530103546339,223.60567669072418,0.48328053810928395,crossed,1,fem,random,6,16,1.5916958780001096,1194.9395773446827,62943.891873557346,44771.15451737774,,
6.430890055824344,7.929268011731064,100.20716962420748,26.609032994098232,223.60567669072418,0.48328053810928395,crossed,1,fem,random,6,20,1.7627654330001405,1107.019769473089,63022.70553683999,46574.4528584859,,
5.331799010138833,8.03349644533512,116.75450257795592,29.784037085762293,224.01212801508277,0.07682921375069895,crossed,1,fem,random,6,30,2.0239777570000115,864.7851424848132,63319.820820010944,48517.061768681306,,
5.57991786404015,4.403641205621747,13.386456679637076,4.814734672140183,224.01212801508277,0.07682921375069895,crossed,1,fem,random,6,50,2.517190360000086,943.4499382728817,63209.73482531837,47261.17001594131,,
10.243353981015378,8.792494206123395,142.14938540787054,38.11631682804137,,,no_null,0,fem,random,7,3,0.28638630799991915,1237.4472271496716,62910.529851811036,39810.903233969344,,
8.10902485727911,8.272727337667181,129.94532570658478,34.389858628118745,223.60567669072418,0.48328053810928395,crossed,1,fem,random,7,4,0.5180322720000277,1203.1369920544437,62940.27261419204,42291.442101649474,,
7.36688874229853,9.42434733843281,137.06347707395713,35.644332287095395,223.60567669072418,0.48328053810928395,crossed,1,fem,random,7,5,0.6452166430001398,1206.30232465756,62939.43301587426,42873.140240928675,,
6.021329207565259,6.903497238623878,104.03536659090481,25.564964688754117,223.60567669072418,0.48328053810928395,crossed,1,fem,random,7,6,0.7301306219999333,1124.894836597744,63010.26850118102,45433.50062449259,,
6.6850525221595065,8.485091244865515,130.51544946061955,34.01505979481778,223.60567669072418,0.48328053810928395,crossed,1,fem,random,7,7,0.9462010769998415,1193.2033597162476,62949.820170071376,44732.395771933625,,
5.926648368145128,7.172815649569592,122.37251584810505,32.239869808727775,223.60567669072418,0.48328053810928395,crossed,1,fem,random,7,8,1.090425496999842,1180.4988104783954,62962.177659168134,46158.170830561095,,
8.807653563302791,11.050844717090117,106.39316594579005,27.749018656773007,223.60567669072418,0.48328053810928395,crossed,1,fem,random,7,10,1.223488338999914,1115.4442546395878,63011.4448690654,41763.83927135643,,
8.599928998639392,10.777807497567638,29.01328175798011,8.41213147724078,223.47716904526305,0.6117881835704111,crossed,1,fem,random,7,12,1.60336842300012,995.1001265590794,63141.06649012103,41672.954414583284,,
5.614840948124275,5.226459748076876,51.97047401580471,9.388969805586711,223.63651852563487,0.45243870319859525,crossed,1,fem,random,7,16,1.7301532569999836,1054.0392589217472,63083.26877875234,45909.40525547134,,
6.193681586371427,8.880084159076976,84.09592593854987,32.77930187334409,224.01212801508277,0.07682921375069895,crossed,1,fem,random,7,20,1.67757640800005,902.0410368144538,63263.858110373454,46317.53787838435,,
7.204755103384643,9.773172039138386,80.66315194325983,23.46815294743309,224.01212801508277,0.07682921375069895,crossed,1,fem,random,7,30,2.01132146000009,903.4447633239183,63261.27232114978,44029.65063406285,,
5.5197736913355655,4.871591148698849,14.76755915731705,5.837334251940908,224.01212801508277,0.07682921375069895,crossed,1,fem,random,7,50,2.600714627000116,937.5190410239551,63216.99029474491,47110.03833488365,,
10.243353981015378,8.792494206123395,142.14938540787054,38.11631682804137,,,no_null,0,fem,random,8,3,0.33320849599999747,1237.4472271496716,62910.529851811036,39810.903233969344,,
9.312929419756614,10.671914036200953,149.81764344196472,39.6480556454859,,,no_null,0,fem,random,8,4,0.5749680249998619,1238.522714248303,62909.800160861305,40254.386498775646,,
8.313011917619203,11.703635958477916,121.46838150399977,30.21748259148742,223.60567669072418,0.48328053810928395,crossed,1,fem,random,8,5,0.644461124000145,1157.7365585358223,62984.09867647071,40747.94758575467,,
6.531458413066497,8.352618450814715,116.69032738792026,29.744827164218,223.60567669072418,0.48328053810928395,crossed,1,fem,random,8,6,0.6788681600000928,1158.0181477376213,62980.92374941834,44613.1737670469,,
6.584764062061538,8.697485915891297,125.47470869404205,32.771755991947614,223.60567669072418,0.48328053810928395,crossed,1,fem,random,8,7,0.8048758830000224,1180.656264523866,62960.7734900745,44987.62464507451,,
6.730046335981331,9.703693831681887,141.42790074486214,36.42673420553002,223.60567669072418,0.48328053810928395,crossed,1,fem,random,8,8,0.9227161900000738,1206.5370257705308,62941.027563301956,44523.97159955129,,
7.42741667700102,7.710033799864282,46.992642161609325,8.826291171044177,223.63651852563487,0.45243870319859525,crossed,1,fem,random,8,10,1.2617499929999667,1050.780663183074,63082.12762001674,42676.37818452815,,
8.966886519342529,10.84154818488324,91.73936651539623,21.529698269075993,223.63651852563487,0.45243870319859525,crossed,1,fem,random,8,12,1.420962523000071,1062.6593273597396,63061.398754484835,43298.27131049952,,
10.33757889286978,13.453015583808591,67.7761603704609,22.303643663838145,223.93245327489683,0.1565039539366353,crossed,1,fem,random,8,16,1.4735521509999217,957.7404904676466,63175.323916258756,42003.43242669836,,
8.24556547491519,13.046542323546545,124.80586248826096,41.52975823870426,224.0462743323053,0.04268289652816293,crossed,1,fem,random,8,20,1.8242574400001104,857.8027165761022,63322.976610228485,43500.15000772051,,
5.2587383852346425,6.154183017572245,93.82950312314982,27.712296045386775,223.63651852563487,0.45243870319859525,crossed,1,fem,random,8,30,2.1541455869999027,1089.006609216545,63044.969387631725,49126.337803393,,
5.3196647807304425,8.755822974164348,133.4669429236021,46.267510582464865,224.01212801508277,0.07682921375069895,crossed,1,fem,random,8,50,2.336082653000176,844.3737837242542,63350.20505473803,48472.99268821928,,
10.243353981015378,8.792494206123395,142.14938540787054,38.11631682804137,,,no_null,0,fem,random,9,3,0.27482191600006445,1237.4472271496716,62910.529851811036,39810.903233969344,,
9.550797411235564,14.279068882277295,128.99022228734998,34.03163696026163,223.60567669072418,0.48328053810928395,crossed,1,fem,random,9,4,0.5001212450001731,1170.656050495896,62970.0790209964,39810.872958524036,,
6.693683082351739,7.03652391488022,118.03068301664838,31.223626065955578,223.60567669072418,0.48328053810928395,crossed,1,fem,random,9,5,0.5842789980001726,1178.0732654220817,62964.67213062666,44273.382980988725,,
13.43763686050317,17.842897011717216,74.66013877212417,28.520476188755993,224.01212801508277,0.07682921375069895,crossed,1,fem,random,9,6,0.6901741709998532,913.2736414734901,63227.19465160954,39810.96751535862,,
5.642845572908544,5.900625408169436,99.92790244644796,25.647432682041888,223.60567669072418,0.48328053810928395,crossed,1,fem,random,9,7,0.7847704190000968,1120.1442814065736,63013.602089059124,47063.80100938051,,
6.866824643668927,9.682184784530403,117.37280150966916,28.9065239080196,223.60567669072418,0.48328053810928395,crossed,1,fem,random,9,8,0.9181133660001706,1144.8832261366977,62994.13959453266,44811.414876953575,,
7.359475952760076,7.363854237359198,63.43879265883396,10.259799150369567,223.63651852563487,0.45243870319859525,crossed,1,fem,random,9,10,1.098744361999934,1077.5071044908416,63058.6752988772,41993.13479932196,,
5.8826317894015565,7.579659361939179,119.16080847159401,31.25004566230865,223.60567669072418,0.48328053810928395,crossed,1,fem,random,9,12,1.2920155580000028,1166.7032886000698,62974.01856069365,47230.882276448516,,
10.87920797861359,18.759846754084137,166.14868990405367,55.72011205163493,224.07731643887124,0.011640789962228837,crossed,1,fem,random,9,16,1.4803631259999293,820.8592290454491,63383.004098922494,40499.78452923,,
6.053196018854762,6.647568292613604,60.470549316077324,10.845543355024576,224.01212801508277,0.07682921375069895,crossed,1,fem,random,9,20,1.5826911449998988,958.2715580556812,63187.51071491602,46115.71540919769,,
6.163849463978751,6.716456265848738,13.453975565331122,4.962196781961761,224.01212801508277,0.07682921375069895,crossed,1,fem,random,9,30,1.9423717510001097,955.0680202063041,63193.52703926746,45852.297016405224,,
4.984499433360822,5.978941505537627,79.87003223150072,21.25269086381804,224.01212801508277,0.07682921375069895,crossed,1,fem,random,9,50,2.382224115000099,905.4463211388418,63261.812621173216,47919.40477207141,,
10.243353981015378,8.792494206123395,142.14938540787054,38.11631682804137,,,no_null,0,fem,random,10,3,0.3177811960001691,1237.4472271496716,62910.529851811036,39810.903233969344,,
9.132293045794679,11.970091525042054,146.69155559544782,38.75519079788198,,,no_null,0,fem,random,10,4,0.648682855000061,1223.9557011499157,62923.168922690675,40089.78170380715,,
7.396242373388504,9.501761348343775,132.56887108188698,34.50747326453259,223.60567669072418,0.48328053810928395,crossed,1,fem,random,10,5,0.7244804129998101,1197.1400564813423,62946.957081006054,42841.40965569908,,
9.364606225654605,12.87748172615832,130.2449922461978,37.641873149743475,223.60567669072418,0.48328053810928395,crossed,1,fem,random,10,6,0.7999125240000922,1172.781217623112,62961.91779720692,41199.42352113392,,
7.282133460046232,10.09352901284419,145.89747946897444,37.61005016724139,,,no_null,0,fem,random,10,7,0.8805640620000759,1219.1158330231235,62929.91042086878,43028.57862608943,,
5.612929456858006,6.355763245657145,109.50878743859143,28.59634324944482,223.60567669072418,0.48328053810928395,crossed,1,fem,random,10,8,0.9378729799998382,1147.7367283619117,62991.344034583446,46632.42808807776,,
5.800600506385242,5.0034075020736,33.89281519053768,6.565994447274583,223.60567669072418,0.48328053810928395,crossed,1,fem,random,10,10,1.1286942819999695,1026.7518461155844,63113.39649055119,45060.076035707876,,
11.834570547014799,17.10409631276922,70.35349479686695,27.240929565543887,224.01212801508277,0.07682921375069895,crossed,1,fem,random,10,12,1.5451633559998754,942.773083199909,63195.07918422321,40642.1600208695,,
11.607023800059318,16.74326831890191,75.754877473634,31.25017294402715,224.01212801508277,0.07682921375069895,crossed,1,fem,random,10,16,1.599842093999996,912.3562733608552,63236.13786729561,40451.32998099509,,
5.699971428373709,8.292265716058218,124.19251244004441,32.681484896285475,223.60567669072418,0.48328053810928395,crossed,1,fem,random,10,20,1.7467884220000087,1173.789868782843,62971.179665469404,47556.56979337879,,
5.706743069085999,6.720734252575719,80.00527918852339,21.590149676228062,223.63651852563487,0.45243870319859525,crossed,1,fem,random,10,30,1.9634336179999536,1047.4074808862085,63087.283499174606,48291.51389137117,,
5.844386600623757,5.3113953654392185,11.708692093866501,4.196373081477027,224.01212801508277,0.07682921375069895,crossed,1,fem,random,10,50,2.538920590999851,951.3041508857472,63196.86323531402,46208.090133541904,,
10.243353981015378,8.792494206123395,142.14938540787054,38.11631682804137,,,no_null,0,fem,random,11,3,0.32679874500013284,1237.4472271496716,62910.529851811036,39810.903233969344,,
9.195468842625745,10.91451179510871,148.84985632731437,39.365707073939966,,,no_null,0,fem,random,11,4,0.6152460939999855,1234.4185876216607,62913.469624737576,40296.01654135799,,
9.129023068367381,10.332527285527423,154.83097274188833,40.66393904603521,,,no_null,0,fem,random,11,5,0.733160579000014,1249.6964864299848,62902.761429734535,40316.59167916087,,
9.919131352555798,5.274632989239234,57.83763278541395,10.953712713116293,223.63651852563487,0.45243870319859525,crossed,1,fem,random,11,6,0.8528354309999031,1082.9861729110844,63051.58883322275,39810.97011894033,,
7.28356783558999,9.468250892414247,146.44569685243377,38.113135139586895,,,no_null,0,fem,random,11,7,0.8782146409998859,1223.5182365031649,62923.81755889856,43781.30532104162,,
12.180112840624274,17.665882206529208,72.18976273404574,24.333560186551832,223.93245327489683,0.1565039539366353,crossed,1,fem,random,11,8,1.0543310929999734,955.4916510947676,63178.729706498765,39944.15909506222,,
6.294596262540463,8.678099220519936,118.31458325195715,29.670043128678447,223.60567669072418,0.48328053810928395,crossed,1,fem,random,11,10,1.174723768000149,1150.5675327973831,62990.42775896285,45825.236386420154,,
9.431099871480152,14.565917674814036,90.9186650806384,29.83467134575336,224.01212801508277,0.07682921375069895,crossed,1,fem,random,11,12,1.3843237020000743,897.235731510269,63264.688246735415,42744.134846235145,,
10.062689091003037,8.879534343591319,16.1306393045583,3.5310826398813058,223.93245327489683,0.1565039539366353,crossed,1,fem,random,11,16,1.581488403000094,968.9699114713101,63166.374733993005,39810.91387152441,,
6.252316302721498,7.497684758896877,92.26770871068753,23.4939183981349,223.63651852563487,0.45243870319859525,crossed,1,fem,random,11,20,1.6783131580000372,1083.723450120408,63046.61931319543,46303.1042645761,,
6.844262909512002,9.192112426186918,102.2945952760824,38.752505909316035,224.01212801508277,0.07682921375069895,crossed,1,fem,random,11,30,1.8296673149998242,878.1121065687969,63294.286506913864,45375.3228620465,,
5.734902696399509,5.866757144299636,57.44501934637687,19.812846085693593,224.01212801508277,0.07682921375069895,crossed,1,fem,random,11,50,2.4270990360000724,933.2161705367824,63220.71265591856,47378.34314980848,,
10.243353981015378,8.792494206123395,142.14938540787054,38.11631682804137,,,no_null,0,fem,random,12,3,0.31243730999995023,1237.4472271496716,62910.529851811036,39810.903233969344,,
9.078289801790733,13.38742885179074,130.7549245048012,34.57225637118772,223.60567669072418,0.48328053810928395,crossed,1,fem,random,12,4,0.6441287479999573,1180.9003178993717,62962.17589980601,40174.9756303652,,
7.315713369843251,8.326065745119084,141.46834284618043,36.625293185767575,,,no_null,0,fem,random,12,5,0.6797779160001483,1220.6883458138009,62929.95039287374,42810.43061053188,,
6.615014949583194,7.206875904935929,127.35499283361152,33.42944647429042,223.60567669072418,0.48328053810928395,crossed,1,fem,random,12,6,0.7725099389999741,1194.8732380034323,62950.167606937786,44698.52131222591,,
10.334643875001992,5.1334333885948675,68.94528757532281,13.154233771612143,223.63651852563487,0.45243870319859525,crossed,1,fem,random,12,7,0.9913894719998098,1104.476245045733,63029.0146215385,39810.9871937992,,
7.141346714268103,10.55667656819387,138.98586539584628,35.75370918389274,223.60567669072418,0.48328053810928395,crossed,1,fem,random,12,8,1.0341844370000217,1200.84472990598,62946.35915252862,43305.17756502346,,
5.564436086039257,7.448895330372217,126.34277237976117,33.1659251097799,223.60567669072418,0.48328053810928395,crossed,1,fem,random,12,10,1.2609212439999737,1184.2464172241766,62961.397761240936,46570.20922670661,,
10.678347194283353,11.310742963986995,103.91380020977248,25.30189875477405,223.63651852563487,0.45243870319859525,crossed,1,fem,random,12,12,1.4922618309999507,1098.3015364373045,63019.01484364499,40615.639963680405,,
8.274294597720305,11.171697310133657,64.71514943288919,20.982163516474618,224.01212801508277,0.07682921375069895,crossed,1,fem,random,12,16,1.7138298029999532,946.1592587212015,63197.5028706984,44618.01404335111,,
5.7693037101448805,5.989066175239424,60.69096858892525,10.558550975230876,224.01212801508277,0.07682921375069895,crossed,1,fem,random,12,20,1.8541448949999904,963.1400597631005,63183.14854947824,46816.84475036172,,
5.787104772290397,6.410869106649267,74.66398856317001,18.902044558811067,223.60567669072418,0.48328053810928395,crossed,1,fem,random,12,30,2.137205994999931,1033.691017357164,63101.31590422017,48025.92638556688,,
5.66736000590214,7.000097515567723,58.72041520041685,22.922248542439245,224.01212801508277,0.07682921375069895,crossed,1,fem,random,12,50,2.5716650259998914,847.1347750697822,63344.55664452722,47014.24789601862,,
10.243353981015378,8.792494206123395,142.14938540787054,38.11631682804137,,,no_null,0,fem,random,13,3,0.319957402,1237.4472271496716,62910.529851811036,39810.903233969344,,
8.730983187829585,10.366701749129065,150.3533753040579,39.373773323224384,,,no_null,0,fem,random,13,4,0.5634451830001126,1236.860455901918,62913.31221025056,40750.29447158133,,
7.469790314877891,9.092772500565362,137.47181875567162,35.85532951507039,223.60567669072418,0.48328053810928395,crossed,1,fem,random,13,5,0.7056088230001478,1209.7838398428169,62936.322470789244,42787.40588849743,,
13.629719816226311,10.53160189189529,105.68757122721244,24.30260890027486,223.60237220841233,0.4865850204211313,crossed,1,fem,random,13,6,0.8364174829998774,1092.7724598199609,63010.87054036199,39810.901286516804,,
10.549116692676318,13.256923312246643,149.32944519549906,44.34641624720318,,,no_null,0,fem,random,13,7,0.9231308780001655,1220.381019463844,62918.110215070854,39810.993554460954,,
7.478249347889327,10.523661692945966,114.73572578217495,27.568800185716256,223.60567669072418,0.48328053810928395,crossed,1,fem,random,13,8,1.0025946920000024,1130.5600842525396,63006.473711600556,44875.6733578054,,
11.349126781669723,14.338853105550733,100.34603511316121,28.13293920227987,223.63651852563487,0.45243870319859525,crossed,1,fem,random,13,10,1.3028375569999753,1070.7933295495466,63047.10129364979,40590.03963438179,,
5.373090946853272,6.293832535825511,104.10311234886865,26.514328513767865,223.60567669072418,0.48328053810928395,crossed,1,fem,random,13,12,1.4653560300000663,1125.0516016209,63010.60432063022,47967.21455826235,,
5.851755151045518,8.613761159257365,129.20913305538016,33.697217176654476,223.60567669072418,0.48328053810928395,crossed,1,fem,random,13,16,1.614451856000187,1182.8435706511616,62961.9348871174,46941.03512493918,,
7.481019062399189,11.352352215115024,100.83174733659041,36.10573337639191,224.01212801508277,0.07682921375069895,crossed,1,fem,random,13,20,1.6969928480000362,883.2558509205642,63287.48045032161,44670.46773070958,,
7.1933989075240845,8.787855579002505,59.391956633491716,15.729651392154018,224.01212801508277,0.07682921375069895,crossed,1,fem,random,13,30,2.027775824000173,920.3881286459527,63235.473542802065,44559.137400273576,,
5.855580564120166,7.140559713911297,58.461722383666,19.963165572437024,224.01212801508277,0.07682921375069895,crossed,1,fem,random,13,50,2.6425234789999195,853.6014743236626,63333.27033804337,46966.66624038899,,
10.243353981015378,8.792494206123395,142.14938540787054,38.11631682804137,,,no_null,0,fem,random,14,3,0.3324658459998773,1237.4472271496716,62910.529851811036,39810.903233969344,,
8.15408342007064,7.995737225201367,128.67494784034963,34.08539887582341,223.60567669072418,0.48328053810928395,crossed,1,fem,random,14,4,0.616061832000014,1202.1884886203177,62941.263006578374,42328.275774737616,,
9.452346608503214,11.640268605397521,139.17191001294285,40.567087405573844,223.60567669072418,0.48328053810928395,crossed,1,fem,random,14,5,0.7655332420001741,1210.2310780425057,62932.8925362968,39810.86675053592,,
7.322462259705413,9.505931394029187,144.57063130161362,37.539056149566576,,,no_null,0,fem,random,14,6,0.8471295699998791,1219.951404522937,62927.79298981337,43276.04371092874,,
10.152660232440464,10.757947687255117,64.70347209555571,12.327775757945673,223.93245327489683,0.1565039539366353,crossed,1,fem,random,14,7,1.0012359370000468,974.429336661238,63158.661595714795,39810.8869478245,,
6.786765193238419,9.645707110663478,118.11738989055665,29.125201477512686,223.60567669072418,0.48328053810928395,crossed,1,fem,random,14,8,1.0777789030000804,1146.357127431218,62993.4417180715,44840.103656848805,,
6.100731540845124,8.625032169595514,129.77268640812883,33.77461717086658,223.60567669072418,0.48328053810928395,crossed,1,fem,random,14,10,1.3583006179999302,1185.6078431138505,62958.792367075956,45846.57092773151,,
6.171178423904059,8.450410032403068,114.1380936334985,28.1322455414858,223.60567669072418,0.48328053810928395,crossed,1,fem,random,14,12,1.619688829999859,1137.1964106715457,63001.90762712511,46577.60961240075,,
5.811268873521696,6.7592648159081214,88.84331964025264,19.69251017627838,223.63651852563487,0.45243870319859525,crossed,1,fem,random,14,16,1.6972669809999843,1064.712128426169,63072.0684869472,48370.261422729585,,
8.99886408706593,12.006699788600347,18.57158281472745,10.323423048183868,224.01212801508277,0.07682921375069895,crossed,1,fem,random,14,20,1.9371543439999641,919.0190016267671,63239.3842072738,40695.23815538766,,
6.113452690683261,8.466337831599423,101.89770165843379,33.42311747877691,224.01212801508277,0.07682921375069895,crossed,1,fem,random,14,30,2.1565864469998814,881.1122985776439,63293.074006921575,47237.02696216756,,
5.969713057369136,5.914452567750567,31.20531067680268,13.32000867238103,223.47716904526305,0.6117881835704111,crossed,1,fem,random,14,50,2.4813016769999194,998.1623343292222,63137.78350442902,46302.10817130745,,
10.243353981015378,8.792494206123395,142.14938540787054,38.11631682804137,,,no_null,0,fem,random,15,3,0.31469630999981746,1237.4472271496716,62910.529851811036,39810.903233969344,,
9.19043841880086,11.822770012294205,144.64872655427945,38.30764753699001,,,no_null,0,fem,random,15,4,0.5741090839999288,1221.246982008111,62924.86874615875,40084.141759894366,,
7.5626182812119325,9.594539332500188,144.919801050846,37.56607225313261,,,no_null,0,fem,random,15,5,0.6077328400001534,1222.102768769245,62927.13520786058,42436.11325756338,,
12.088291108413541,11.838992996129692,125.01394619816004,33.20140123650698,223.60567669072418,0.48328053810928395,crossed,1,fem,random,15,6,0.8410622549999971,1150.3557408953682,62967.494788275646,39810.946941977665,,
5.086852656422125,5.047299994546385,85.49351325824273,21.079283612786075,223.63651852563487,0.45243870319859525,crossed,1,fem,random,15,7,0.7924423670001488,1075.2117408319207,63059.772678300804,48019.082371633485,,
9.515880160385345,12.438688728896494,91.6590667649534,22.145174658501087,223.63651852563487,0.45243870319859525,crossed,1,fem,random,15,8,0.9650998039999195,1057.4145450720591,63067.62528437922,42124.44491959685,,
5.538663652523556,7.06607776639401,123.15033431143493,32.456225040111924,223.60567669072418,0.48328053810928395,crossed,1,fem,random,15,10,1.2493536720000975,1180.528163367322,62963.90645002067,46800.896153541835,,
6.546388736262029,9.815926010812744,144.1890252190538,37.06049207592086,223.60567669072418,0.48328053810928395,crossed,1,fem,random,15,12,1.4825889860001098,1209.8035168953718,62939.62031566422,44979.64011932896,,
10.90127511344027,13.79504093268399,79.60255921103003,29.8553735732807,224.01212801508277,0.07682921375069895,crossed,1,fem,random,15,16,1.5909999040000002,901.4143209379127,63252.565439063954,40107.46073231713,,
9.193444633715078,12.285408307349927,119.64678231200783,43.50873350247236,224.0462743323053,0.04268289652816293,crossed,1,fem,random,15,20,1.6940731739998682,858.0306496849988,63319.436436161624,41966.0078296788,,
6.926835476700668,9.61368622428993,104.3257838009789,34.51005531826532,224.01212801508277,0.07682921375069895,crossed,1,fem,random,15,30,1.860299495999925,879.1829658509499,63292.66872685058,46457.03403077328,,
6.3178940770108944,7.378847803573368,59.319555478232246,21.39338454868192,224.01212801508277,0.07682921375069895,crossed,1,fem,random,15,50,2.3528213289998803,848.5833343506675,63340.1613816882,46382.78233006144,,
10.243353981015378,8.792494206123395,142.14938540787054,38.11631682804137,,,no_null,0,fem,random,16,3,0.32301240900005723,1237.4472271496716,62910.529851811036,39810.903233969344,,
7.0903796249329325,6.293922413399288,105.50712134111977,27.48505986761159,223.60567669072418,0.48328053810928395,crossed,1,fem,random,16,4,0.5488446470001236,1146.6982252918867,62989.783822730395,44191.37657582532,,
18.09865483285243,6.262106506887617,89.90362801826733,26.297874090339118,223.60237220841233,0.4865850204211313,crossed,1,fem,random,16,5,0.6726342229999318,1108.3646976213693,62986.1898841031,39810.926080539706,,
6.025693351342527,6.844996039417198,108.61391960536389,27.508391387577113,223.60567669072418,0.48328053810928395,crossed,1,fem,random,16,6,0.8091744749999634,1142.3822506951262,62994.736286793006,45558.7552097133,,
10.291681749018876,14.757815522766526,123.44283644837087,34.87665292096865,223.60567669072418,0.48328053810928395,crossed,1,fem,random,16,7,0.9466819389999728,1146.8906567070908,62984.02498401299,39810.86478024202,,
5.571912512535811,6.128006754381447,104.36096087082014,27.017109743199125,223.60567669072418,0.48328053810928395,crossed,1,fem,random,16,8,0.9679208199997902,1132.3246316408563,63004.41040062171,46936.14295433503,,
5.954232631672027,7.660499665557037,103.04686568489723,24.222125800261452,223.63651852563487,0.45243870319859525,crossed,1,fem,random,16,10,1.1725596440001027,1107.253623797885,63028.26939956112,46435.89826838924,,
4.866718769255616,5.479277917304409,90.57179005513028,21.675674698745325,223.63651852563487,0.45243870319859525,crossed,1,fem,random,16,12,1.4066279030000715,1079.4207960450344,63057.32591828188,48426.617325209096,,
8.375667191276602,12.683441965549822,67.85743885261766,25.14896272113529,224.01212801508277,0.07682921375069895,crossed,1,fem,random,16,16,1.4876586529999258,926.6904962394259,63227.123835495324,44343.712610257586,,
7.053170437543592,8.418558743611783,91.14397958305481,29.206870544405312,223.63651852563487,0.45243870319859525,crossed,1,fem,random,16,20,1.610364491999917,1078.359875261424,63049.056405521296,45395.69643262795,,
5.322869050655659,5.068832771395725,38.5375736513529,8.704449449499592,223.60567669072418,0.48328053810928395,crossed,1,fem,random,16,30,1.9195964870000353,1030.3012166126973,63108.449208230966,46541.3547893935,,
6.101332617463617,9.176705723491313,126.36722478076419,58.20891273211084,224.01212801508277,0.07682921375069895,crossed,1,fem,random,16,50,2.4076420009998856,850.2931117176497,63336.68274594425,47389.94106571869,,
10.243353981015378,8.792494206123395,142.14938540787054,38.11631682804137,,,no_null,0,fem,random,17,3,0.32250865200012413,1237.4472271496716,62910.529851811036,39810.903233969344,,
8.386565240198891,9.446060503007889,138.63062961524756,36.51052736721627,,,no_null,0,fem,random,17,4,0.572963338999898,1216.1504017865234,62929.60532540308,41508.11134727234,,
11.032240187520792,11.58440154502437,133.5758737284379,37.40941424725856,223.60567669072418,0.48328053810928395,crossed,1,fem,random,17,5,0.6673743829999239,1181.5458502695985,62946.322592147844,39919.76624323483,,
7.872902761807831,11.466867444850209,126.87659300750909,32.826119348943614,223.60567669072418,0.48328053810928395,crossed,1,fem,random,17,6,0.7597252850000586,1174.0119781897715,62966.754353876204,43105.59050548846,,
6.371729466635654,8.328022254949323,134.22385279959755,34.88682235098043,223.60567669072418,0.48328053810928395,crossed,1,fem,random,17,7,0.8025224079999589,1199.8856118558242,62946.183940479255,44788.23582229887,,
5.659609024264959,7.002039877194531,116.67672864333063,30.450272099310983,223.60567669072418,0.48328053810928395,crossed,1,fem,random,17,8,0.9162783350000154,1165.000607901181,62976.60767717011,46346.69710309375,,
9.69091563273259,12.913543659099568,65.26910342170511,14.899894685270459,223.93245327489683,0.1565039539366353,crossed,1,fem,random,17,10,1.1613300790002086,962.4314152661733,63178.520586626626,39810.98366366856,,
10.507183521957021,12.007870364420492,95.31461942218968,22.155079857566882,223.63651852563487,0.45243870319859525,crossed,1,fem,random,17,12,1.2971239430000878,1068.8980801123669,63049.986990845,40994.223363491015,,
6.280110976623724,8.803186204287428,122.08502359007447,35.44590555768441,223.60567669072418,0.48328053810928395,crossed,1,fem,random,17,16,1.4034416819999933,1170.4592323453053,62970.449283529946,46158.39527115051,,
5.735253703259752,6.2863033058461415,95.86267013681514,28.494449592924926,223.63651852563487,0.45243870319859525,crossed,1,fem,random,17,20,1.531031127999995,1100.0925134481977,63031.12571611288,47624.98581969262,,
5.138736619469802,4.6906812927227834,57.869751546127425,12.910045578084874,224.01212801508277,0.07682921375069895,crossed,1,fem,random,17,30,1.8902339129999746,951.295947276839,63199.49137654906,47762.09750133277,,
5.26415763442159,3.7889522794809394,35.1244984180888,8.481160273256032,223.49993325674473,0.5890239720887394,crossed,1,fem,random,17,50,2.616903086000093,1012.8909381078648,63126.81489999876,49186.874596877926,,
10.243353981015378,8.792494206123395,142.14938540787054,38.11631682804137,,,no_null,0,fem,random,18,3,0.3379066120000971,1237.4472271496716,62910.529851811036,39810.903233969344,,
8.070181560647269,7.03293249343181,116.59051617649385,30.860192423736983,223.60567669072418,0.48328053810928395,crossed,1,fem,random,18,4,0.5918067879999853,1178.910893515784,62959.33149305218,43175.11009917736,,
7.244614738993947,8.477759337648445,144.01526304537083,37.27385971451487,,,no_null,0,fem,random,18,5,0.6787294739999652,1224.6796710636604,62926.23446093477,42982.10917601859,,
6.401028288034467,7.949874726726453,95.55698490464675,21.458764077963107,223.63651852563487,0.45243870319859525,crossed,1,fem,random,18,6,0.8502825190000749,1088.4382839583648,63045.02547468404,44940.92769422723,,
5.668012579999515,6.120581837356683,103.26185804107666,26.49822219942254,223.60567669072418,0.48328053810928395,crossed,1,fem,random,18,7,0.9400074350000978,1128.765650899822,63006.467385227246,46795.72964178826,,
9.220511122347304,12.583025132218362,130.46024888889133,37.6569028520654,223.60567669072418,0.48328053810928395,crossed,1,fem,random,18,8,1.0301721050000197,1178.0644004645574,62958.5096647331,40833.452242680985,,
5.580068053847348,6.659822616186345,112.75187583968018,29.60892434587365,223.60567669072418,0.48328053810928395,crossed,1,fem,random,18,10,1.1272383900000023,1155.7360765324988,62983.163612136865,47396.990913502515,,
6.724765660774878,9.420060083432187,128.0185376666942,37.106751864820524,223.60567669072418,0.48328053810928395,crossed,1,fem,random,18,12,1.3406319470000199,1181.6290350249437,62960.20987260272,45239.047140817944,,
8.547470190385704,10.356803431954493,66.81313951155524,13.679431359700198,,,no_null,0,fem,random,18,16,1.49678623900013,981.2524005749453,63154.31296067293,42095.14115600358,,
5.360320374764893,5.119776764479536,40.54010449776601,7.578041630364033,223.60567669072418,0.48328053810928395,crossed,1,fem,random,18,20,1.705051813999944,1031.0246554087819,63108.30718879335,47156.95938248011,,
6.278437074435764,8.410994727772495,72.18091468064135,16.126307001135125,224.01212801508277,0.07682921375069895,crossed,1,fem,random,18,30,1.921043237000049,917.322620882137,63244.133754273935,46123.41600736504,,
5.55830917347816,5.430522138281253,37.08948853231341,9.434848067976537,223.93245327489683,0.1565039539366353,crossed,1,fem,random,18,50,2.4794796050000514,976.4348913695994,63164.838615827,47254.16090469744,,
10.243353981015378,8.792494206123395,142.14938540787054,38.11631682804137,,,no_null,0,fem,random,19,3,0.29564046199993754,1237.4472271496716,62910.529851811036,39810.903233969344,,
8.070181560647269,7.03293249343181,116.59051617649385,30.860192423736983,223.60567669072418,0.48328053810928395,crossed,1,fem,random,19,4,0.523819370999945,1178.910893515784,62959.33149305218,43175.11009917736,,
6.807471002299416,7.195886241462208,120.16975173981884,31.712844784950423,223.60567669072418,0.48328053810928395,crossed,1,fem,random,19,5,0.6502894650000144,1181.8838255014211,62960.9101987414,44136.40215230433,,
6.32561976801051,7.157453713970844,116.5628830728531,30.644182182312562,223.60567669072418,0.48328053810928395,crossed,1,fem,random,19,6,0.719710090000035,1170.0161281444791,62970.56795718379,45160.64159104759,,
12.100677663607089,17.763816321676348,73.82864209467186,28.661826902043586,224.01212801508277,0.07682921375069895,crossed,1,fem,random,19,7,0.9294036270000561,915.5649158975868,63232.028567868845,39810.949520482536,,
10.047845012936664,12.04213730512827,147.61762529474206,43.89394202461046,,,no_null,0,fem,random,19,8,1.0363882510000622,1222.4854552358722,62916.01393606788,40856.071308723986,,
9.167529851380541,11.995670029639772,115.56815846263623,35.84730211284338,223.60567669072418,0.48328053810928395,crossed,1,fem,random,19,10,1.2667563340000925,1136.3838812377703,62992.20717728517,41673.430793544096,,
6.272925104848052,9.20074959980134,139.44192536804115,36.01057860111452,223.60567669072418,0.48328053810928395,crossed,1,fem,random,19,12,1.3399554410000292,1202.9396608757431,62945.20379196669,45436.12962797713,,
5.6091230423626195,7.58826229696235,109.05335799089674,26.608830419494623,223.60567669072418,0.48328053810928395,crossed,1,fem,random,19,16,1.5042099780000626,1125.938253168872,63012.51210941131,47084.620385075534,,
8.651917632005532,13.416649851624745,109.06246427507568,34.45136594555069,224.01212801508277,0.07682921375069895,crossed,1,fem,random,19,20,1.599774884999988,875.9347619405678,63295.87649769461,43484.84321030652,,
6.878819658676949,10.775526531066816,103.86599258403302,26.88199743821294,224.01212801508277,0.07682921375069895,crossed,1,fem,random,19,30,1.9325201659999038,879.9218871829466,63298.0935941753,45206.00130008805,,
5.3597651503804,6.8397926400176905,96.17049036186195,25.004860723435275,224.01212801508277,0.07682921375069895,crossed,1,fem,random,19,50,2.3819084340000245,886.4675378875046,63288.82028503487,47697.407847418675,,
10.243353981015378,8.792494206123395,142.14938540787054,38.11631682804137,,,no_null,0,fem,random,20,3,0.3643858890000047,1237.4472271496716,62910.529851811036,39810.903233969344,,
7.18727382939694,5.674003610817085,96.79724798198454,25.695830765507417,223.60567669072418,0.48328053810928395,crossed,1,fem,random,20,4,0.5036138000000392,1126.5245106932312,63007.4128195419,44953.17293459565,,
8.246115336719722,10.611730836650567,148.31037006961907,38.76417804043568,,,no_null,0,fem,random,20,5,0.6604498099998182,1227.8854530798699,62919.91439693798,41751.37184171682,,
7.5580513721395155,11.00378109933349,129.0012708302849,33.46435623325695,223.60567669072418,0.48328053810928395,crossed,1,fem,random,20,6,0.7455455640001674,1180.9696325137963,62962.56382180155,42946.285631492094,,
6.89966830141373,9.59262857209177,131.4905881536121,34.056492150281514,223.60567669072418,0.48328053810928395,crossed,1,fem,random,20,7,0.8670025470000837,1190.5978643273747,62956.41695524191,43211.33856633968,,
7.449711430861767,11.147774822156167,119.25429455388401,28.996933176444074,223.60567669072418,0.48328053810928395,crossed,1,fem,random,20,8,0.9571485589999611,1141.146133040909,62999.75618764565,43833.96137385348,,
9.066952667166177,11.759530400426783,108.23182207575776,28.648970902273245,223.60567669072418,0.48328053810928395,crossed,1,fem,random,20,10,1.1692684740000914,1112.6474091440698,63012.47154706601,42502.915474261754,,
6.485958328874713,8.984704340845452,127.84678601052465,36.55917957236371,223.60567669072418,0.48328053810928395,crossed,1,fem,random,20,12,1.4076199520000046,1183.4505039295045,62958.82175146583,45304.43803865902,,
6.869123835834724,9.285712163010798,62.18030474644747,13.410177884260444,224.01212801508277,0.07682921375069895,crossed,1,fem,random,20,16,1.5610892149998108,951.8234329847394,63198.44373425555,44421.61018172567,,
9.87082269098155,9.84281884533848,78.07434800293815,22.337428635512815,224.01212801508277,0.07682921375069895,crossed,1,fem,random,20,20,1.7263523030001124,895.8418006769289,63269.06609955917,39810.957321865055,,
5.876516386808714,6.095324940707174,60.4787242892433,10.371871891574703,224.01212801508277,0.07682921375069895,crossed,1,fem,random,20,30,1.9124428140000873,962.0422159855785,63183.482106293966,47481.76445921813,,
5.352118476227852,6.211144995448684,57.06264421465404,16.662773950984914,224.01212801508277,0.07682921375069895,crossed,1,fem,random,20,50,2.702748864999876,906.1132993334336,63258.8126464246,48020.363500700354,,
10.243353981015378,8.792494206123395,142.14938540787054,38.11631682804137,,,no_null,0,fem,random,21,3,0.3203390370001671,1237.4472271496716,62910.529851811036,39810.903233969344,,
9.222286957190695,11.812728806672471,146.3283803072131,38.82937393296163,,,no_null,0,fem,random,21,4,0.6299878530001024,1224.8263493435074,62921.29915171842,40190.73080743467,,
8.67637234953842,10.902513613005894,156.3944653985086,40.672798294507686,,,no_null,0,fem,random,21,5,0.7285639730000639,1245.972347895305,62907.20640003606,40533.03694853504,,
8.494558187871364,11.045430407549068,173.25689724366012,44.67327543190825,222.4393888159507,1.6495684128827577,crossed,1,fem,random,21,6,0.8411510830001134,1279.4367800630514,62884.47013583187,40813.36956790032,,
6.234924853078997,7.881995002667239,135.8262271839919,35.31647463971912,223.60567669072418,0.48328053810928395,crossed,1,fem,random,21,7,1.0365850000000592,1205.608995831378,62942.714694928196,44757.239118443234,,
6.794187027879839,7.359268782621784,104.51009689660533,28.794661253821314,223.60567669072418,0.48328053810928395,crossed,1,fem,random,21,8,1.0276349069999924,1131.1746036472846,62999.7997410577,45244.09633808111,,
9.8138549410658,11.192205155166935,33.136036423786166,8.281717686320203,223.63651852563487,0.45243870319859525,crossed,1,fem,random,21,10,1.3466822549999051,1033.3365171235014,63095.61224259133,39810.99374942707,,
11.999895539835308,19.504977432073872,113.19417660045406,40.0518594615134,224.01212801508277,0.07682921375069895,crossed,1,fem,random,21,12,1.648986541000113,875.4994782406354,63291.96752166887,39810.977391813634,,
5.88537752438159,7.701444916227156,112.90469132327881,28.254893161152555,223.60567669072418,0.48328053810928395,crossed,1,fem,random,21,16,1.6659202480000204,1138.1680928065134,63000.4583899405,47883.45987483144,,
5.578646526031021,6.064435398066716,88.36141919609628,21.852475280816215,223.63651852563487,0.45243870319859525,crossed,1,fem,random,21,20,1.823578446000056,1067.9615945389735,63068.11546709954,48699.25985798953,,
4.771457505265281,4.614396386276899,71.72514867278929,18.90707600586863,223.60567669072418,0.48328053810928395,crossed,1,fem,random,21,30,2.1601235369998903,1029.3302619236838,63109.205647220115,49678.428555384504,,
6.223708836375103,7.197824989100904,68.55629598304155,30.966149156017668,224.01212801508277,0.07682921375069895,crossed,1,fem,random,21,50,2.7827023560000725,919.6923678377166,63237.81296702256,46182.09161195855,,
10.243353981015378,8.792494206123395,142.14938540787054,38.11631682804137,,,no_null,0,fem,random,22,3,0.3222069089999877,1237.4472271496716,62910.529851811036,39810.903233969344,,
9.195468842625745,10.91451179510871,148.84985632731437,39.365707073939966,,,no_null,0,fem,random,22,4,0.6187152130000868,1234.4185876216607,62913.469624737576,40296.01654135799,,
7.471981377057609,9.613486926880203,133.3192199931293,34.73646244459994,223.60567669072418,0.48328053810928395,crossed,1,fem,random,22,5,0.801781586000061,1198.390181023231,62945.54834763783,42818.28661462605,,
10.499086841711613,12.022218697958117,141.4147655083726,40.97951790291301,223.60567669072418,0.48328053810928395,crossed,1,fem,random,22,6,0.9381566530000782,1202.469033737923,62930.88039491266,40369.773509851264,,
8.356142063630568,13.02163961856527,146.03563393872733,38.137367405214455,223.60567669072418,0.48328053810928395,crossed,1,fem,random,22,7,0.9711385610000889,1207.9488987623754,62939.909012600154,41951.01613845938,,
12.309667445922452,20.32850746898311,103.37848673495328,36.813459978638804,224.01212801508277,0.07682921375069895,crossed,1,fem,random,22,8,1.2022102930000074,886.9123252380067,63277.129836198714,39810.92749661771,,
8.697938232029925,12.595073759727827,66.19946920400204,16.071299892921274,224.01212801508277,0.07682921375069895,crossed,1,fem,random,22,10,1.2164889450000373,956.2383232759778,63190.68855106142,42229.96858408814,,
8.013401015843488,10.06893514250363,128.5475605647169,42.51371318753287,223.60567669072418,0.48328053810928395,crossed,1,fem,random,22,12,1.3599260809999123,1183.937854911145,62952.146201245974,43596.08172552933,,
5.513161635464595,6.100312665516118,89.2734360131067,22.99354029441944,223.63651852563487,0.45243870319859525,crossed,1,fem,random,22,16,1.6238920380001218,1077.626375460318,63055.07836770162,47581.21452160235,,
7.6174359903991515,11.378738375458173,99.03774425464981,31.4233871503648,224.01212801508277,0.07682921375069895,crossed,1,fem,random,22,20,1.7629121410000153,886.4354343111214,63282.25490395717,45100.71636690886,,
6.430356476651705,8.469262474584534,105.40372923390508,36.60081476222848,223.60567669072418,0.48328053810928395,crossed,1,fem,random,22,30,2.012976320000007,1120.8876048318343,63010.89157894131,47545.86344167057,,
6.457490797949504,7.456654195563106,57.04186082735981,23.26401570961392,224.01212801508277,0.07682921375069895,crossed,1,fem,random,22,50,2.543247403999885,891.3551082628009,63276.12982832495,46075.18537616949,,
10.243353981015378,8.792494206123395,142.14938540787054,38.11631682804137,,,no_null,0,fem,random,23,3,0.3003102330001184,1237.4472271496716,62910.529851811036,39810.903233969344,,
8.730983187829585,10.366701749129065,150.3533753040579,39.373773323224384,,,no_null,0,fem,random,23,4,0.5716847230000894,1236.860455901918,62913.31221025056,40750.29447158133,,
5.935271634792531,5.35756299039653,88.88015008531052,22.237542184009516,223.63651852563487,0.45243870319859525,crossed,1,fem,random,23,5,0.6452525830000013,1090.5120722200154,63040.20492280582,46699.56401069762,,
6.421590707440222,6.820209209578502,112.84950358071593,29.509339678757474,223.60567669072418,0.48328053810928395,crossed,1,fem,random,23,6,0.7791966820000198,1162.1607431574691,62975.930952486124,45387.83315739327,,
6.345544350617409,8.364397444263664,137.95811414883661,35.76535707012506,223.60567669072418,0.48328053810928395,crossed,1,fem,random,23,7,0.8828243949999433,1207.1359941322494,62940.79430062888,44707.00750617761,,
5.137768281788818,5.550411326346719,84.87436932543132,19.34709952971719,223.63651852563487,0.45243870319859525,crossed,1,fem,random,23,8,0.9359024110001428,1064.8171653708607,63071.51612374891,47411.275089257884,,
5.172533846569759,5.999564150872966,94.29348867895526,22.569600002523934,223.63651852563487,0.45243870319859525,crossed,1,fem,random,23,10,1.1400325469999188,1089.8983102499371,63045.31501399583,47665.423599690075,,
8.86974405716777,11.025521715925219,112.31965631765031,29.98693515221827,223.60567669072418,0.48328053810928395,crossed,1,fem,random,23,12,1.4489337720001458,1128.8114970373642,62996.93749431953,42883.13380276112,,
7.269431734941416,10.45443411182118,118.90662661775681,33.73456167463581,223.60567669072418,0.48328053810928395,crossed,1,fem,random,23,16,1.5695527539999148,1153.1093403861753,62982.829656382884,45559.141384613424,,
5.257116865862562,4.563726149498054,36.861806676406864,8.067450994287297,223.54960062725024,0.5393566015832221,crossed,1,fem,random,23,20,1.7788508579999416,1026.1721242019025,63112.74536822425,47176.70508940026,,
6.817264733631585,9.588145337605326,92.15613072455349,33.66152410837899,224.01212801508277,0.07682921375069895,crossed,1,fem,random,23,30,2.150700357000005,892.8981716122238,63274.18220311272,46219.10571708657,,
5.759620714280987,6.551856611768763,76.69676303596135,24.44312147609725,224.01212801508277,0.07682921375069895,crossed,1,fem,random,23,50,2.6341875499999787,907.5243898102356,63256.79601458611,46744.78118142263,,
10.243353981015378,8.792494206123395,142.14938540787054,38.11631682804137,,,no_null,0,fem,maxvar,0,3,0.32581573199991,1237.4472271496716,62910.529851811036,39810.903233969344,,
8.883950233725788,11.272944698456637,158.60037471884823,41.35636906013979,,,no_null,0,fem,maxvar,0,4,0.5844676159999835,1249.112114047802,62904.62486676121,40226.362413698276,,
8.64621839412705,10.895928090057744,153.85006874931514,40.005120629896965,,,no_null,0,fem,maxvar,0,5,0.7381051419999949,1240.5741262925642,62911.793152240716,40515.75244176961,,
7.461846451185868,10.923151941171112,148.11545029671265,37.968435473250736,,,no_null,0,fem,maxvar,0,6,0.8667645789998915,1217.8038841976354,62932.18423796469,42793.64732285778,,
6.276833975464472,8.53667518142373,130.49034875929715,33.95104784227678,223.60567669072418,0.48328053810928395,crossed,1,fem,maxvar,0,7,0.8791398070000014,1190.5389379952944,62955.45691201269,44690.00470648106,,
7.282381062443574,6.948333074672859,56.66390226712766,9.325037708009809,223.63651852563487,0.45243870319859525,crossed,1,fem,maxvar,0,8,1.072439261999989,1067.5754619914746,63068.93431452326,42155.68859509357,,
6.517128826468382,6.682974079276143,52.43613292058066,8.762477874319863,223.63651852563487,0.45243870319859525,crossed,1,fem,maxvar,0,10,1.3567248239999117,1057.2903598536618,63079.65974886933,43681.19359842396,,
9.436111220080122,13.555635146533355,21.11349937060425,9.266063758996475,223.93245327489683,0.1565039539366353,crossed,1,fem,maxvar,0,12,1.5018580700000257,973.2943535974546,63171.857374034764,41206.691773395,,
7.4105053042961435,9.531643425563725,16.760022360464287,6.162560624673786,224.01212801508277,0.07682921375069895,crossed,1,fem,maxvar,0,16,1.8236605709998912,969.6924681212424,63175.704398446454,43661.6185330181,,
8.451042547661782,12.094554697102305,18.856629713339967,10.650362042784506,224.01212801508277,0.07682921375069895,crossed,1,fem,maxvar,0,20,1.8709020999999666,922.7671239904589,63236.40608337496,42733.31864806332,,
7.992311698611104,10.993339249353703,16.435578583897133,10.9926720299149,224.01212801508277,0.07682921375069895,crossed,1,fem,maxvar,0,30,2.1165449779998653,890.563020459684,63278.22465454168,43249.42176996333,,
6.285321848086361,7.070648895756778,12.535112461448076,,224.01212801508277,0.07682921375069895,crossed,1,fem,maxvar,0,50,2.5078459209998982,878.2635163875794,63296.09187675433,45422.095830183345,,
10.243353981015378,8.792494206123395,142.14938540787054,38.11631682804137,,,no_null,0,fem_gp,equispaced,0,3,0.3105246210000132,1237.4472271496716,62910.529851811036,39810.903233969344,,
8.121439440154676,7.746668323955332,118.40162434564354,30.844169847304826,223.60567669072418,0.48328053810928395,crossed,1,fem_gp,equispaced,0,4,0.5924973740000041,1174.8902019909006,62961.13787360787,42948.594117297114,,
3.0378617037013695,5.873644011459605,54.67189006017327,29.226114835573604,221.32250995850774,2.7664472703257275,crossed,1,fem_gp,equispaced,0,5,0.7319593049999185,1198.390181023231,62945.54834763783,42818.28661462605,,8.0
2.2286037178306186,4.728310448594575,52.53032644445036,27.141177520825465,222.58048120275257,1.5084760260808991,crossed,1,fem_gp,equispaced,0,6,0.8128457440000147,1169.1228492392588,62970.077163342685,44321.558496898775,,8.0
2.4414966090975794,4.117438085335948,52.875178670516256,26.64816163051402,222.55625321714012,1.5327040116933404,crossed,1,fem_gp,equispaced,0,7,0.8893813540000792,1167.7621369666417,62970.59341610001,44840.15320545106,,8.0
1.9423191013341055,3.548628575462281,52.33687911884049,23.65359808702106,223.553049750202,0.5359074786314579,crossed,1,fem_gp,equispaced,0,8,0.9931788159999542,1153.5377789085805,62986.30246578737,45480.87665596456,,8.0
1.8510220134045374,2.9848139344799596,51.759679470609946,18.304874430168624,223.52133841082454,0.5676188180089241,crossed,1,fem_gp,equispaced,0,10,1.211234597000157,1118.459700893433,63017.6642559613,46320.569364301686,,8.0
1.8394230360164925,2.8508817951744403,57.88495510244906,18.39842725965507,223.48130799280517,0.6076492360282941,crossed,1,fem_gp,equispaced,0,12,1.3677119259998562,1153.5197191507125,62984.854749930564,46483.48353041569,,8.0
1.6319571611492063,2.4039169116487566,58.048829885238526,16.300525585141624,224.42188382175317,0.33292659291970494,crossed,1,fem_gp,equispaced,0,16,1.4472779410000385,1122.1245498145515,63009.92406840909,46771.922036120806,,8.0
1.532934360136876,1.9458016648135983,51.011700821081206,11.049110135802037,224.31944487008556,0.23048764125209686,crossed,1,fem_gp,equispaced,0,20,1.5947115260000828,1014.6295486504908,63118.55295961203,46256.49447888734,,8.0
1.5320463166158658,3.126715198752577,84.12394849052465,23.2490564677972,224.0462743323053,0.04268289652816293,crossed,1,fem_gp,equispaced,0,30,1.9295018790000995,881.8134999094841,63291.60127155118,47152.14607037191,,4.0
1.434275030938074,1.5417111758213409,17.76009352539242,8.131821046315798,224.2374937087515,0.14853647991802177,crossed,1,fem_gp,equispaced,0,50,2.6291138030001093,896.3218692199997,63272.14206309385,47454.92206476332,,4.0
10.243353981015378,8.792494206123395,142.14938540787054,38.11631682804137,,,no_null,0,fem_gp,dopt_lowrank,0,3,0.3219933409998248,1237.4472271496716,62910.529851811036,39810.903233969344,,
7.0903796249329325,6.293922413399288,105.50712134111977,27.48505986761159,223.60567669072418,0.48328053810928395,crossed,1,fem_gp,dopt_lowrank,0,4,0.5804160279999451,1146.6982252918867,62989.783822730395,44191.37657582532,,
3.4821378786983272,6.674863460438778,54.86483120663957,31.64820125850063,222.5984704820698,1.4904867467636507,crossed,1,fem_gp,dopt_lowrank,0,5,0.7136555409999801,1197.276766801773,62947.33592785301,42914.81376431901,,15.0
4.055432177601468,7.429153098026374,42.12380417580603,35.8610621295817,223.58064273381618,0.508314495017288,crossed,1,fem_gp,dopt_lowrank,0,6,0.9019937950001804,1075.591782584225,63058.81081429361,40070.53050102916,,8.0
3.7313626021787427,6.939036029326768,40.149948091325534,34.89972046065981,223.58064273381618,0.508314495017288,crossed,1,fem_gp,dopt_lowrank,0,7,0.957215566000059,1052.871294230115,63084.21821262339,42313.83328647924,,8.0
3.530720311263662,6.687125354718174,39.31224443537542,34.45442890916618,223.58064273381618,0.508314495017288,crossed,1,fem_gp,dopt_lowrank,0,8,1.0445045040000878,1044.0975184915555,63094.398785221034,43532.37664988831,,8.0
3.4745531178022677,6.181327890075424,38.7071269280828,34.07889853510948,223.58064273381618,0.508314495017288,crossed,1,fem_gp,dopt_lowrank,0,10,1.2463244419998318,1036.0679466561787,63102.67264029974,44872.35769412595,,8.0
3.576653182097115,6.206533817274201,32.64025487275033,30.569175021466727,223.94120874085135,0.14774848798211337,crossed,1,fem_gp,dopt_lowrank,0,12,1.4728836069998579,969.7079417675943,63175.36908476347,41277.21085395294,,8.0
3.696042523935032,4.465838621993759,21.691323900736077,18.658186628438774,224.08895722883346,0.0,crossed,1,fem_gp,dopt_lowrank,0,16,1.6622970869998426,925.1252337088379,63231.805864855705,40582.484549568006,,8.0
3.634277340470923,3.952413585266034,13.911254751570484,4.878860782170853,224.16009538971375,0.07113816088028102,crossed,1,fem_gp,dopt_lowrank,0,20,1.7338461719998577,902.9003926900267,63260.522798864906,40668.915395657874,,8.0
3.013549086612093,3.9055646388202643,23.045610187386483,4.478525735617418,224.26356907826687,0.17461184943340413,crossed,1,fem_gp,dopt_lowrank,0,30,2.0987409120000393,891.3048317178965,63277.264804057515,43371.240767586656,,8.0
2.9744344690438074,2.9129794557326063,6.415923491523278,,224.16009538971375,0.07113816088028102,crossed,1,fem_gp,dopt_lowrank,0,50,2.7262574940000377,879.3806997091061,63294.60576412979,45504.4986800913,,4.0
10.243353981015378,8.792494206123395,142.14938540787054,38.11631682804137,,,no_null,0,fem_gp,random,0,3,0.34738610799990965,1237.4472271496716,62910.529851811036,39810.903233969344,,
7.4112551771557165,6.466774389612773,108.67105230133936,28.567348694462602,223.60567669072418,0.48328053810928395,crossed,1,fem_gp,random,0,4,0.6626328019999619,1158.4164471385352,62979.37880017317,43785.58909533238,,
5.369926343796406,5.481330494218408,57.96467497886321,21.805392514466902,222.38060032144992,1.7083569073835463,crossed,1,fem_gp,random,0,5,0.7941317889999482,1215.253443152949,62933.02577952703,42959.328101598716,,4.0
3.8157089199846554,5.119003238039379,49.70056197230711,25.52191100628064,222.3468994751838,1.742057753649675,crossed,1,fem_gp,random,0,6,0.8142328030000954,1138.8945775672262,62998.108441363336,46120.05038091394,,8.0
3.640307754816724,5.780613857074043,57.40787223375704,31.1585018859795,221.32250995850774,2.7664472703257275,crossed,1,fem_gp,random,0,7,1.0206986819998747,1228.7077825901285,62922.2568040157,43668.21835193193,,8.0
6.233235839384975,3.249347086773641,15.209176148897555,11.133284624326318,224.08895722883346,0.0,crossed,1,fem_gp,random,0,8,0.9818997610000224,955.3482503599466,63182.98276124275,39810.90800289815,,15.0
2.3193232253895824,3.5594741769001357,49.53051629514438,19.14734418865617,223.53167490374034,0.5572823250931265,crossed,1,fem_gp,random,0,10,1.399743423000018,1096.923730483863,63036.80836927994,47353.1342175674,,8.0
2.820691047236131,2.4287835861705385,52.005323714310734,10.738004657774407,224.31944487008556,0.23048764125209686,crossed,1,fem_gp,random,0,12,1.6313266360000398,1045.2360904999525,63080.88296970041,42301.48918155929,,8.0
3.2055661516651077,4.918281665567636,49.20173841497232,24.212936696202007,222.38060032144992,1.7083569073835463,crossed,1,fem_gp,random,0,16,1.554212896000081,1118.8530907054003,63019.23040546849,48782.38540679393,,8.0
1.6515799986912343,2.025119287822296,28.788949245052066,12.442102926674368,224.42188382175317,0.33292659291970494,crossed,1,fem_gp,random,0,20,1.8153623609998704,978.8767262906566,63158.227189232246,43768.29740460268,,8.0
1.6462045490976374,2.221430381789153,53.73701851681643,13.961734033816395,224.49726342769728,0.40830619886381214,crossed,1,fem_gp,random,0,30,2.223206849999997,1076.310256359275,63058.808034973874,49332.7256207437,,8.0
1.540754978795764,4.304505620037764,109.22966777384156,35.538397602229864,224.0462743323053,0.04268289652816293,crossed,1,fem_gp,random,0,50,2.482125304999954,850.2928750458926,63338.778357470524,48066.90834778976,,4.0
10.243353981015378,8.792494206123395,142.14938540787054,38.11631682804137,,,no_null,0,fem_gp,random,1,3,0.30445251600008305,1237.4472271496716,62910.529851811036,39810.903233969344,,
7.08254806916531,5.748744676237151,97.44113744645388,25.6859484265483,223.60567669072418,0.48328053810928395,crossed,1,fem_gp,random,1,4,0.5065044440000293,1127.0639915668085,63005.78823886546,45076.12643484968,,
3.8605725725164297,5.309322599797619,55.27083785616609,29.980495032384862,222.38060032144992,1.7083569073835463,crossed,1,fem_gp,random,1,5,0.7247772779999195,1208.47882594692,62938.65998866932,43152.17830544475,,8.0
6.604333444584389,6.806449660100792,30.95004738048925,17.828931467119183,223.42543220098648,0.6635250278469869,crossed,1,fem_gp,random,1,6,0.819947478000131,973.9917731639282,63160.644889218245,39810.886419887545,,30.0
3.3098379231948307,5.768998941457267,54.281794579621575,29.139581011023065,221.32250995850774,2.7664472703257275,crossed,1,fem_gp,random,1,7,0.9907392099999015,1193.0032936809935,62952.60235143771,44981.614728165034,,8.0
2.5286508539771573,5.041328234423451,53.95388073911882,28.654158590904267,221.32250995850774,2.7664472703257275,crossed,1,fem_gp,random,1,8,1.1180739549999998,1186.206060674766,62957.70528273945,45550.429059001784,,8.0
3.115875441205139,4.2627989913613975,47.56334764771369,21.123795117428752,222.3468994751838,1.742057753649675,crossed,1,fem_gp,random,1,10,1.2198232709999957,1085.9569087707832,63049.68357961505,48559.879246605706,,8.0
2.1359558144195603,3.6153214741128967,55.36233791475347,24.241547187255335,223.553049750202,0.5359074786314579,crossed,1,fem_gp,random,1,12,1.4587507619999087,1176.7504138439356,62968.35304284212,45882.85022750454,,8.0
2.1603739612886192,3.190487980240357,85.04367114244785,21.202080660032298,224.0462743323053,0.04268289652816293,crossed,1,fem_gp,random,1,16,1.6041522289999648,894.7695042647919,63271.142247963646,44061.60274910024,,8.0
2.0755904663576112,2.5764617928141003,17.614206466984076,7.715837458819412,224.4187796110966,0.32982238226313143,crossed,1,fem_gp,random,1,20,1.6534694090000812,1043.6558704968222,63090.43441438436,45569.27143882211,,8.0
2.4284431181580346,5.345503960872942,36.24116146860583,29.56318667515899,223.65359168424615,0.435365544587313,crossed,1,fem_gp,random,1,30,2.004160284000136,1030.368096486063,63108.28343163893,48634.11427245011,,8.0
1.6014902962377149,4.079651873832624,38.53987518185603,24.365447865196124,223.90968906341516,0.17926816541830703,crossed,1,fem_gp,random,1,50,2.7439916669998183,950.3394590259853,63200.714038012586,49250.76038947918,,4.0
10.243353981015378,8.792494206123395,142.14938540787054,38.11631682804137,,,no_null,0,fem_gp,random,2,3,0.3364120339999772,1237.4472271496716,62910.529851811036,39810.903233969344,,
9.122011258621889,12.88342239701106,136.90053266118625,36.34087714988078,223.60567669072418,0.48328053810928395,crossed,1,fem_gp,random,2,4,0.634829105000108,1197.9655666622912,62945.67851857876,40139.892612779055,,
6.180600707596234,7.355552241106246,52.47618901740068,18.784077787665222,223.52403653949006,0.5649206893434098,crossed,1,fem_gp,random,2,5,0.767523016000041,1112.4857442861132,63025.33857114767,42857.28208207449,,15.0
3.8197851402957377,5.775135332165496,55.99365369503959,19.09603954636801,223.49993325674473,0.5890239720887394,crossed,1,fem_gp,random,2,6,0.8508325509999395,1166.314666941355,62973.49731957015,42630.90298040697,,8.0
3.5601997245684625,3.5545612457675153,48.47531303362879,17.086995218157963,222.3468994751838,1.742057753649675,crossed,1,fem_gp,random,2,7,0.9831338730000425,1094.0033367682627,63038.39856457169,47397.92507862276,,4.0
5.238577876179388,6.142340898253389,49.64339475293428,13.733374700459214,222.499647022814,1.5893102060194622,crossed,1,fem_gp,random,2,8,1.0603800890000912,1109.5238213180905,63029.76590172324,44364.974378602725,,4.0
2.354886512269353,2.751029047970293,55.8545602750931,15.71525006777199,224.37798141389564,0.28902418506217487,crossed,1,fem_gp,random,2,10,1.346942164999973,1093.924382719734,63027.1929408229,42896.28606684542,,8.0
3.022484028978014,1.9733756376450295,17.90274368419028,10.177674456723548,224.4187796110966,0.32982238226313143,crossed,1,fem_gp,random,2,12,1.3859994890001417,1017.2891826012523,63118.29742526911,42900.960461027906,,15.0
2.4321011652695836,3.4237284202941747,54.77376940856664,17.71023396427198,224.2374937087515,0.14853647991802177,crossed,1,fem_gp,random,2,16,1.3558642000000418,951.5347604036267,63186.35135209025,42181.91796357376,,8.0
2.6680147085515014,4.590460064686495,93.07722338368913,28.58847486082855,224.0462743323053,0.04268289652816293,crossed,1,fem_gp,random,2,20,1.5690823019999698,879.3742201161755,63296.18296829762,46745.814239954736,,8.0
1.8274089654108807,3.9992731187614603,54.48170136336164,23.25355820136778,223.553049750202,0.5359074786314579,crossed,1,fem_gp,random,2,30,1.8208274199998868,1155.9380956726545,62984.69181253587,49052.72682860647,,8.0
1.5321614459899813,2.210363652322072,22.236369436068042,10.846201771859242,224.30531535951073,0.21635813067726417,crossed,1,fem_gp,random,2,50,2.3258970510000836,931.8647937005871,63222.312660590585,47642.951498466515,,4.0
10.243353981015378,8.792494206123395,142.14938540787054,38.11631682804137,,,no_null,0,fem_gp,random,3,3,0.3015899559998161,1237.4472271496716,62910.529851811036,39810.903233969344,,
9.22477520284105,12.424354359874533,142.81714108561198,38.010475609394554,,,no_null,0,fem_gp,random,3,4,0.5588630839999951,1214.6057715878085,62930.250413943315,40130.65586485516,,
6.0866217894066175,8.972008289418246,67.64149693992843,18.502205829065442,224.37798141389564,0.28902418506217487,crossed,1,fem_gp,random,3,5,0.6877694049999263,1149.8052247831326,62965.627017389736,39810.90212716973,,15.0
8.223573050747824,8.265430477229286,46.34729771526692,38.536840194308766,222.52977612624565,1.5591811025878144,crossed,1,fem_gp,random,3,6,0.7457119729999704,1115.6333475562167,63017.1382612903,39810.85865198623,,8.0
5.754573302442803,6.239148089560291,52.26257856979355,11.46544752075961,224.31944487008556,0.23048764125209686,crossed,1,fem_gp,random,3,7,0.9066044950000105,1054.1683392266386,63061.59351749473,39810.925003915705,,8.0
4.785688021310393,5.086069455237439,61.88651797597604,22.122139597669342,224.0462743323053,0.04268289652816293,crossed,1,fem_gp,random,3,8,0.9969623570000294,907.5618757420992,63240.06250753897,39810.962625369204,,8.0
2.040967809162017,3.6159973222639294,50.926860200193644,21.208202730283894,223.53167490374034,0.5572823250931265,crossed,1,fem_gp,random,3,10,1.1883597359999385,1125.246192231834,63010.92623199835,47060.80556642645,,8.0
2.7345282297617888,3.7219064661460832,60.19037364623854,19.81794218620521,224.44982171766253,0.3608644888290655,crossed,1,fem_gp,random,3,12,1.3858553809998284,1170.0367991594512,62969.69976650301,45277.58800135755,,8.0
1.8952409692233028,2.8350330711784335,56.298367070811835,16.832526041083558,223.49993325674473,0.5890239720887394,crossed,1,fem_gp,random,3,16,1.4840677289998894,1140.783053338935,62999.48535142704,47628.618467182634,,8.0
3.0049546480039586,5.0824327497711845,36.227206487032056,27.867220980175606,223.6479006313757,0.4410565974577594,crossed,1,fem_gp,random,3,20,1.5696365220001098,1052.7907579051716,63083.42106374312,46720.88714680819,,8.0
1.6245307922186154,2.4609550614157722,21.406706439478132,16.191311420481195,224.0462743323053,0.04268289652816293,crossed,1,fem_gp,random,3,30,1.8070396579998942,894.7056837910752,63273.35796400705,45491.44618566964,,8.0
1.6202274013453597,4.901316110113724,137.87223189679142,41.53590467954916,224.08895722883346,0.0,crossed,1,fem_gp,random,3,50,2.2931757389999348,811.3523752947146,63407.13253850696,47914.42321117121,,4.0
10.243353981015378,8.792494206123395,142.14938540787054,38.11631682804137,,,no_null,0,fem_gp,random,4,3,0.2949874880000607,1237.4472271496716,62910.529851811036,39810.903233969344,,
9.195468842625745,10.91451179510871,148.84985632731437,39.365707073939966,,,no_null,0,fem_gp,random,4,4,0.5580949160000728,1234.4185876216607,62913.469624737576,40296.01654135799,,
7.337066010878492,7.235327712473887,68.50288831024208,23.087670777601183,222.38060032144992,1.7083569073835463,crossed,1,fem_gp,random,4,5,0.6497231800001373,1260.2646857364925,62897.07800155237,40647.88869976099,,4.0
9.76750349781265,7.784644344839715,56.574876395752796,16.112197784017162,224.2374937087515,0.14853647991802177,crossed,1,fem_gp,random,4,6,0.7657251279999855,933.5367309337811,63195.85187110186,39810.89766422675,,8.0
3.3808928540741303,4.091325779250141,46.82934856940927,19.206332520620695,222.3468994751838,1.742057753649675,crossed,1,fem_gp,random,4,7,0.8384069600001567,1069.89499677746,63065.02070843505,48011.389933497674,,8.0
3.2682268800324787,4.068303683275674,47.0673891376209,19.99314110523142,222.3468994751838,1.742057753649675,crossed,1,fem_gp,random,4,8,0.9505099589998736,1076.6948599519433,63059.07735145621,48377.50743468356,,8.0
2.698077424946761,4.160399305562471,69.81518041072957,24.59905927508127,224.0462743323053,0.04268289652816293,crossed,1,fem_gp,random,4,10,1.2639978059999066,900.3011605301161,63256.28502659197,40381.466435190916,,8.0
3.847074538448319,6.584310887568518,42.06988753252025,35.97237384752421,223.58064273381618,0.508314495017288,crossed,1,fem_gp,random,4,12,1.3447630879998087,1071.0394370497413,63064.86403248466,44810.14926460809,,8.0
5.7153538449171135,5.503933920187243,48.545122044144996,12.268928111764444,224.31944487008556,0.23048764125209686,crossed,1,fem_gp,random,4,16,1.5384006009999212,1035.497909025992,63085.2276821808,41113.10304771567,,4.0
1.701839251704619,2.4160449513557283,50.963856251985554,14.562333979073438,223.50968934737975,0.5792678814537169,crossed,1,fem_gp,random,4,20,1.7832662959999652,1069.5784392696478,63066.891655644475,49116.90873625177,,8.0
1.706045341723823,1.5526012336145651,10.269496828738504,7.561450074727818,224.2838139303751,0.1948567015416245,crossed,1,fem_gp,random,4,30,2.0503767889999835,938.2361301142829,63213.52129169049,42395.136339677934,,8.0
1.4252522095294407,1.979219119291474,21.991968877231038,14.609735336604007,224.30531535951073,0.21635813067726417,crossed,1,fem_gp,random,4,50,2.613911508000001,917.1878220931222,63243.13205950227,47120.97392754935,,4.0
10.243353981015378,8.792494206123395,142.14938540787054,38.11631682804137,,,no_null,0,fem_gp,random,5,3,0.3278459360001307,1237.4472271496716,62910.529851811036,39810.903233969344,,
7.796144775516309,7.207177820890924,117.09821650920442,31.052022993651352,223.60567669072418,0.48328053810928395,crossed,1,fem_gp,random,5,4,0.6104877960001431,1179.7811366071132,62959.76024629971,43165.164882283505,,
6.294194717684086,8.09431589032488,60.83996983512813,32.911238901850716,221.32379768888694,2.7651595399465236,crossed,1,fem_gp,random,5,5,0.6696559760000582,1259.26485862154,62897.31702674499,40331.95053816339,,8.0
10.546907708639925,4.365819786445483,56.83911188035926,14.691375404546687,224.31944487008556,0.23048764125209686,crossed,1,fem_gp,random,5,6,0.8251054469999417,1083.1152747840129,63017.862208893006,39810.97317350621,,8.0
3.957411381907239,4.992482087635859,46.416526942953865,17.939094272052635,222.3468994751838,1.742057753649675,crossed,1,fem_gp,random,5,7,0.9087939999999435,1056.6966471472276,63079.141767886096,48260.897656914065,,8.0
2.624142975974834,2.8988080623649055,53.75492542852849,16.75325532791156,224.473103297587,0.3841460687535232,crossed,1,fem_gp,random,5,8,1.030338466000103,1111.9978664816144,63019.71925103151,44639.21982793757,,8.0
2.5532086554707862,4.638550583631098,57.17051729817824,22.972631829109037,223.52403653949006,0.5649206893434098,crossed,1,fem_gp,random,5,10,1.1655240249999679,1191.0424537715976,62956.53000093286,44616.63918928715,,8.0
3.0681416732720583,5.418169500753264,76.69390903183093,19.073986331844697,224.0462743323053,0.04268289652816293,crossed,1,fem_gp,random,5,12,1.4387449250000373,900.0847275610412,63257.76376466821,40711.34008302638,,8.0
2.5092420771401964,3.151664570162622,22.500403956945796,20.078369841170243,224.08895722883346,0.0,crossed,1,fem_gp,random,5,16,1.5057883689999016,923.6279888531624,63231.986396330714,39810.8568723469,,8.0
2.0355310995386744,2.0685649117482474,15.532626405191705,5.903368562946222,224.36334727794312,0.27439004910965537,crossed,1,fem_gp,random,5,20,1.4682886120001513,1019.4523175724918,63114.32236021267,44266.03393136063,,8.0
1.7577852348056273,2.096553035408228,21.956493007888557,9.867984548683676,224.30531535951073,0.21635813067726417,crossed,1,fem_gp,random,5,30,1.7931966799999373,884.5892770488774,63281.34627212051,42360.95118911372,,8.0
1.4872454301852687,2.2888466825234577,23.963080144230243,14.143266893384382,224.39875244557018,0.30979521673671684,crossed,1,fem_gp,random,5,50,2.2962004260000413,1015.1342086544229,63121.92631315025,47597.94533196992,,4.0
10.243353981015378,8.792494206123395,142.14938540787054,38.11631682804137,,,no_null,0,fem_gp,random,6,3,0.2675054460000865,1237.4472271496716,62910.529851811036,39810.903233969344,,
7.216071393267482,6.065015360428947,102.28845429198796,26.74284992698131,223.60567669072418,0.48328053810928395,crossed,1,fem_gp,random,6,4,0.5014925570001196,1139.4736071914372,62995.42890508529,44346.21954480379,,
6.851664727501018,7.59618088917189,56.44369728249513,19.926755513791488,222.52866023352595,1.5602969953075103,crossed,1,fem_gp,random,6,5,0.6422794919999433,1203.6320280184693,62943.34176474739,40503.712016484234,,4.0
4.14215254269396,6.4879941866996305,49.36281623765963,28.354395097238516,222.3468994751838,1.742057753649675,crossed,1,fem_gp,random,6,6,0.7673182610001277,1136.2708843821965,62999.23784309319,45869.208477825814,,15.0
4.904216559352093,5.591604594401922,55.00723538292578,14.599232534881201,224.31944487008556,0.23048764125209686,crossed,1,fem_gp,random,6,7,0.9756950380001399,1083.2928107227062,63029.07616493721,39810.9554879265,,8.0
2.766552244212212,4.009321330628496,60.89314268089131,19.75212233703838,224.49726342769728,0.40830619886381214,crossed,1,fem_gp,random,6,8,1.0147052069999063,1182.205189556171,62960.89135176095,42884.28624097242,,8.0
2.335765212182511,3.4584274116111144,49.050613377727146,19.01535684721087,223.553049750202,0.5359074786314579,crossed,1,fem_gp,random,6,10,1.305048342999953,1090.011885151018,63043.67499977086,47493.575960048154,,8.0
3.4198324109430884,4.104293795574633,57.653888394196684,16.947851737497917,224.37798141389564,0.28902418506217487,crossed,1,fem_gp,random,6,12,1.4360652670000036,1114.0326155401158,63012.32748470701,43302.40325332276,,8.0
2.082424318345864,3.4857674195611463,65.1044691369165,22.176201103758903,224.42188382175317,0.33292659291970494,crossed,1,fem_gp,random,6,16,1.5947272999999313,1194.9395773446827,62943.891873557346,44771.15451737774,,8.0
1.6328604910068678,2.323028983402478,58.02614724577534,14.485674904766043,224.37798141389564,0.28902418506217487,crossed,1,fem_gp,random,6,20,1.7548588090000976,1107.019769473089,63022.70553683999,46574.4528584859,,8.0
1.7154828379496425,4.250493029833606,107.1008205738969,28.133616151544093,224.0462743323053,0.04268289652816293,crossed,1,fem_gp,random,6,30,2.1351841169998806,864.7851424848132,63319.820820010944,48517.061768681306,,8.0
1.4542813813510742,1.867780318222609,21.81152047455751,12.285579307860068,224.34979715206117,0.26083992322770655,crossed,1,fem_gp,random,6,50,2.494893252999873,943.4499382728817,63209.73482531837,47261.17001594131,,4.0
10.243353981015378,8.792494206123395,142.14938540787054,38.11631682804137,,,no_null,0,fem_gp,random,7,3,0.32962803899999926,1237.4472271496716,62910.529851811036,39810.903233969344,,
8.10902485727911,8.272727337667181,129.94532570658478,34.389858628118745,223.60567669072418,0.48328053810928395,crossed,1,fem_gp,random,7,4,0.5976299860001291,1203.1369920544437,62940.27261419204,42291.442101649474,,
5.034376496317141,7.864618178350274,55.29820872668303,29.722143092370846,221.32250995850774,2.7664472703257275,crossed,1,fem_gp,random,7,5,0.6625902389998828,1206.30232465756,62939.43301587426,42873.140240928675,,8.0
3.3706320473263234,5.4710301752226,50.53514935377705,24.25146798521848,223.5877380724598,0.5012191563736508,crossed,1,fem_gp,random,7,6,0.8564224690001083,1124.894836597744,63010.26850118102,45433.50062449259,,15.0
3.2870850877188604,5.703492954142756,54.60821206330674,29.222765886600783,221.32250995850774,2.7664472703257275,crossed,1,fem_gp,random,7,7,0.9592197130000386,1193.2033597162476,62949.820170071376,44732.395771933625,,8.0
2.8399452973636814,4.991211463469022,53.4154407197712,28.560947949108385,222.38060032144992,1.7083569073835463,crossed,1,fem_gp,random,7,8,1.1231639139998606,1180.4988104783954,62962.177659168134,46158.170830561095,,8.0
2.927254193150257,3.6486352355320593,57.94264758241493,14.746010299607143,224.37798141389564,0.28902418506217487,crossed,1,fem_gp,random,7,10,1.171203880000121,1115.4442546395878,63011.4448690654,41763.83927135643,,8.0
3.1083705145638856,2.7995151371300335,14.948734050204457,5.989633811064282,224.36334727794312,0.27439004910965537,crossed,1,fem_gp,random,7,12,1.5401738059999843,995.1001265590794,63141.06649012103,41672.954414583284,,8.0
2.835065062369714,5.302075724354604,36.033148887166064,27.47653094442134,223.64455295321665,0.4444042756168187,crossed,1,fem_gp,random,7,16,1.5526018810001005,1054.0392589217472,63083.26877875234,45909.40525547134,,8.0
1.994569759278729,3.2575023201607767,97.79200764019464,30.81229951922364,224.2374937087515,0.14853647991802177,crossed,1,fem_gp,random,7,20,1.6598395850000998,902.0410368144538,63263.858110373454,46317.53787838435,,8.0
2.633567885832221,2.9453185267811115,36.974162744505655,11.555920529588155,224.08895722883346,0.0,crossed,1,fem_gp,random,7,30,2.01238653900009,903.4447633239183,63261.27232114978,44029.65063406285,,4.0
1.411546952134591,1.902222445507403,22.469863071360184,13.45361861080025,224.34979715206117,0.26083992322770655,crossed,1,fem_gp,random,7,50,2.7151732770000763,937.5190410239551,63216.99029474491,47110.03833488365,,4.0
10.243353981015378,8.792494206123395,142.14938540787054,38.11631682804137,,,no_null,0,fem_gp,random,8,3,0.29278537199979837,1237.4472271496716,62910.529851811036,39810.903233969344,,
9.312929419756614,10.671914036200953,149.81764344196472,39.6480556454859,,,no_null,0,fem_gp,random,8,4,0.5724228060000769,1238.522714248303,62909.800160861305,40254.386498775646,,
5.657620515183224,7.368922930392439,52.95732284681575,21.004605799317922,223.52403653949006,0.5649206893434098,crossed,1,fem_gp,random,8,5,0.7099631179999051,1157.7365585358223,62984.09867647071,40747.94758575467,,8.0
4.08420416710319,6.641767146138153,54.106250419945376,25.712626765604863,223.5877380724598,0.5012191563736508,crossed,1,fem_gp,random,8,6,0.8650448509999933,1158.0181477376213,62980.92374941834,44613.1737670469,,15.0
2.8098123456517596,5.088141710231512,53.65409746248846,28.13861256673088,222.5926168276888,1.4963404011446642,crossed,1,fem_gp,random,8,7,1.0328975710001487,1180.656264523866,62960.7734900745,44987.62464507451,,8.0
3.357758198749017,5.838687309362797,55.867787383512294,29.483527347041456,222.58438512621552,1.5045721026179422,crossed,1,fem_gp,random,8,8,1.1240483470000981,1206.5370257705308,62941.027563301956,44523.97159955129,,8.0
3.3664281749992364,4.132409004005125,24.07999363283125,13.572824624671428,224.50650730356554,0.41755007473207684,crossed,1,fem_gp,random,8,10,1.2944161109999186,1050.780663183074,63082.12762001674,42676.37818452815,,8.0
2.797208721096321,3.394690936963132,53.24790431029584,12.367679369945444,224.31944487008556,0.23048764125209686,crossed,1,fem_gp,random,8,12,1.564792586999829,1062.6593273597396,63061.398754484835,43298.27131049952,,8.0
2.8321824874730437,2.6505918758279843,50.69626385787272,16.003487154485526,224.2374937087515,0.14853647991802177,crossed,1,fem_gp,random,8,16,1.5270659409998188,957.7404904676466,63175.323916258756,42003.43242669836,,8.0
2.0504855443893337,4.150596840338362,116.77407780997335,30.898970359472965,224.0462743323053,0.04268289652816293,crossed,1,fem_gp,random,8,20,1.7189090030001353,857.8027165761022,63322.976610228485,43500.15000772051,,8.0
1.6334609013348433,2.5981234407687244,54.19364352750616,16.658448189612194,223.44871378091094,0.6402434479225292,crossed,1,fem_gp,random,8,30,2.0506059719998575,1089.006609216545,63044.969387631725,49126.337803393,,8.0
1.3960110046065461,4.395366713891296,113.67813621281198,36.52232870513091,224.0462743323053,0.04268289652816293,crossed,1,fem_gp,random,8,50,2.646119147000036,844.3737837242542,63350.20505473803,48472.99268821928,,4.0
10.243353981015378,8.792494206123395,142.14938540787054,38.11631682804137,,,no_null,0,fem_gp,random,9,3,0.32680647500001214,1237.4472271496716,62910.529851811036,39810.903233969344,,
9.550797411235564,14.279068882277295,128.99022228734998,34.03163696026163,223.60567669072418,0.48328053810928395,crossed,1,fem_gp,random,9,4,0.6484562369998912,1170.656050495896,62970.0790209964,39810.872958524036,,
3.7300221912966314,4.839670570125171,52.54343075512846,28.19483160258963,222.3468994751838,1.742057753649675,crossed,1,fem_gp,random,9,5,0.7235356450000836,1178.0732654220817,62964.67213062666,44273.382980988725,,8.0
8.301373452948495,8.680059521075304,56.00287271967481,19.494949199162956,224.0462743323053,0.04268289652816293,crossed,1,fem_gp,random,9,6,0.7997730320000755,913.2736414734901,63227.19465160954,39810.96751535862,,8.0
2.8798415219790123,5.65501557509876,49.02341611538447,26.225145327867804,234.46090108517845,10.371943856344984,at_or_beyond_end,0,fem_gp,random,9,7,0.8723882390002018,1120.1442814065736,63013.602089059124,47063.80100938051,,15.0
2.8783925263688297,4.564162595541196,53.31935055016965,20.017904975389037,223.50968934737975,0.5792678814537169,crossed,1,fem_gp,random,9,8,1.000798401999873,1144.8832261366977,62994.13959453266,44811.414876953575,,8.0
3.130998739219459,5.245433985170102,40.000337806165135,31.722313390831353,223.65359168424615,0.435365544587313,crossed,1,fem_gp,random,9,10,1.1902725200000077,1077.5071044908416,63058.6752988772,41993.13479932196,,8.0
2.4246372685932194,4.543889173607152,52.9677374864517,26.76827029568457,222.56967683079026,1.5192803980432075,crossed,1,fem_gp,random,9,12,1.499437037000007,1166.7032886000698,62974.01856069365,47230.882276448516,,8.0
1.9436443450750256,3.9190032181747494,145.10895557491074,37.73251685142423,224.0462743323053,0.04268289652816293,crossed,1,fem_gp,random,9,16,1.6445026410001446,820.8592290454491,63383.004098922494,40499.78452923,,8.0
2.047117859132861,3.8750704241049094,29.13055093781412,24.734082734365728,223.53407957396726,0.5548776548662033,crossed,1,fem_gp,random,9,20,1.6469471780001186,958.2715580556812,63187.51071491602,46115.71540919769,,8.0
1.5352480528692276,1.8707874224764003,18.008943335253583,8.916585020668304,224.39875244557018,0.30979521673671684,crossed,1,fem_gp,random,9,30,1.9074940410000636,955.0680202063041,63193.52703926746,45852.297016405224,,8.0
1.6813870843668919,2.223744287859474,36.855330470966116,13.047274148542298,224.08895722883346,0.0,crossed,1,fem_gp,random,9,50,2.491060245999961,905.4463211388418,63261.812621173216,47919.40477207141,,4.0
10.243353981015378,8.792494206123395,142.14938540787054,38.11631682804137,,,no_null,0,fem_gp,random,10,3,0.33486621500014735,1237.4472271496716,62910.529851811036,39810.903233969344,,
9.132293045794679,11.970091525042054,146.69155559544782,38.75519079788198,,,no_null,0,fem_gp,random,10,4,0.6156439439998849,1223.9557011499157,62923.168922690675,40089.78170380715,,
3.3544953574471306,6.62475081284713,54.87110706580416,31.685130656584292,222.5984704820698,1.4904867467636507,crossed,1,fem_gp,random,10,5,0.6729181299999709,1197.1400564813423,62946.957081006054,42841.40965569908,,15.0
4.573448822462743,5.0389913278814396,59.86069573253429,19.98820291524707,224.44982171766253,0.3608644888290655,crossed,1,fem_gp,random,10,6,0.8157099519999065,1172.781217623112,62961.91779720692,41199.42352113392,,8.0
3.976780489860634,6.113826709975735,57.10277525960363,29.548959909558715,222.55625321714012,1.5327040116933404,crossed,1,fem_gp,random,10,7,0.9332993010000337,1219.1158330231235,62929.91042086878,43028.57862608943,,8.0
2.9236787007500333,4.83598854301414,50.60342756729135,26.28328579857353,222.38060032144992,1.7083569073835463,crossed,1,fem_gp,random,10,8,1.0574922129999322,1147.7367283619117,62991.344034583446,46632.42808807776,,8.0
3.546756709464612,5.424574523800752,28.604969180563977,23.14828490193049,223.5801028710933,0.5088543577401765,crossed,1,fem_gp,random,10,10,1.2000214879999476,1026.7518461155844,63113.39649055119,45060.076035707876,,15.0
2.010524907759874,2.733495857013564,57.52578861138841,17.599656880514676,224.2374937087515,0.14853647991802177,crossed,1,fem_gp,random,10,12,1.5228706339999007,942.773083199909,63195.07918422321,40642.1600208695,,8.0
4.19414623203816,4.662239473411555,76.77849469072346,22.86641440840919,224.2374937087515,0.14853647991802177,crossed,1,fem_gp,random,10,16,1.6054674250001426,912.3562733608552,63236.13786729561,40451.32998099509,,8.0
2.191361676883942,3.5732891009812326,57.490185596693536,20.861108446341778,224.5484260561661,0.4594688273326426,crossed,1,fem_gp,random,10,20,1.7714539290000175,1173.789868782843,62971.179665469404,47556.56979337879,,8.0
2.3017678908538,2.674834792171079,49.789861540354124,13.121573613760779,224.42188382175317,0.33292659291970494,crossed,1,fem_gp,random,10,30,2.0353341390000423,1047.4074808862085,63087.283499174606,48291.51389137117,,4.0
1.5772252424301871,2.1680363090380705,21.919936449641074,12.451222293651673,224.34979715206117,0.26083992322770655,crossed,1,fem_gp,random,10,50,2.5342588339999566,951.3041508857472,63196.86323531402,46208.090133541904,,4.0
10.243353981015378,8.792494206123395,142.14938540787054,38.11631682804137,,,no_null,0,fem_gp,random,11,3,0.3288656649999666,1237.4472271496716,62910.529851811036,39810.903233969344,,
9.195468842625745,10.91451179510871,148.84985632731437,39.365707073939966,,,no_null,0,fem_gp,random,11,4,0.6293151030001809,1234.4185876216607,62913.469624737576,40296.01654135799,,
7.382447720612387,7.4063249464915115,66.4911513240349,22.62910525595582,222.38060032144992,1.7083569073835463,crossed,1,fem_gp,random,11,5,0.7354481750001014,1249.6964864299848,62902.761429734535,40316.59167916087,,4.0
6.686059632376818,7.360719756936258,40.37255192651395,31.65159786346099,223.65294333645076,0.4360138923827037,crossed,1,fem_gp,random,11,6,0.8377723200001128,1082.9861729110844,63051.58883322275,39810.97011894033,,8.0
4.528814138058851,6.905448552428187,57.265271876534484,31.05063042188798,221.32250995850774,2.7664472703257275,crossed,1,fem_gp,random,11,7,0.8913437459998477,1223.5182365031649,62923.81755889856,43781.30532104162,,8.0
4.336171210231557,7.449577917312163,49.90348720549979,17.34286242976289,224.2374937087515,0.14853647991802177,crossed,1,fem_gp,random,11,8,0.9503020040001502,955.4916510947676,63178.729706498765,39944.15909506222,,8.0
2.857315020576958,4.999633161074229,53.509945808545645,20.90915702972499,223.52403653949006,0.5649206893434098,crossed,1,fem_gp,random,11,10,1.1476211010001407,1150.5675327973831,62990.42775896285,45825.236386420154,,8.0
2.5431298568083855,4.099093950528666,75.11250043984965,26.50931425809388,224.0462743323053,0.04268289652816293,crossed,1,fem_gp,random,11,12,1.467099843999904,897.235731510269,63264.688246735415,42744.134846235145,,8.0
2.788046162380269,2.890228545712559,17.63066782240358,9.435553949492812,224.36334727794312,0.27439004910965537,crossed,1,fem_gp,random,11,16,1.743137790999981,968.9699114713101,63166.374733993005,39810.91387152441,,8.0
1.5725020673482242,2.081760736899464,56.51989445102833,13.197126705007523,224.3969662389151,0.3080090100816335,crossed,1,fem_gp,random,11,20,1.6814897120000296,1083.723450120408,63046.61931319543,46303.1042645761,,8.0
2.216620091667552,3.5958155959410902,86.17454850799675,29.49605445227728,224.0462743323053,0.04268289652816293,crossed,1,fem_gp,random,11,30,1.898887756000022,878.1121065687969,63294.286506913864,45375.3228620465,,4.0
1.6925816639307514,2.0632403418205354,20.14632250137965,14.714432699357976,224.30531535951073,0.21635813067726417,crossed,1,fem_gp,random,11,50,2.617830032000029,933.2161705367824,63220.71265591856,47378.34314980848,,4.0
10.243353981015378,8.792494206123395,142.14938540787054,38.11631682804137,,,no_null,0,fem_gp,random,12,3,0.289604663000091,1237.4472271496716,62910.529851811036,39810.903233969344,,
9.078289801790733,13.38742885179074,130.7549245048012,34.57225637118772,223.60567669072418,0.48328053810928395,crossed,1,fem_gp,random,12,4,0.5442636809998476,1180.9003178993717,62962.17589980601,40174.9756303652,,
4.10238595201847,5.512068135748915,56.13550532453967,30.673804173963674,221.32250995850774,2.7664472703257275,crossed,1,fem_gp,random,12,5,0.6552942649998386,1220.6883458138009,62929.95039287374,42810.43061053188,,8.0
4.023519188689732,5.605186898843633,54.23061687063139,29.406938053564662,222.38060032144992,1.7083569073835463,crossed,1,fem_gp,random,12,6,0.7941002630000185,1194.8732380034323,62950.167606937786,44698.52131222591,,8.0
7.21737522057067,7.425392640317355,44.06954980428291,36.22584533259865,223.66651622487709,0.4224410039563793,crossed,1,fem_gp,random,12,7,0.913349351000079,1104.476245045733,63029.0146215385,39810.9871937992,,8.0
4.247419816403976,6.470275391271992,56.61485525626346,26.36738320079609,223.56351605433153,0.5254411745019354,crossed,1,fem_gp,random,12,8,0.9436538329998712,1200.84472990598,62946.35915252862,43305.17756502346,,8.0
2.63631743717574,5.042547136647411,53.7699586764144,28.68738339804852,221.32250995850774,2.7664472703257275,crossed,1,fem_gp,random,12,10,1.1567063579998376,1184.2464172241766,62961.397761240936,46570.20922670661,,8.0
4.344560245606949,4.6803691388846005,56.71897696515337,15.209626491853415,224.31944487008556,0.23048764125209686,crossed,1,fem_gp,random,12,12,1.3987527790000058,1098.3015364373045,63019.01484364499,40615.639963680405,,8.0
2.214129302247146,2.382286172540828,60.25892392373545,16.64844940386335,224.2374937087515,0.14853647991802177,crossed,1,fem_gp,random,12,16,1.5610301699998672,946.1592587212015,63197.5028706984,44618.01404335111,,8.0
3.2536572073918215,6.720285736078342,37.63409377728467,32.88696184690491,223.90968906341516,0.17926816541830703,crossed,1,fem_gp,random,12,20,1.9141572810001435,963.1400597631005,63183.14854947824,46816.84475036172,,8.0
1.8593565559070817,2.260108255508006,49.79913536963015,12.193725186937751,224.37798141389564,0.28902418506217487,crossed,1,fem_gp,random,12,30,2.1998299609999776,1033.691017357164,63101.31590422017,48025.92638556688,,4.0
1.5893439777016567,1.4886988587620251,15.911471932527196,7.494068331433562,224.0462743323053,0.04268289652816293,crossed,1,fem_gp,random,12,50,2.682772871999987,847.1347750697822,63344.55664452722,47014.24789601862,,4.0
10.243353981015378,8.792494206123395,142.14938540787054,38.11631682804137,,,no_null,0,fem_gp,random,13,3,0.3450362059998042,1237.4472271496716,62910.529851811036,39810.903233969344,,
8.730983187829585,10.366701749129065,150.3533753040579,39.373773323224384,,,no_null,0,fem_gp,random,13,4,0.5733838220000962,1236.860455901918,62913.31221025056,40750.29447158133,,
5.517379843913397,5.856154980232283,57.088557598102994,21.281196247299786,222.38060032144992,1.7083569073835463,crossed,1,fem_gp,random,13,5,0.715864707000037,1209.7838398428169,62936.322470789244,42787.40588849743,,4.0
5.759095039832655,5.593160233423169,57.274140769143635,15.575308287488992,224.31944487008556,0.23048764125209686,crossed,1,fem_gp,random,13,6,0.8129917400001432,1092.7724598199609,63010.87054036199,39810.901286516804,,8.0
7.386154490094367,7.596236776581949,70.83583115136457,20.775241546248967,224.42188382175317,0.33292659291970494,crossed,1,fem_gp,random,13,7,0.8795057649999762,1220.381019463844,62918.110215070854,39810.993554460954,,8.0
4.450796207349195,6.064819322327941,51.761831521421776,19.78742851962594,223.52403653949006,0.5649206893434098,crossed,1,fem_gp,random,13,8,0.9618366390000119,1130.5600842525396,63006.473711600556,44875.6733578054,,8.0
3.3590971176775444,3.288778041382688,54.23540956378503,14.181313338147408,224.31944487008556,0.23048764125209686,crossed,1,fem_gp,random,13,10,1.2340701619998526,1070.7933295495466,63047.10129364979,40590.03963438179,,8.0
2.7501528547325536,5.47239763905788,50.31737457098392,26.085427095254477,222.5926168276888,1.4963404011446642,crossed,1,fem_gp,random,13,12,1.4144038950000777,1125.0516016209,63010.60432063022,47967.21455826235,,15.0
1.9013604390012777,3.5828774900159677,56.97043653767917,23.827238605167434,223.54306544692056,0.5458917819128999,crossed,1,fem_gp,random,13,16,1.4924055409999255,1182.8435706511616,62961.9348871174,46941.03512493918,,8.0
2.459231146134133,3.190595880812842,94.96502567235723,25.080568235250073,224.0462743323053,0.04268289652816293,crossed,1,fem_gp,random,13,20,1.6947555809999812,883.2558509205642,63287.48045032161,44670.46773070958,,8.0
2.164250165336483,3.313380411379622,25.224993986921522,15.99505887492735,224.2374937087515,0.14853647991802177,crossed,1,fem_gp,random,13,30,1.992603684999949,920.3881286459527,63235.473542802065,44559.137400273576,,4.0
1.4315233079507743,1.55958192577708,16.44422435390505,7.3329084516802245,224.0462743323053,0.04268289652816293,crossed,1,fem_gp,random,13,50,2.5459012750000056,853.6014743236626,63333.27033804337,46966.66624038899,,4.0
10.243353981015378,8.792494206123395,142.14938540787054,38.11631682804137,,,no_null,0,fem_gp,random,14,3,0.32636110499993265,1237.4472271496716,62910.529851811036,39810.903233969344,,
8.15408342007064,7.995737225201367,128.67494784034963,34.08539887582341,223.60567669072418,0.48328053810928395,crossed,1,fem_gp,random,14,4,0.5894046190001063,1202.1884886203177,62941.263006578374,42328.275774737616,,
6.381363965774051,7.397443313705863,62.54278109586762,21.678781755132544,223.48130799280517,0.6076492360282941,crossed,1,fem_gp,random,14,5,0.7550707010000224,1210.2310780425057,62932.8925362968,39810.86675053592,,8.0
3.6300224791759415,5.691612959352002,56.66967728776192,30.65103768982318,221.32250995850774,2.7664472703257275,crossed,1,fem_gp,random,14,6,0.8110892580000382,1219.951404522937,62927.79298981337,43276.04371092874,,8.0
3.977988013542155,6.180086113522881,28.83747202335562,26.617755977054138,223.42543220098648,0.6635250278469869,crossed,1,fem_gp,random,14,7,0.9838201279999339,974.429336661238,63158.661595714795,39810.8869478245,,8.0
2.25687034782851,3.9610310805053865,53.40872720102959,20.0447508592564,223.50968934737975,0.5792678814537169,crossed,1,fem_gp,random,14,8,1.0957834550001735,1146.357127431218,62993.4417180715,44840.103656848805,,8.0
3.0409247585388326,5.54893992373406,54.68552216460449,27.40074539649794,222.55369304340272,1.5352641854307478,crossed,1,fem_gp,random,14,10,1.2271260990000883,1185.6078431138505,62958.792367075956,45846.57092773151,,8.0
2.8119459445709487,4.091718677455083,53.37604408043594,19.445691519188994,223.52403653949006,0.5649206893434098,crossed,1,fem_gp,random,14,12,1.4595767490000071,1137.1964106715457,63001.90762712511,46577.60961240075,,8.0
1.922487489616158,2.7045719936255335,49.821968135365,14.278496344845944,223.52133841082454,0.5676188180089241,crossed,1,fem_gp,random,14,16,1.6646980079999594,1064.712128426169,63072.0684869472,48370.261422729585,,8.0
3.9576975304594897,3.4085410924182824,21.096115255241525,14.736932224132959,224.08895722883346,0.0,crossed,1,fem_gp,random,14,20,1.719778242000075,919.0190016267671,63239.3842072738,40695.23815538766,,8.0
1.8166408984751519,3.4795505387866763,99.7343788675768,26.601286159101917,224.0462743323053,0.04268289652816293,crossed,1,fem_gp,random,14,30,2.1331658770000104,881.1122985776439,63293.074006921575,47237.02696216756,,8.0
1.5422925694899712,1.670688440476103,17.659038573367518,13.353405355538387,224.36334727794312,0.27439004910965537,crossed,1,fem_gp,random,14,50,2.6256322140000066,998.1623343292222,63137.78350442902,46302.10817130745,,4.0
10.243353981015378,8.792494206123395,142.14938540787054,38.11631682804137,,,no_null,0,fem_gp,random,15,3,0.3401000290000411,1237.4472271496716,62910.529851811036,39810.903233969344,,
9.19043841880086,11.822770012294205,144.64872655427945,38.30764753699001,,,no_null,0,fem_gp,random,15,4,0.6757740669997929,1221.246982008111,62924.86874615875,40084.141759894366,,
6.576933365019698,6.9311714152032415,59.81873462010583,21.5612362335425,222.38060032144992,1.7083569073835463,crossed,1,fem_gp,random,15,5,0.6863749120000193,1222.102768769245,62927.13520786058,42436.11325756338,,4.0
5.327848493592333,5.290223089716777,61.42351292708872,18.087813382471012,224.37798141389564,0.28902418506217487,crossed,1,fem_gp,random,15,6,0.9024246129999938,1150.3557408953682,62967.494788275646,39810.946941977665,,8.0
3.4774922527056766,4.196215432417038,46.9360662375947,19.878116204950093,222.3468994751838,1.742057753649675,crossed,1,fem_gp,random,15,7,0.8517907739999373,1075.2117408319207,63059.772678300804,48019.082371633485,,8.0
5.40722176647197,6.061895860625898,54.97926413670321,12.351538029851437,224.37798141389564,0.28902418506217487,crossed,1,fem_gp,random,15,8,1.0096849760000168,1057.4145450720591,63067.62528437922,42124.44491959685,,15.0
2.740202948543434,5.024754689743665,53.44147539901864,28.53756433074981,222.38060032144992,1.7083569073835463,crossed,1,fem_gp,random,15,10,1.263967058000162,1180.528163367322,62963.90645002067,46800.896153541835,,8.0
2.196756915457333,4.274835685107317,62.47872409800361,20.846416748027387,223.49993325674473,0.5890239720887394,crossed,1,fem_gp,random,15,12,1.5518819060000624,1209.8035168953718,62939.62031566422,44979.64011932896,,8.0
4.5966955192003445,4.993882472679575,83.59803107470003,24.41299041188715,224.31944487008556,0.23048764125209686,crossed,1,fem_gp,random,15,16,1.6716543970001112,901.4143209379127,63252.565439063954,40107.46073231713,,8.0
1.8413759187774805,3.8140898125823814,130.48135967050018,37.738623033124455,224.2374937087515,0.14853647991802177,crossed,1,fem_gp,random,15,20,1.7219633940001131,858.0306496849988,63319.436436161624,41966.0078296788,,8.0
1.6415168272963643,3.222204661555219,101.00692289664201,26.416408052304874,224.0462743323053,0.04268289652816293,crossed,1,fem_gp,random,15,30,1.999305005999986,879.1829658509499,63292.66872685058,46457.03403077328,,8.0
1.625308877100154,1.858511602355882,15.696642713279493,12.58628334032089,224.0462743323053,0.04268289652816293,crossed,1,fem_gp,random,15,50,2.5525654369998847,848.5833343506675,63340.1613816882,46382.78233006144,,4.0
10.243353981015378,8.792494206123395,142.14938540787054,38.11631682804137,,,no_null,0,fem_gp,random,16,3,0.3300162140001248,1237.4472271496716,62910.529851811036,39810.903233969344,,
7.0903796249329325,6.293922413399288,105.50712134111977,27.48505986761159,223.60567669072418,0.48328053810928395,crossed,1,fem_gp,random,16,4,0.5950221719999718,1146.6982252918867,62989.783822730395,44191.37657582532,,
15.351838694601938,4.27927584002,56.538656427844344,15.026097450354307,224.31944487008556,0.23048764125209686,crossed,1,fem_gp,random,16,5,0.7502448709999499,1108.3646976213693,62986.1898841031,39810.926080539706,,4.0
4.458926171761005,4.937956549798555,51.135308511197294,18.967757792839286,222.3468994751838,1.742057753649675,crossed,1,fem_gp,random,16,6,0.8078951869999855,1142.3822506951262,62994.736286793006,45558.7552097133,,4.0
8.54714431352444,9.81399846015394,53.19428604060007,15.872065051041892,224.42188382175317,0.33292659291970494,crossed,1,fem_gp,random,16,7,0.9627891960001307,1146.8906567070908,62984.02498401299,39810.86478024202,,4.0
3.678311839120362,6.561688517741297,49.28042602237754,27.87856193818905,222.3468994751838,1.742057753649675,crossed,1,fem_gp,random,16,8,1.0119964949999485,1132.3246316408563,63004.41040062171,46936.14295433503,,15.0
2.4277102128126953,3.792017151181644,50.868243885694966,17.856225259315217,223.50968934737975,0.5792678814537169,crossed,1,fem_gp,random,16,10,1.267642933000161,1107.253623797885,63028.26939956112,46435.89826838924,,8.0
2.477176039931086,3.700321163113706,56.761558924522234,18.63342406156228,223.61307478545223,0.47588244338123786,crossed,1,fem_gp,random,16,12,1.5390149049999309,1079.4207960450344,63057.32591828188,48426.617325209096,,30.0
1.890675064807291,2.8687834550404316,73.52051249108197,18.906368518678555,224.2374937087515,0.14853647991802177,crossed,1,fem_gp,random,16,16,1.7998534969999582,926.6904962394259,63227.123835495324,44343.712610257586,,8.0
1.9096588488420057,2.305914378919666,55.81476254342507,17.073861035241467,224.3969662389151,0.3080090100816335,crossed,1,fem_gp,random,16,20,2.2313189170001806,1078.359875261424,63049.056405521296,45395.69643262795,,8.0
1.591782521992687,1.8276041733808535,19.129740933839653,10.259693196448882,224.45962448815703,0.37066725932356803,crossed,1,fem_gp,random,16,30,2.501954713000032,1030.3012166126973,63108.449208230966,46541.3547893935,,8.0
1.8396636917252989,5.8380647642615235,143.37336141848715,61.067976135308,224.2374937087515,0.14853647991802177,crossed,1,fem_gp,random,16,50,2.8814515219999066,850.2931117176497,63336.68274594425,47389.94106571869,,4.0
10.243353981015378,8.792494206123395,142.14938540787054,38.11631682804137,,,no_null,0,fem_gp,random,17,3,0.3864585089997945,1237.4472271496716,62910.529851811036,39810.903233969344,,
8.386565240198891,9.446060503007889,138.63062961524756,36.51052736721627,,,no_null,0,fem_gp,random,17,4,0.5931465180001396,1216.1504017865234,62929.60532540308,41508.11134727234,,
6.719725076318655,10.72771266144162,68.4566323215141,20.98187998887698,224.42188382175317,0.33292659291970494,crossed,1,fem_gp,random,17,5,0.6747995240000364,1181.5458502695985,62946.322592147844,39919.76624323483,,15.0
3.245091951866148,5.763973482456427,56.12396882246169,26.942770378567843,223.57119513616567,0.5177620926677946,crossed,1,fem_gp,random,17,6,0.797078984999871,1174.0119781897715,62966.754353876204,43105.59050548846,,15.0
3.1982648351473917,5.894301342472534,54.99385545260257,29.516134887251607,221.32250995850774,2.7664472703257275,crossed,1,fem_gp,random,17,7,0.8945822199998474,1199.8856118558242,62946.183940479255,44788.23582229887,,8.0
2.759535870806007,4.755725490334479,51.9924125558633,27.37551276619606,222.38060032144992,1.7083569073835463,crossed,1,fem_gp,random,17,8,1.03757183599987,1165.000607901181,62976.60767717011,46346.69710309375,,8.0
6.594536626912623,7.672617734916217,26.634424978619165,18.49852688330417,224.5340788640558,0.4451216352223355,crossed,1,fem_gp,random,17,10,1.2777127890001339,962.4314152661733,63178.520586626626,39810.98366366856,,8.0
5.628987850710348,4.8836005767224995,54.2995003125059,12.56480076339572,224.31944487008556,0.23048764125209686,crossed,1,fem_gp,random,17,12,1.4475958780001292,1068.8980801123669,63049.986990845,40994.223363491015,,8.0
2.576427984306239,3.4781305234366138,60.2196345921059,20.09686031613071,224.44982171766253,0.3608644888290655,crossed,1,fem_gp,random,17,16,1.565194523999935,1170.4592323453053,62970.449283529946,46158.39527115051,,8.0
1.9143726602870512,2.7890011617861616,54.8669869886808,16.72607027637079,224.42188382175317,0.33292659291970494,crossed,1,fem_gp,random,17,20,1.6848607619999711,1100.0925134481977,63031.12571611288,47624.98581969262,,8.0
2.0824346699672636,2.924129075689747,25.582600212810124,14.853934151942788,224.473103297587,0.3841460687535232,crossed,1,fem_gp,random,17,30,2.024585722999973,951.295947276839,63199.49137654906,47762.09750133277,,8.0
1.4548455544776226,3.0594766052820503,30.57535161694105,18.418163708999515,223.54960062725024,0.5393566015832221,crossed,1,fem_gp,random,17,50,2.625254355999914,1012.8909381078648,63126.81489999876,49186.874596877926,,4.0
10.243353981015378,8.792494206123395,142.14938540787054,38.11631682804137,,,no_null,0,fem_gp,random,18,3,0.36055369499990775,1237.4472271496716,62910.529851811036,39810.903233969344,,
8.070181560647269,7.03293249343181,116.59051617649385,30.860192423736983,223.60567669072418,0.48328053810928395,crossed,1,fem_gp,random,18,4,0.6392513519999738,1178.910893515784,62959.33149305218,43175.11009917736,,
4.609292873454494,7.942633018752231,56.17511025083232,34.619130509867084,221.32250995850774,2.7664472703257275,crossed,1,fem_gp,random,18,5,0.7616766430001007,1224.6796710636604,62926.23446093477,42982.10917601859,,15.0
5.16018513594509,6.645996210360932,53.632857335678,15.228847521647243,223.49993325674473,0.5890239720887394,crossed,1,fem_gp,random,18,6,0.9640343850001045,1088.4382839583648,63045.02547468404,44940.92769422723,,15.0
3.660353121812397,3.9636012416710296,50.3494040256625,18.737603010834594,222.3468994751838,1.742057753649675,crossed,1,fem_gp,random,18,7,1.011389748000056,1128.765650899822,63006.467385227246,46795.72964178826,,4.0
3.758566457910478,4.85571920096809,62.79803923023308,18.56314520232688,224.42188382175317,0.33292659291970494,crossed,1,fem_gp,random,18,8,1.232407184000067,1178.0644004645574,62958.5096647331,40833.452242680985,,8.0
2.9164459277255785,4.968679621524661,51.61630305116617,26.99729613845761,222.38060032144992,1.7083569073835463,crossed,1,fem_gp,random,18,10,1.3307509950000167,1155.7360765324988,62983.163612136865,47396.990913502515,,8.0
1.9821756520522569,2.8766144469266184,61.03356502959022,20.118513046958174,223.42543220098648,0.6635250278469869,crossed,1,fem_gp,random,18,12,1.5177672730001177,1181.6290350249437,62960.20987260272,45239.047140817944,,8.0
2.2195850740119307,2.529654665237151,29.6161783059605,11.802865562409252,224.42188382175317,0.33292659291970494,crossed,1,fem_gp,random,18,16,1.6473498550001295,981.2524005749453,63154.31296067293,42095.14115600358,,8.0
1.7698906188677037,2.907177906369956,28.136075198345146,18.657180689253888,224.5612679691042,0.4723107402707285,crossed,1,fem_gp,random,18,20,1.7386661760001516,1031.0246554087819,63108.30718879335,47156.95938248011,,8.0
1.6934744517035343,2.6487433606868613,39.23714214967966,16.69229948451698,224.08895722883346,0.0,crossed,1,fem_gp,random,18,30,2.2686595889999808,917.322620882137,63244.133754273935,46123.41600736504,,8.0
1.5912157319685298,1.668402183560467,16.79429082618895,9.38711002803156,224.36334727794312,0.27439004910965537,crossed,1,fem_gp,random,18,50,2.7394876339999428,976.4348913695994,63164.838615827,47254.16090469744,,4.0
10.243353981015378,8.792494206123395,142.14938540787054,38.11631682804137,,,no_null,0,fem_gp,random,19,3,0.3020049819999713,1237.4472271496716,62910.529851811036,39810.903233969344,,
8.070181560647269,7.03293249343181,116.59051617649385,30.860192423736983,223.60567669072418,0.48328053810928395,crossed,1,fem_gp,random,19,4,0.5655687369999214,1178.910893515784,62959.33149305218,43175.11009917736,,
3.8800430655292866,5.117080846360638,52.93062084673561,28.458351736917948,222.38060032144992,1.7083569073835463,crossed,1,fem_gp,random,19,5,0.6764663609999388,1181.8838255014211,62960.9101987414,44136.40215230433,,8.0
4.304363070886338,5.337194576918452,52.240035753505055,27.73284766063602,222.38060032144992,1.7083569073835463,crossed,1,fem_gp,random,19,6,0.7345808239999769,1170.0161281444791,62970.56795718379,45160.64159104759,,8.0
4.732727399989215,6.769105349512013,57.87730931203119,19.748535977871377,224.0462743323053,0.04268289652816293,crossed,1,fem_gp,random,19,7,0.8993730890001643,915.5649158975868,63232.028567868845,39810.949520482536,,8.0
6.874011506086163,7.256455142396452,71.31365847077534,21.21070476030341,224.42188382175317,0.33292659291970494,crossed,1,fem_gp,random,19,8,0.982603919000212,1222.4854552358722,62916.01393606788,40856.071308723986,,8.0
6.928229657516261,4.549881348392119,58.13129818417737,19.221990357951853,224.42188382175317,0.33292659291970494,crossed,1,fem_gp,random,19,10,1.2140549559999272,1136.3838812377703,62992.20717728517,41673.430793544096,,8.0
2.3910172160106717,3.940099621743042,57.2268607494304,26.175529387475315,223.56351605433153,0.5254411745019354,crossed,1,fem_gp,random,19,12,1.4787517059999118,1202.9396608757431,62945.20379196669,45436.12962797713,,8.0
1.854084491888196,2.8669591895392483,54.29097476569299,17.103255070016232,223.49993325674473,0.5890239720887394,crossed,1,fem_gp,random,19,16,1.511073812000177,1125.938253168872,63012.51210941131,47084.620385075534,,8.0
2.655960502438359,4.083661817281168,100.33261695103891,28.84861989645295,224.0462743323053,0.04268289652816293,crossed,1,fem_gp,random,19,20,1.7610653269998693,875.9347619405678,63295.87649769461,43484.84321030652,,8.0
1.6892123498632647,2.407442032898317,68.25970656506239,16.784804609225677,224.34979715206117,0.26083992322770655,crossed,1,fem_gp,random,19,30,1.9160744769999383,879.9218871829466,63298.0935941753,45206.00130008805,,8.0
1.6076697339148636,2.169871171577621,47.832266817611384,12.651593139266208,224.08895722883346,0.0,crossed,1,fem_gp,random,19,50,2.4266977350000616,886.4675378875046,63288.82028503487,47697.407847418675,,4.0
10.243353981015378,8.792494206123395,142.14938540787054,38.11631682804137,,,no_null,0,fem_gp,random,20,3,0.30585159500014925,1237.4472271496716,62910.529851811036,39810.903233969344,,
7.18727382939694,5.674003610817085,96.79724798198454,25.695830765507417,223.60567669072418,0.48328053810928395,crossed,1,fem_gp,random,20,4,0.5187548459998652,1126.5245106932312,63007.4128195419,44953.17293459565,,
5.7163277867976365,7.949779695560346,57.306892875766394,31.02871871030452,221.32250995850774,2.7664472703257275,crossed,1,fem_gp,random,20,5,0.6536158840001463,1227.8854530798699,62919.91439693798,41751.37184171682,,8.0
3.4778698349167003,5.9833298069049965,54.07891312185594,25.64967152501242,222.53912653765548,1.5498306911779878,crossed,1,fem_gp,random,20,6,0.7840052900000956,1180.9696325137963,62962.56382180155,42946.285631492094,,8.0
3.5566273759460705,5.568183284952441,55.56379207109945,25.12990284546331,223.54306544692056,0.5458917819128999,crossed,1,fem_gp,random,20,7,0.8424777760001234,1190.5978643273747,62956.41695524191,43211.33856633968,,8.0
4.89805222779396,6.41775636912467,53.30076001763657,19.57925115592732,224.5484260561661,0.4594688273326426,crossed,1,fem_gp,random,20,8,0.9353341150001597,1141.146133040909,62999.75618764565,43833.96137385348,,8.0
2.741379662788399,2.6100694843417713,57.65343054330068,14.796149537576547,224.37798141389564,0.28902418506217487,crossed,1,fem_gp,random,20,10,1.1829703759999575,1112.6474091440698,63012.47154706601,42502.915474261754,,8.0
1.8037925012145066,2.852438992216823,61.555016520628946,19.907347838886608,224.49726342769728,0.40830619886381214,crossed,1,fem_gp,random,20,12,1.5771701060000396,1183.4505039295045,62958.82175146583,45304.43803865902,,8.0
2.683747040478896,3.9597463936425283,25.541277854181534,20.51248592623791,223.50968934737975,0.5792678814537169,crossed,1,fem_gp,random,20,16,1.7025441989999308,951.8234329847394,63198.44373425555,44421.61018172567,,8.0
2.040403649946695,2.329388254907581,54.23961997452453,13.937760342332133,224.36334727794312,0.27439004910965537,crossed,1,fem_gp,random,20,20,1.9052988060000189,895.8418006769289,63269.06609955917,39810.957321865055,,8.0
1.9605269736507642,4.101243928377017,28.502325674800232,23.241393980227084,223.52403653949006,0.5649206893434098,crossed,1,fem_gp,random,20,30,2.071247228999937,962.0422159855785,63183.482106293966,47481.76445921813,,8.0
1.4257102027893003,1.6597336549964932,19.17373588575858,7.130922808558108,224.2374937087515,0.14853647991802177,crossed,1,fem_gp,random,20,50,2.4307750949999445,906.1132993334336,63258.8126464246,48020.363500700354,,4.0
10.243353981015378,8.792494206123395,142.14938540787054,38.11631682804137,,,no_null,0,fem_gp,random,21,3,0.3122604269999556,1237.4472271496716,62910.529851811036,39810.903233969344,,
9.222286957190695,11.812728806672471,146.3283803072131,38.82937393296163,,,no_null,0,fem_gp,random,21,4,0.5939484079999602,1224.8263493435074,62921.29915171842,40190.73080743467,,
4.531138417617536,8.498945086902827,58.6640641739695,35.024727580297146,222.5984704820698,1.4904867467636507,crossed,1,fem_gp,random,21,5,0.7040914210001574,1245.972347895305,62907.20640003606,40533.03694853504,,15.0
6.112488204523926,8.608113808109593,65.0571582490342,33.74838348247083,221.32379768888694,2.7651595399465236,crossed,1,fem_gp,random,21,6,0.7656356830000277,1279.4367800630514,62884.47013583187,40813.36956790032,,8.0
3.3501853084344857,5.361939322170384,55.2845919736687,29.93715794416991,221.32250995850774,2.7664472703257275,crossed,1,fem_gp,random,21,7,0.8650729839998803,1205.608995831378,62942.714694928196,44757.239118443234,,8.0
2.749139716053666,3.5757727502711236,55.07070709697571,17.831300549122812,223.44871378091094,0.6402434479225292,crossed,1,fem_gp,random,21,8,1.016024821000201,1131.1746036472846,62999.7997410577,45244.09633808111,,8.0
4.028744143441194,6.796642608947876,28.50249402284943,9.771270708580456,224.36334727794312,0.27439004910965537,crossed,1,fem_gp,random,21,10,1.280646188999981,1033.3365171235014,63095.61224259133,39810.99374942707,,8.0
2.391116516812269,3.7776711017574365,96.149391783811,27.47811931263429,224.0462743323053,0.04268289652816293,crossed,1,fem_gp,random,21,12,1.7163260739998805,875.4994782406354,63291.96752166887,39810.977391813634,,8.0
1.7432035311342133,3.256220502541121,52.85493203167497,21.448894017307758,223.53167490374034,0.5572823250931265,crossed,1,fem_gp,random,21,16,1.6959288709999782,1138.1680928065134,63000.4583899405,47883.45987483144,,8.0
1.80696239555315,2.29235461632184,52.292457214229806,13.249545858038317,224.49726342769728,0.40830619886381214,crossed,1,fem_gp,random,21,20,1.8027235740000833,1067.9615945389735,63068.11546709954,48699.25985798953,,8.0
1.599276027224538,2.138221500819084,50.83479322817399,13.401598521597391,224.473103297587,0.3841460687535232,crossed,1,fem_gp,random,21,30,2.1106019250000827,1029.3302619236838,63109.205647220115,49678.428555384504,,8.0
1.6607975659737837,1.6064276944259024,31.493330907666994,12.726342349234192,224.2838139303751,0.1948567015416245,crossed,1,fem_gp,random,21,50,2.68601838099994,919.6923678377166,63237.81296702256,46182.09161195855,,4.0
10.243353981015378,8.792494206123395,142.14938540787054,38.11631682804137,,,no_null,0,fem_gp,random,22,3,0.3307014510000954,1237.4472271496716,62910.529851811036,39810.903233969344,,
9.195468842625745,10.91451179510871,148.84985632731437,39.365707073939966,,,no_null,0,fem_gp,random,22,4,0.6277172200000223,1234.4185876216607,62913.469624737576,40296.01654135799,,
3.0378617037013695,5.873644011459605,54.67189006017327,29.226114835573604,221.32250995850774,2.7664472703257275,crossed,1,fem_gp,random,22,5,0.7367773450000641,1198.390181023231,62945.54834763783,42818.28661462605,,8.0
4.383787083112156,6.217883406151594,65.54162583458941,20.045178958490315,224.42188382175317,0.33292659291970494,crossed,1,fem_gp,random,22,6,0.8529480180000064,1202.469033737923,62930.88039491266,40369.773509851264,,8.0
6.764594123515463,8.615244443592776,58.74355636792556,19.15457232805276,221.51473702097942,2.57422020785404,crossed,1,fem_gp,random,22,7,0.9482300669999404,1207.9488987623754,62939.909012600154,41951.01613845938,,4.0
7.48332249904412,6.769764440425805,87.06000656563843,18.874408602063568,224.0462743323053,0.04268289652816293,crossed,1,fem_gp,random,22,8,1.0394903270000668,886.9123252380067,63277.129836198714,39810.92749661771,,15.0
5.78462138509662,5.420803621911385,28.669608872136028,12.797198588118338,223.50968934737975,0.5792678814537169,crossed,1,fem_gp,random,22,10,1.225211403000003,956.2383232759778,63190.68855106142,42229.96858408814,,15.0
2.5132038362148306,4.023484974074154,62.54452359015901,21.53796024099378,223.39749430507712,0.6914629237563474,crossed,1,fem_gp,random,22,12,1.4532222220000222,1183.937854911145,62952.146201245974,43596.08172552933,,8.0
2.0982190314528046,2.2607603853025635,54.30847964199942,13.525631321684031,224.42188382175317,0.33292659291970494,crossed,1,fem_gp,random,22,16,1.5372499709999374,1077.626375460318,63055.07836770162,47581.21452160235,,8.0
1.8347642412504537,3.1157870760167063,92.35371617491082,22.921143746473906,224.0462743323053,0.04268289652816293,crossed,1,fem_gp,random,22,20,1.7957534920001308,886.4354343111214,63282.25490395717,45100.71636690886,,8.0
2.4158933100368207,3.2770888204152375,53.22153124981918,19.75115713119763,224.42188382175317,0.33292659291970494,crossed,1,fem_gp,random,22,30,2.1322201630000563,1120.8876048318343,63010.89157894131,47545.86344167057,,4.0
1.4744635315456929,1.4215935474447141,16.815131371593758,6.742191355233565,224.2374937087515,0.14853647991802177,crossed,1,fem_gp,random,22,50,2.6372864369998297,891.3551082628009,63276.12982832495,46075.18537616949,,4.0
10.243353981015378,8.792494206123395,142.14938540787054,38.11631682804137,,,no_null,0,fem_gp,random,23,3,0.339716196000154,1237.4472271496716,62910.529851811036,39810.903233969344,,
8.730983187829585,10.366701749129065,150.3533753040579,39.373773323224384,,,no_null,0,fem_gp,random,23,4,0.598539460999973,1236.860455901918,62913.31221025056,40750.29447158133,,
3.746701647747797,4.299793388208444,47.20171843197015,21.56126857494564,222.3468994751838,1.742057753649675,crossed,1,fem_gp,random,23,5,0.6973820910000086,1090.5120722200154,63040.20492280582,46699.56401069762,,8.0
4.249321869009522,4.2450686019215365,52.89392594244896,20.234617367941787,222.3468994751838,1.742057753649675,crossed,1,fem_gp,random,23,6,0.8390321049998875,1162.1607431574691,62975.930952486124,45387.83315739327,,4.0
2.9674048930886725,5.462301097415393,55.50844164728609,29.961720088569905,221.32250995850774,2.7664472703257275,crossed,1,fem_gp,random,23,7,0.9431792499999574,1207.1359941322494,62940.79430062888,44707.00750617761,,8.0
3.7718662226953827,4.309738983264663,49.942978696518075,16.310357777497643,223.53167490374034,0.5572823250931265,crossed,1,fem_gp,random,23,8,1.026420367000128,1064.8171653708607,63071.51612374891,47411.275089257884,,15.0
3.176599296692212,4.38842505849027,51.21971376730724,19.029953094357367,223.553049750202,0.5359074786314579,crossed,1,fem_gp,random,23,10,1.2834185179999622,1089.8983102499371,63045.31501399583,47665.423599690075,,15.0
2.401866914026622,2.861738313033158,60.4982043933455,15.769310107584333,224.3969662389151,0.3080090100816335,crossed,1,fem_gp,random,23,12,1.5244698320000225,1128.8114970373642,62996.93749431953,42883.13380276112,,8.0
3.368509407414462,4.476301321084248,55.32176417328055,16.227066431219367,224.42188382175317,0.33292659291970494,crossed,1,fem_gp,random,23,16,1.590381774999969,1153.1093403861753,62982.829656382884,45559.141384613424,,4.0
1.8723777923125067,2.0684476147362454,21.585373789985475,12.276635223131231,224.50650730356554,0.41755007473207684,crossed,1,fem_gp,random,23,20,1.8108036030000676,1026.1721242019025,63112.74536822425,47176.70508940026,,8.0
1.6955418798192707,3.6471759668260257,103.01487231264375,32.60455539504342,224.2374937087515,0.14853647991802177,crossed,1,fem_gp,random,23,30,2.020031493999795,892.8981716122238,63274.18220311272,46219.10571708657,,8.0
1.488893104095527,1.928040690410836,35.691452232922884,14.24146862614526,224.08895722883346,0.0,crossed,1,fem_gp,random,23,50,2.6222317319998183,907.5243898102356,63256.79601458611,46744.78118142263,,4.0
10.243353981015378,8.792494206123395,142.14938540787054,38.11631682804137,,,no_null,0,fem_gp,maxvar,0,3,0.3351474619998953,1237.4472271496716,62910.529851811036,39810.903233969344,,
8.883950233725788,11.272944698456637,158.60037471884823,41.35636906013979,,,no_null,0,fem_gp,maxvar,0,4,0.6092484760001753,1249.112114047802,62904.62486676121,40226.362413698276,,
4.603201794528,8.307566749247096,59.0400276698788,33.63233820908711,222.58286073705378,1.5060964917796866,crossed,1,fem_gp,maxvar,0,5,0.7699213910000253,1240.5741262925642,62911.793152240716,40515.75244176961,,15.0
3.80699026675964,7.032714256111923,57.28976041810658,32.14122195082546,222.58286073705378,1.5060964917796866,crossed,1,fem_gp,maxvar,0,6,0.8470427360002759,1217.8038841976354,62932.18423796469,42793.64732285778,,15.0
3.613593739476635,6.589832444029264,55.04558045431087,30.27177400663642,222.58286073705378,1.5060964917796866,crossed,1,fem_gp,maxvar,0,7,0.9005162840003322,1190.5389379952944,62955.45691201269,44690.00470648106,,15.0
4.613637269089341,7.225540722685468,34.10822107523935,27.993885582830437,223.60801844984283,0.48093877899063386,crossed,1,fem_gp,maxvar,0,8,1.0013935540000602,1067.5754619914746,63068.93431452326,42155.68859509357,,15.0
3.8023698853774195,6.294215599058879,32.86302787332869,27.027732210073335,223.60801844984283,0.48093877899063386,crossed,1,fem_gp,maxvar,0,10,1.2362218940002094,1057.2903598536618,63079.65974886933,43681.19359842396,,15.0
3.836946351372936,5.526073471541292,25.793970532723044,23.19035032160778,223.60237220841233,0.4865850204211313,crossed,1,fem_gp,maxvar,0,12,1.4351629530001446,973.2943535974546,63171.857374034764,41206.691773395,,15.0
3.924245842700594,6.785606522599899,34.94618094865742,32.79755970947646,223.94120874085135,0.14774848798211337,crossed,1,fem_gp,maxvar,0,16,1.5032950390000224,969.6924681212424,63175.704398446454,43661.6185330181,,8.0
4.113610066748131,5.413230556116681,23.357032624579197,21.562720681381087,224.08895722883346,0.0,crossed,1,fem_gp,maxvar,0,20,1.6122496140001203,922.7671239904589,63236.40608337496,42733.31864806332,,8.0
2.8180509315559186,3.227536993218945,15.63912687594299,3.7364178616289787,224.26356907826687,0.17461184943340413,crossed,1,fem_gp,maxvar,0,30,1.8293688859998838,890.563020459684,63278.22465454168,43249.42176996333,,8.0
3.239261162165037,3.137967979787173,7.204096645308688,,224.16009538971375,0.07113816088028102,crossed,1,fem_gp,maxvar,0,50,2.3887242619998688,878.2635163875794,63296.09187675433,45422.095830183345,,4.0
