amp_map_pct,peak_mean_pct,peak_max_pct,peak_neartip_pct,dns,dns_err,dns_status,n_cross,rec,strategy,rep,n,t_fit,ell,k1,f_free,g,rank
63.604851301349186,95.06098391944789,1520.02558763504,502.24044258761245,,,no_null,0,gp,equispaced,0,3,0.001142169000559079,1.5,,,,
22.490842653831027,35.72906496069618,388.40479940530554,95.03096018439388,,,no_null,0,gp_oracle,equispaced,0,3,0.001142169000559079,30.0,,,,
36.100731902101394,31.24508634629305,402.6576616445207,80.3630127048999,253.00235133701497,28.913394108181507,at_or_beyond_end,0,gp,equispaced,0,4,0.0009673000004113419,8.0,,,,
9.82628952096656,20.221575897121888,384.30551670880607,91.28481955071348,,,no_null,0,gp_oracle,equispaced,0,4,0.0009673000004113419,15.0,,,,
6.82399396540497,17.12800574157429,395.4156737716718,91.58627271139967,219.5380375854922,4.550919643341274,crossed,1,gp,equispaced,0,5,0.0010541890005697496,15.0,,,,
6.82399396540497,17.12800574157429,395.4156737716718,91.58627271139967,219.5380375854922,4.550919643341274,crossed,1,gp_oracle,equispaced,0,5,0.0010541890005697496,15.0,,,,
5.695987187752927,15.483461986516417,416.47769528247755,92.14482338626578,220.53170216940046,3.557255059433004,crossed,1,gp,equispaced,0,6,0.0010905919998549507,15.0,,,,
5.695987187752927,15.483461986516417,416.47769528247755,92.14482338626578,220.53170216940046,3.557255059433004,crossed,1,gp_oracle,equispaced,0,6,0.0010905919998549507,15.0,,,,
4.461832637324303,13.350567200004743,440.5920864507231,93.4382320559609,221.52930352672666,2.5596537021068,crossed,1,gp,equispaced,0,7,0.0012146549997851253,15.0,,,,
4.461832637324303,13.350567200004743,440.5920864507231,93.4382320559609,221.52930352672666,2.5596537021068,crossed,1,gp_oracle,equispaced,0,7,0.0012146549997851253,15.0,,,,
3.4145938643509064,12.54828799244723,470.65011632970936,97.78702296463567,222.52866023352595,1.5602969953075103,crossed,1,gp,equispaced,0,8,0.001135827000325662,15.0,,,,
3.4145938643509064,12.54828799244723,470.65011632970936,97.78702296463567,222.52866023352595,1.5602969953075103,crossed,1,gp_oracle,equispaced,0,8,0.001135827000325662,15.0,,,,
2.5314494391433136,12.167792478335269,497.7629003445692,102.67738907938062,223.50968934737975,0.5792678814537169,crossed,1,gp,equispaced,0,10,0.0013069100004940992,15.0,,,,
2.5314494391433136,12.167792478335269,497.7629003445692,102.67738907938062,223.50968934737975,0.5792678814537169,crossed,1,gp_oracle,equispaced,0,10,0.0013069100004940992,15.0,,,,
2.460354182015251,12.7788705532254,512.8139966511917,117.78784106609433,224.49726342769728,0.40830619886381214,crossed,1,gp,equispaced,0,12,0.0013769060005870415,15.0,,,,
2.3496633899532995,10.360160260299914,426.52399697867025,93.46527532603463,223.47287391102122,0.6160833178122402,crossed,1,gp_oracle,equispaced,0,12,0.0013769060005870415,8.0,,,,
2.412735889896784,13.023975544416777,506.28575255973124,116.95886529835909,224.42188382175317,0.33292659291970494,crossed,1,gp,equispaced,0,16,0.0016178430005311384,15.0,,,,
2.1529465160652816,10.274239025084036,434.67097033640823,96.3162731384417,224.45962448815703,0.37066725932356803,crossed,1,gp_oracle,equispaced,0,16,0.0016178430005311384,8.0,,,,
1.8243875039793271,10.126976706479777,399.9125682200567,89.58618747566676,224.36334727794312,0.27439004910965537,crossed,1,gp,equispaced,0,20,0.0016007430003810441,8.0,,,,
1.8243875039793271,10.126976706479777,399.9125682200567,89.58618747566676,224.36334727794312,0.27439004910965537,crossed,1,gp_oracle,equispaced,0,20,0.0016007430003810441,8.0,,,,
1.8258943838568673,7.857826715986064,288.3640120458544,65.76379762860321,224.42188382175317,0.33292659291970494,crossed,1,gp,equispaced,0,30,0.0024617119997856207,8.0,,,,
1.8258943838568673,7.857826715986064,288.3640120458544,65.76379762860321,224.42188382175317,0.33292659291970494,crossed,1,gp_oracle,equispaced,0,30,0.0024617119997856207,8.0,,,,
1.6400042092116958,2.192106126743052,18.295851545628633,13.483082559646759,224.2374937087515,0.14853647991802177,crossed,1,gp,equispaced,0,50,0.0041852659996948205,4.0,,,,
1.6400042092116958,2.192106126743052,18.295851545628633,13.483082559646759,224.2374937087515,0.14853647991802177,crossed,1,gp_oracle,equispaced,0,50,0.0041852659996948205,4.0,,,,
63.604851301349186,95.06098391944789,1520.02558763504,502.24044258761245,,,no_null,0,gp,dopt_lowrank,0,3,0.0010927769999398151,1.5,,,,
22.490842653831027,35.72906496069618,388.40479940530554,95.03096018439388,,,no_null,0,gp_oracle,dopt_lowrank,0,3,0.0010927769999398151,30.0,,,,
10.296994949007855,21.57028940441711,381.29634057061605,91.7574471628738,,,no_null,0,gp,dopt_lowrank,0,4,0.000975343000391149,15.0,,,,
10.296994949007855,21.57028940441711,381.29634057061605,91.7574471628738,,,no_null,0,gp_oracle,dopt_lowrank,0,4,0.000975343000391149,15.0,,,,
9.327871619098369,19.18577766100483,397.72183788211754,91.616980426411,219.52530193204163,4.563655296791836,crossed,1,gp,dopt_lowrank,0,5,0.0008682189991304767,15.0,,,,
7.091590128656283,18.74527463117173,504.0502350361175,108.84491503940264,222.5984704820698,1.4904867467636507,crossed,1,gp_oracle,dopt_lowrank,0,5,0.0008682189991304767,30.0,,,,
8.861082715622251,17.5341715585161,266.59926846608306,68.07884247824548,222.61120613552038,1.4777510933130884,crossed,1,gp,dopt_lowrank,0,6,0.0009090470002774964,30.0,,,,
8.861082715622251,17.5341715585161,266.59926846608306,68.07884247824548,222.61120613552038,1.4777510933130884,crossed,1,gp_oracle,dopt_lowrank,0,6,0.0009090470002774964,30.0,,,,
8.873393505729505,17.60087767278287,269.3367114846819,68.29708304225954,222.61120613552038,1.4777510933130884,crossed,1,gp,dopt_lowrank,0,7,0.0009315260003859294,30.0,,,,
8.873393505729505,17.60087767278287,269.3367114846819,68.29708304225954,222.61120613552038,1.4777510933130884,crossed,1,gp_oracle,dopt_lowrank,0,7,0.0009315260003859294,30.0,,,,
8.774375693765029,17.35124682648634,271.1037579714877,68.49348655466807,222.61120613552038,1.4777510933130884,crossed,1,gp,dopt_lowrank,0,8,0.0008474920005028252,30.0,,,,
8.774375693765029,17.35124682648634,271.1037579714877,68.49348655466807,222.61120613552038,1.4777510933130884,crossed,1,gp_oracle,dopt_lowrank,0,8,0.0008474920005028252,30.0,,,,
7.924761038009177,17.202847505421392,204.69097564738473,69.17733757340442,221.58338038795648,2.5055768408769836,crossed,1,gp,dopt_lowrank,0,10,0.0010509369994906592,15.0,,,,
7.924761038009177,17.202847505421392,204.69097564738473,69.17733757340442,221.58338038795648,2.5055768408769836,crossed,1,gp_oracle,dopt_lowrank,0,10,0.0010509369994906592,15.0,,,,
9.50579302045023,20.2401241734023,82.3631999253796,69.95168888055471,222.59445888675975,1.4944983420737117,crossed,1,gp,dopt_lowrank,0,12,0.0010338779993617209,15.0,,,,
9.50579302045023,20.2401241734023,82.3631999253796,69.95168888055471,222.59445888675975,1.4944983420737117,crossed,1,gp_oracle,dopt_lowrank,0,12,0.0010338779993617209,15.0,,,,
7.915182837716017,16.41807569638809,76.30752536357642,69.9755455696946,223.6123850382746,0.4765721905588691,crossed,1,gp,dopt_lowrank,0,16,0.001261925999642699,15.0,,,,
7.915182837716017,16.41807569638809,76.30752536357642,69.9755455696946,223.6123850382746,0.4765721905588691,crossed,1,gp_oracle,dopt_lowrank,0,16,0.001261925999642699,15.0,,,,
6.386261350412793,12.412936070192858,63.34496941263181,59.98728768634424,224.21700591841795,0.12804868958448878,crossed,1,gp,dopt_lowrank,0,20,0.0015042059994812007,15.0,,,,
6.386261350412793,12.412936070192858,63.34496941263181,59.98728768634424,224.21700591841795,0.12804868958448878,crossed,1,gp_oracle,dopt_lowrank,0,20,0.0015042059994812007,15.0,,,,
4.924596481040623,8.904802078155635,49.461689072900796,48.53670949878379,224.30531535951073,0.21635813067726417,crossed,1,gp,dopt_lowrank,0,30,0.0021043940005256445,15.0,,,,
4.924596481040623,8.904802078155635,49.461689072900796,48.53670949878379,224.30531535951073,0.21635813067726417,crossed,1,gp_oracle,dopt_lowrank,0,30,0.0021043940005256445,15.0,,,,
6.871964931433177,11.783232289628033,63.913333473491875,,224.31944487008556,0.23048764125209686,crossed,1,gp,dopt_lowrank,0,50,0.003651529999842751,8.0,,,,
4.1450602640688174,5.405634192758342,23.109693542697883,,224.31944487008556,0.23048764125209686,crossed,1,gp_oracle,dopt_lowrank,0,50,0.003651529999842751,15.0,,,,
63.604851301349186,95.06098391944789,1520.02558763504,502.24044258761245,,,no_null,0,gp,random,0,3,0.0009700900000098045,1.5,,,,
22.490842653831027,35.72906496069618,388.40479940530554,95.03096018439388,,,no_null,0,gp_oracle,random,0,3,0.0009700900000098045,30.0,,,,
9.666794822163789,20.771732687966566,380.9197276828492,91.73850624094388,,,no_null,0,gp,random,0,4,0.0009190730006594094,15.0,,,,
9.666794822163789,20.771732687966566,380.9197276828492,91.73850624094388,,,no_null,0,gp_oracle,random,0,4,0.0009190730006594094,15.0,,,,
10.119907333825148,21.063004868947868,382.65626762374654,91.82599617359075,,,no_null,0,gp,random,0,5,0.0008692999999766471,15.0,,,,
10.119907333825148,21.063004868947868,382.65626762374654,91.82599617359075,,,no_null,0,gp_oracle,random,0,5,0.0008692999999766471,15.0,,,,
8.766222322253935,18.905617607342368,388.80032630701396,92.36084672625604,265.4608790779232,41.371921849089745,at_or_beyond_end,0,gp,random,0,6,0.0009265730004699435,15.0,,,,
8.766222322253935,18.905617607342368,388.80032630701396,92.36084672625604,265.4608790779232,41.371921849089745,at_or_beyond_end,0,gp_oracle,random,0,6,0.0009265730004699435,15.0,,,,
7.37688782610931,17.91596970923497,386.55614819596383,92.02854495626556,,,no_null,0,gp,random,0,7,0.0011182030002601095,15.0,,,,
7.37688782610931,17.91596970923497,386.55614819596383,92.02854495626556,,,no_null,0,gp_oracle,random,0,7,0.0011182030002601095,15.0,,,,
21.901159795761664,34.97525106878399,196.46426996833117,81.04639648951523,221.5636060049225,2.525351223910974,crossed,1,gp,random,0,8,0.0010296540003764676,30.0,,,,
19.650804641574766,31.571562135550902,183.5982152214374,83.36512121500296,,,no_null,0,gp_oracle,random,0,8,0.0010296540003764676,15.0,,,,
3.311553542869539,12.626073945045894,479.16626741119546,99.2294860946743,223.53167490374034,0.5572823250931265,crossed,1,gp,random,0,10,0.0013938580004833057,15.0,,,,
3.311553542869539,12.626073945045894,479.16626741119546,99.2294860946743,223.53167490374034,0.5572823250931265,crossed,1,gp_oracle,random,0,10,0.0013938580004833057,15.0,,,,
3.5774706944880803,12.778085647956974,447.2009343725948,103.4774138763072,224.31944487008556,0.23048764125209686,crossed,1,gp,random,0,12,0.0012516090000644908,15.0,,,,
3.5774706944880803,12.778085647956974,447.2009343725948,103.4774138763072,224.31944487008556,0.23048764125209686,crossed,1,gp_oracle,random,0,12,0.0012516090000644908,15.0,,,,
6.789663564082344,17.627905285757773,395.7216520206068,92.98016702028882,263.80234366997115,39.713386441137686,at_or_beyond_end,0,gp,random,0,16,0.0013992580006743083,15.0,,,,
6.789663564082344,17.627905285757773,395.7216520206068,92.98016702028882,263.80234366997115,39.713386441137686,at_or_beyond_end,0,gp_oracle,random,0,16,0.0013992580006743083,15.0,,,,
3.1872444177846484,5.8095150421370425,41.28052381255418,26.71643012744493,224.42188382175317,0.33292659291970494,crossed,1,gp,random,0,20,0.0023401080006806296,8.0,,,,
3.0455377770986773,7.064537178300934,43.89902225560543,35.35735427571557,224.42188382175317,0.33292659291970494,crossed,1,gp_oracle,random,0,20,0.0023401080006806296,15.0,,,,
2.674023082579879,15.629551542888379,524.1659914745167,120.89407303486723,223.48130799280517,0.6076492360282941,crossed,1,gp,random,0,30,0.0020051940000485047,15.0,,,,
1.8323681544334585,11.662446599054254,431.8626751177097,95.24692300666585,223.47287391102122,0.6160833178122402,crossed,1,gp_oracle,random,0,30,0.0020051940000485047,8.0,,,,
1.7465339340414923,10.232634106570732,302.91223311996845,88.0464325004213,224.31944487008556,0.23048764125209686,crossed,1,gp,random,0,50,0.003355300000293937,8.0,,,,
1.6936383148645664,7.457091865151902,212.80048293754334,65.11577256951911,224.16009538971375,0.07113816088028102,crossed,1,gp_oracle,random,0,50,0.003355300000293937,4.0,,,,
63.604851301349186,95.06098391944789,1520.02558763504,502.24044258761245,,,no_null,0,gp,random,1,3,0.0008704129995749099,1.5,,,,
22.490842653831027,35.72906496069618,388.40479940530554,95.03096018439388,,,no_null,0,gp_oracle,random,1,3,0.0008704129995749099,30.0,,,,
39.42306792432793,31.81706300614308,409.4238440967849,80.2532264952122,248.63162273253099,24.54266550369752,at_or_beyond_end,0,gp,random,1,4,0.0010093629998664255,8.0,,,,
21.469763758603175,36.155521634302076,503.53555119218817,112.21594334989501,263.39990493127664,39.31094770244317,at_or_beyond_end,0,gp_oracle,random,1,4,0.0010093629998664255,60.0,,,,
17.479261302775704,30.558737653197305,399.4279315462633,96.78607176801816,,,no_null,0,gp,random,1,5,0.0010591529999146587,30.0,,,,
8.813169959408357,19.297962911580914,383.94512559197784,91.963353757828,,,no_null,0,gp_oracle,random,1,5,0.0010591529999146587,15.0,,,,
32.625896817583246,43.30536917742322,91.36802121060266,68.73056515089517,221.5663045778219,2.522652651011555,crossed,1,gp,random,1,6,0.0012944250001964974,15.0,,,,
29.669805893626897,41.14307030107387,77.69733937272115,51.35927694170688,220.55023417164045,3.5387230571930104,crossed,1,gp_oracle,random,1,6,0.0012944250001964974,60.0,,,,
7.408749047444549,17.740486335441148,389.64472051177313,92.12069350369244,,,no_null,0,gp,random,1,7,0.0011675679998006672,15.0,,,,
7.408749047444549,17.740486335441148,389.64472051177313,92.12069350369244,,,no_null,0,gp_oracle,random,1,7,0.0011675679998006672,15.0,,,,
5.145075779279061,15.395941060605752,400.75412703972273,92.24362650469773,219.52530193204163,4.563655296791836,crossed,1,gp,random,1,8,0.0012731290007650387,15.0,,,,
5.145075779279061,15.395941060605752,400.75412703972273,92.24362650469773,219.52530193204163,4.563655296791836,crossed,1,gp_oracle,random,1,8,0.0012731290007650387,15.0,,,,
14.684556376809786,28.689556589468246,421.5342449412967,99.52586431171582,251.7474741790868,27.65851695025333,at_or_beyond_end,0,gp,random,1,10,0.0012681359994530794,30.0,,,,
6.77356983692187,16.816118916161944,395.4597368310377,92.96880214952714,259.81454162291084,35.72558439407737,at_or_beyond_end,0,gp_oracle,random,1,10,0.0012681359994530794,15.0,,,,
6.169406899662383,15.365884927604656,458.4027675273944,95.9070189319191,222.55075208433098,1.5382051445024842,crossed,1,gp,random,1,12,0.0013824130001012236,15.0,,,,
6.033890750387535,11.363522139258219,401.19882501046175,81.10136591427238,222.55075208433098,1.5382051445024842,crossed,1,gp_oracle,random,1,12,0.0013824130001012236,8.0,,,,
3.4300858459311945,11.04874032456767,346.3714726053452,83.56839314429394,224.42188382175317,0.33292659291970494,crossed,1,gp,random,1,16,0.0012573489993883413,15.0,,,,
3.4300858459311945,11.04874032456767,346.3714726053452,83.56839314429394,224.42188382175317,0.33292659291970494,crossed,1,gp_oracle,random,1,16,0.0012573489993883413,15.0,,,,
2.8552914149745985,8.856190605910886,299.92599695867386,66.81653467620569,224.4365179577057,0.34756072887222444,crossed,1,gp,random,1,20,0.001561048999974446,15.0,,,,
2.8552914149745985,8.856190605910886,299.92599695867386,66.81653467620569,224.4365179577057,0.34756072887222444,crossed,1,gp_oracle,random,1,20,0.001561048999974446,15.0,,,,
3.411836649108537,10.506546919558872,168.6895328699691,62.552247711125354,222.6089526073567,1.480004621476752,crossed,1,gp,random,1,30,0.002396863999820198,8.0,,,,
3.411836649108537,10.506546919558872,168.6895328699691,62.552247711125354,222.6089526073567,1.480004621476752,crossed,1,gp_oracle,random,1,30,0.002396863999820198,8.0,,,,
2.1880628882515514,7.050524447079853,52.50837419299307,39.517801335145116,223.48130799280517,0.6076492360282941,crossed,1,gp,random,1,50,0.00352667199967982,8.0,,,,
2.1880628882515514,7.050524447079853,52.50837419299307,39.517801335145116,223.48130799280517,0.6076492360282941,crossed,1,gp_oracle,random,1,50,0.00352667199967982,8.0,,,,
63.604851301349186,95.06098391944789,1520.02558763504,502.24044258761245,,,no_null,0,gp,random,2,3,0.0009823390000747168,1.5,,,,
22.490842653831027,35.72906496069618,388.40479940530554,95.03096018439388,,,no_null,0,gp_oracle,random,2,3,0.0009823390000747168,30.0,,,,
51.6154813098221,41.46844270381712,396.3406812599009,80.69433815039714,221.5422110693194,2.546746159514072,crossed,1,gp,random,2,4,0.0008601440003985772,8.0,,,,
15.870155490061215,23.470796435345896,558.1649691107682,118.40508895450799,223.57119513616567,0.5177620926677946,crossed,1,gp_oracle,random,2,4,0.0008601440003985772,30.0,,,,
17.247757419305916,23.71388167096944,475.4840708901293,97.54447063671182,222.499647022814,1.5893102060194622,crossed,1,gp,random,2,5,0.001090816000214545,15.0,,,,
7.7664574678462355,18.681351858894978,599.7793254464746,128.29262393392457,224.5484260561661,0.4594688273326426,crossed,1,gp_oracle,random,2,5,0.001090816000214545,30.0,,,,
5.4269452400201255,18.55245103698954,604.194343609306,129.6891613173296,,,no_null,0,gp,random,2,6,0.0009761810006239102,30.0,,,,
5.4269452400201255,18.55245103698954,604.194343609306,129.6891613173296,,,no_null,0,gp_oracle,random,2,6,0.0009761810006239102,30.0,,,,
9.275154982086955,21.93427605364282,458.35296296646663,102.7228255958387,249.31454907698162,25.225591848148156,at_or_beyond_end,0,gp,random,2,7,0.0011480980001579155,30.0,,,,
6.823633073222099,17.606762271406634,390.9300264977272,92.48390020029136,259.81454162291084,35.72558439407737,at_or_beyond_end,0,gp_oracle,random,2,7,0.0011480980001579155,15.0,,,,
14.482290608213269,20.256380424217067,475.4357296731495,97.51965986041589,223.54960062725024,0.5393566015832221,crossed,1,gp,random,2,8,0.000994785999864689,15.0,,,,
7.17396799755393,18.789973151716026,656.1152730133533,142.2418175300896,,,no_null,0,gp_oracle,random,2,8,0.000994785999864689,30.0,,,,
5.823056041670659,13.057151383522722,502.6052653498934,132.1076375780575,224.3969662389151,0.3080090100816335,crossed,1,gp,random,2,10,0.0010294869998688227,15.0,,,,
5.823056041670659,13.057151383522722,502.6052653498934,132.1076375780575,224.3969662389151,0.3080090100816335,crossed,1,gp_oracle,random,2,10,0.0010294869998688227,15.0,,,,
5.6922284164110035,9.660066343163782,304.61415465013687,65.24004509943947,224.4365179577057,0.34756072887222444,crossed,1,gp,random,2,12,0.0010867970004255767,15.0,,,,
5.6922284164110035,9.660066343163782,304.61415465013687,65.24004509943947,224.4365179577057,0.34756072887222444,crossed,1,gp_oracle,random,2,12,0.0010867970004255767,15.0,,,,
7.116615000585325,13.467900287134302,431.88687549559336,114.25990565550461,,,no_null,0,gp,random,2,16,0.0012037310007144697,15.0,,,,
7.116615000585325,13.467900287134302,431.88687549559336,114.25990565550461,,,no_null,0,gp_oracle,random,2,16,0.0012037310007144697,15.0,,,,
3.100959764384011,10.771695892971529,310.9505399659825,72.73582991322645,223.53167490374034,0.5572823250931265,crossed,1,gp,random,2,20,0.001290592000259494,15.0,,,,
3.100959764384011,10.771695892971529,310.9505399659825,72.73582991322645,223.53167490374034,0.5572823250931265,crossed,1,gp_oracle,random,2,20,0.001290592000259494,15.0,,,,
2.793827224470351,14.925246176612658,478.28908583763337,99.31812426409518,223.57514160100703,0.5138156278264319,crossed,1,gp,random,2,30,0.0019338869997227448,15.0,,,,
2.186954447540536,11.449821339678468,402.3317407139102,81.28931910390698,222.55075208433098,1.5382051445024842,crossed,1,gp_oracle,random,2,30,0.0019338869997227448,8.0,,,,
1.7272665491360237,3.7892642570860398,41.541283391830525,17.715625569252506,224.30531535951073,0.21635813067726417,crossed,1,gp,random,2,50,0.0036372249996929895,4.0,,,,
1.6821164319319855,4.167065078385145,34.925217219978194,24.2535776060008,224.31944487008556,0.23048764125209686,crossed,1,gp_oracle,random,2,50,0.0036372249996929895,8.0,,,,
63.604851301349186,95.06098391944789,1520.02558763504,502.24044258761245,,,no_null,0,gp,random,3,3,0.000947000999985903,1.5,,,,
22.490842653831027,35.72906496069618,388.40479940530554,95.03096018439388,,,no_null,0,gp_oracle,random,3,3,0.000947000999985903,30.0,,,,
63.56941188615904,96.30086169670425,1530.369611826813,508.1167150647747,224.6445403861216,0.5555831572881402,crossed,1,gp,random,3,4,0.0013125470004524686,1.5,,,,
15.800369267811025,23.69862753922409,526.0616445940171,112.27779661079182,223.62015086944555,0.46880635938791215,crossed,1,gp_oracle,random,3,4,0.0013125470004524686,30.0,,,,
19.92658971568928,35.22401594185452,564.3077558131183,138.6645647463088,,,no_null,0,gp,random,3,5,0.0008368770004381076,60.0,,,,
9.861173944699093,18.318509176519058,477.9363370293221,112.93455299118527,224.3969662389151,0.3080090100816335,crossed,1,gp_oracle,random,3,5,0.0008368770004381076,15.0,,,,
13.626794191394897,24.10866313551441,229.628985473203,70.41439924281441,,,no_null,0,gp,random,3,6,0.0008429849995081895,30.0,,,,
13.626794191394897,24.10866313551441,229.628985473203,70.41439924281441,,,no_null,0,gp_oracle,random,3,6,0.0008429849995081895,30.0,,,,
8.973918761207713,19.081951121870723,521.521790580065,122.82759604874292,227.56496725304694,3.4760100242134797,at_or_beyond_end,0,gp,random,3,7,0.0010613460008244147,30.0,,,,
8.973918761207713,19.081951121870723,521.521790580065,122.82759604874292,227.56496725304694,3.4760100242134797,at_or_beyond_end,0,gp_oracle,random,3,7,0.0010613460008244147,30.0,,,,
9.656558507136152,20.276433654476154,301.14420529652335,81.0104128072731,222.58799552159854,1.5009617072349215,crossed,1,gp,random,3,8,0.0010389270000814577,30.0,,,,
9.272057634855447,20.647358220379157,256.98000017269226,87.68627044759967,223.09017745007432,0.9987797787591433,crossed,1,gp_oracle,random,3,8,0.0010389270000814577,15.0,,,,
5.472969776612715,14.431066413797652,470.1477723747927,97.45223908267415,222.5186759302445,1.5702812985889523,crossed,1,gp,random,3,10,0.0012551899999380112,15.0,,,,
4.681959235681044,12.672903163240631,391.4461730277214,80.73227927992673,221.49428641356846,2.5946708152650046,crossed,1,gp_oracle,random,3,10,0.0012551899999380112,8.0,,,,
5.316541203554714,14.304528663891416,506.6491075847376,116.6696912687995,224.48529841088074,0.39634118204727997,crossed,1,gp,random,3,12,0.0016879560007510008,15.0,,,,
5.048617200530092,18.964817759972647,625.3842579006744,149.84580653446127,228.76855479364906,4.6795975648155945,at_or_beyond_end,0,gp_oracle,random,3,12,0.0016879560007510008,30.0,,,,
2.6670678963075054,13.23137353083331,511.5624220971316,105.82110900144745,223.49993325674473,0.5890239720887394,crossed,1,gp,random,3,16,0.002028794000580092,15.0,,,,
2.6670678963075054,13.23137353083331,511.5624220971316,105.82110900144745,223.49993325674473,0.5890239720887394,crossed,1,gp_oracle,random,3,16,0.002028794000580092,15.0,,,,
11.511243747279947,12.057795811816286,173.60752961619463,60.09407770886317,222.5599052296773,1.5290519991561666,crossed,1,gp,random,3,20,0.0015578379998260061,8.0,,,,
3.4641535702308532,10.154622474482219,253.63477537766767,61.68131306912851,223.58429474635335,0.5046624824801142,crossed,1,gp_oracle,random,3,20,0.0015578379998260061,15.0,,,,
2.7928491507843427,5.700337362450655,45.67863677372069,37.18430618445823,224.44982171766253,0.3608644888290655,crossed,1,gp,random,3,30,0.002234642000075837,8.0,,,,
2.7928491507843427,5.700337362450655,45.67863677372069,37.18430618445823,224.44982171766253,0.3608644888290655,crossed,1,gp_oracle,random,3,30,0.002234642000075837,8.0,,,,
3.8900096680740246,8.304733134666051,211.01919925365334,64.31576878792208,224.16009538971375,0.07113816088028102,crossed,1,gp,random,3,50,0.005251985000541026,4.0,,,,
1.6663458990709428,9.95418864464402,309.0487705972302,89.70045594669057,224.31944487008556,0.23048764125209686,crossed,1,gp_oracle,random,3,50,0.005251985000541026,8.0,,,,
63.604851301349186,95.06098391944789,1520.02558763504,502.24044258761245,,,no_null,0,gp,random,4,3,0.000835003000247525,1.5,,,,
22.490842653831027,35.72906496069618,388.40479940530554,95.03096018439388,,,no_null,0,gp_oracle,random,4,3,0.000835003000247525,30.0,,,,
46.859352292552586,34.869982842591526,398.3353011665493,80.32329482071661,259.81454162291084,35.72558439407737,at_or_beyond_end,0,gp,random,4,4,0.0009148629997071112,8.0,,,,
12.538888019796788,22.75258626468844,464.80696952689976,102.21753218834901,,,no_null,0,gp_oracle,random,4,4,0.0009148629997071112,30.0,,,,
40.66032996262296,31.107525716815154,406.18915601435265,79.85965027380698,,,no_null,0,gp,random,4,5,0.0010470699999132194,8.0,,,,
12.007575307975198,24.19304429663266,436.06503012719867,99.77621448915095,,,no_null,0,gp_oracle,random,4,5,0.0010470699999132194,30.0,,,,
38.80057093809695,29.703649764041838,418.35343892278934,93.67764392159484,223.49993325674473,0.5890239720887394,crossed,1,gp,random,4,6,0.0009810609999476583,15.0,,,,
13.66633831718652,21.581171503253966,486.7662198234789,112.6580516721586,,,no_null,0,gp_oracle,random,4,6,0.0009810609999476583,30.0,,,,
10.606184483215603,19.962793680264348,392.880677308614,92.7215037507358,259.81454162291084,35.72558439407737,at_or_beyond_end,0,gp,random,4,7,0.0009845720005614567,15.0,,,,
10.606184483215603,19.962793680264348,392.880677308614,92.7215037507358,259.81454162291084,35.72558439407737,at_or_beyond_end,0,gp_oracle,random,4,7,0.0009845720005614567,15.0,,,,
18.145480318586653,32.26484919330602,405.97098043166585,98.13312394977412,253.00235133701497,28.913394108181507,at_or_beyond_end,0,gp,random,4,8,0.0010368709999966086,30.0,,,,
7.558884449310603,17.468945328453593,395.56043534967864,92.91180738220716,259.81454162291084,35.72558439407737,at_or_beyond_end,0,gp_oracle,random,4,8,0.0010368709999966086,15.0,,,,
5.051812684962264,13.100685827545938,283.63058348789406,76.70802984608878,223.5877380724598,0.5012191563736508,crossed,1,gp,random,4,10,0.0011468590000731638,15.0,,,,
5.051812684962264,13.100685827545938,283.63058348789406,76.70802984608878,223.5877380724598,0.5012191563736508,crossed,1,gp_oracle,random,4,10,0.0011468590000731638,15.0,,,,
9.67854585603976,19.609775520617763,189.8193032995212,71.67095772133568,,,no_null,0,gp,random,4,12,0.0010933880002994556,15.0,,,,
7.23080363709207,12.244209352918267,164.6618621318023,64.48482980760566,220.5937022575823,3.495254971251171,crossed,1,gp_oracle,random,4,12,0.0010933880002994556,8.0,,,,
4.097075458701446,12.866640189117604,478.87144962323333,142.56316704720052,225.3877367946192,1.2987795657857362,crossed,1,gp,random,4,16,0.0012896190000901697,15.0,,,,
4.097075458701446,12.866640189117604,478.87144962323333,142.56316704720052,225.3877367946192,1.2987795657857362,crossed,1,gp_oracle,random,4,16,0.0012896190000901697,15.0,,,,
2.6773583325592676,13.49294600029296,502.44361110230597,103.72746724564057,223.50968934737975,0.5792678814537169,crossed,1,gp,random,4,20,0.0014685789992654463,15.0,,,,
2.0999942743204394,10.328726255851372,415.2666763051941,82.57982678738891,223.53687845242814,0.5520787764053239,crossed,1,gp_oracle,random,4,20,0.0014685789992654463,8.0,,,,
2.821266639479075,4.404658102831352,39.773892447143204,28.48528876211861,224.2838139303751,0.1948567015416245,crossed,1,gp,random,4,30,0.002026614000897098,8.0,,,,
2.821266639479075,4.404658102831352,39.773892447143204,28.48528876211861,224.2838139303751,0.1948567015416245,crossed,1,gp_oracle,random,4,30,0.002026614000897098,8.0,,,,
2.224607641991532,3.297163022848261,39.769887390114086,20.865935262460916,224.30531535951073,0.21635813067726417,crossed,1,gp,random,4,50,0.0034681039996939944,4.0,,,,
1.7015538181497805,3.2456612965494807,38.70484022467819,23.514025269660056,224.31944487008556,0.23048764125209686,crossed,1,gp_oracle,random,4,50,0.0034681039996939944,8.0,,,,
63.604851301349186,95.06098391944789,1520.02558763504,502.24044258761245,,,no_null,0,gp,random,5,3,0.0009424410000065109,1.5,,,,
22.490842653831027,35.72906496069618,388.40479940530554,95.03096018439388,,,no_null,0,gp_oracle,random,5,3,0.0009424410000065109,30.0,,,,
16.86993691602772,29.71219514682968,398.8726970984016,96.44756158625528,,,no_null,0,gp,random,5,4,0.0009086589998332784,30.0,,,,
11.677897404616827,23.044044544062388,380.12013488409053,91.74424007965591,,,no_null,0,gp_oracle,random,5,4,0.0009086589998332784,15.0,,,,
43.29362490287587,33.0705903804547,403.4735096135978,79.98484163564011,,,no_null,0,gp,random,5,5,0.0009380700003021047,8.0,,,,
13.154773199053919,23.172823691930443,468.06002107352083,102.91719958217493,,,no_null,0,gp_oracle,random,5,5,0.0009380700003021047,30.0,,,,
53.59491557321425,42.27155010696757,398.34706945406157,90.74402607557488,224.36334727794312,0.27439004910965537,crossed,1,gp,random,5,6,0.0009742150004967698,8.0,,,,
17.2413128684725,24.23635502220977,489.6770907327498,117.00354374996962,,,no_null,0,gp_oracle,random,5,6,0.0009742150004967698,30.0,,,,
14.256880819121557,28.332307404151706,426.52001801561744,99.80886995727674,254.4364966603613,30.34753943152785,at_or_beyond_end,0,gp,random,5,7,0.000974854000560299,30.0,,,,
14.256880819121557,28.332307404151706,426.52001801561744,99.80886995727674,254.4364966603613,30.34753943152785,at_or_beyond_end,0,gp_oracle,random,5,7,0.000974854000560299,30.0,,,,
5.725297664803642,14.893461799585033,497.70515245128115,114.01103376804605,224.44982171766253,0.3608644888290655,crossed,1,gp,random,5,8,0.0010173099999519764,15.0,,,,
5.725297664803642,14.893461799585033,497.70515245128115,114.01103376804605,224.44982171766253,0.3608644888290655,crossed,1,gp_oracle,random,5,8,0.0010173099999519764,15.0,,,,
4.29737136117583,13.33586235141013,489.7667629099814,100.65877989580065,223.54960062725024,0.5393566015832221,crossed,1,gp,random,5,10,0.0010193590005656006,15.0,,,,
4.29737136117583,13.33586235141013,489.7667629099814,100.65877989580065,223.54960062725024,0.5393566015832221,crossed,1,gp_oracle,random,5,10,0.0010193590005656006,15.0,,,,
7.3365941474859575,11.682731686104185,342.80078340002063,85.96445354691336,224.37798141389564,0.28902418506217487,crossed,1,gp,random,5,12,0.0013082610003039008,15.0,,,,
7.3365941474859575,11.682731686104185,342.80078340002063,85.96445354691336,224.37798141389564,0.28902418506217487,crossed,1,gp_oracle,random,5,12,0.0013082610003039008,15.0,,,,
8.838137340677912,15.54979787645866,64.27995863329178,59.99163446463992,223.5877380724598,0.5012191563736508,crossed,1,gp,random,5,16,0.0016749659998822608,15.0,,,,
5.262884986737225,10.328076681095988,69.92798538168493,66.27862480005304,224.16009538971375,0.07113816088028102,crossed,1,gp_oracle,random,5,16,0.0016749659998822608,8.0,,,,
5.613989148309017,7.324520438928628,253.86118418819672,51.530385968591055,224.36334727794312,0.27439004910965537,crossed,1,gp,random,5,20,0.001837611000155448,8.0,,,,
2.904796368203141,9.31285486520801,285.4485451249785,68.68477083386354,224.36334727794312,0.27439004910965537,crossed,1,gp_oracle,random,5,20,0.001837611000155448,15.0,,,,
3.048535797747032,5.3970327291377655,49.395940659391854,30.72559817401381,225.34383438676164,1.2548771579281777,crossed,1,gp,random,5,30,0.0027863019995493232,15.0,,,,
3.048535797747032,5.3970327291377655,49.395940659391854,30.72559817401381,225.34383438676164,1.2548771579281777,crossed,1,gp_oracle,random,5,30,0.0027863019995493232,15.0,,,,
1.904720911443561,5.369845755247664,147.55345225859585,38.76298343283426,224.4187796110966,0.32982238226313143,crossed,1,gp,random,5,50,0.0034885530003521126,4.0,,,,
1.6550108427041856,7.767072109807198,268.66189146498346,66.46808812356876,224.4365179577057,0.34756072887222444,crossed,1,gp_oracle,random,5,50,0.0034885530003521126,8.0,,,,
63.604851301349186,95.06098391944789,1520.02558763504,502.24044258761245,,,no_null,0,gp,random,6,3,0.0009196739993058145,1.5,,,,
22.490842653831027,35.72906496069618,388.40479940530554,95.03096018439388,,,no_null,0,gp_oracle,random,6,3,0.0009196739993058145,30.0,,,,
14.108913485933918,23.768428089335337,381.652759336895,91.78081464258487,,,no_null,0,gp,random,6,4,0.0008940949992393143,15.0,,,,
14.108913485933918,23.768428089335337,381.652759336895,91.78081464258487,,,no_null,0,gp_oracle,random,6,4,0.0008940949992393143,15.0,,,,
30.339682208058985,26.968628641061887,459.8364806314846,95.51994356488154,222.55075208433098,1.5382051445024842,crossed,1,gp,random,6,5,0.0009634710004320368,15.0,,,,
10.945802957180021,20.87163667532627,582.4575523962836,124.31698269210487,225.62392063435917,1.5349634055257013,crossed,1,gp_oracle,random,6,5,0.0009634710004320368,30.0,,,,
8.037085974932872,17.72089464671914,388.6971797753746,92.34447486042913,,,no_null,0,gp,random,6,6,0.0010435900003358256,15.0,,,,
8.037085974932872,17.72089464671914,388.6971797753746,92.34447486042913,,,no_null,0,gp_oracle,random,6,6,0.0010435900003358256,15.0,,,,
9.089537586310435,21.898456158867162,463.2179069137708,115.92369966990563,,,no_null,0,gp,random,6,7,0.0010107100006280234,30.0,,,,
6.742415668632698,16.413104943211433,436.5148434248296,108.15105073632706,230.87553777681242,6.786580547978957,at_or_beyond_end,0,gp_oracle,random,6,7,0.0010107100006280234,15.0,,,,
6.275506600148701,15.266194383116497,501.96546900175383,114.72900202471786,223.47287391102122,0.6160833178122402,crossed,1,gp,random,6,8,0.0009859729998424882,15.0,,,,
5.7347527011591914,18.212542598898622,641.9456452450576,153.46665276911096,243.90804885008012,19.819091621246656,at_or_beyond_end,0,gp_oracle,random,6,8,0.0009859729998424882,30.0,,,,
3.3843493572434844,12.86988806482351,474.1007801569987,98.77739163773967,223.553049750202,0.5359074786314579,crossed,1,gp,random,6,10,0.0010630810002112412,15.0,,,,
3.3843493572434844,12.86988806482351,474.1007801569987,98.77739163773967,223.553049750202,0.5359074786314579,crossed,1,gp_oracle,random,6,10,0.0010630810002112412,15.0,,,,
6.539640460977352,14.503714348071847,505.8143300334237,132.19768153464318,224.3969662389151,0.3080090100816335,crossed,1,gp,random,6,12,0.0012474329996621236,15.0,,,,
5.810833022771319,18.78477647943955,602.8770800559948,162.26261389232283,238.75053218625936,14.661574957425898,at_or_beyond_end,0,gp_oracle,random,6,12,0.0012474329996621236,30.0,,,,
8.59498186727055,14.228312810986079,426.40447448689287,106.58762065463752,223.39749430507712,0.6914629237563474,crossed,1,gp,random,6,16,0.0014269719995354535,8.0,,,,
2.6683080456220525,13.001758968990659,517.0484585121142,135.967093922314,224.44982171766253,0.3608644888290655,crossed,1,gp_oracle,random,6,16,0.0014269719995354535,15.0,,,,
2.72345502161396,10.861486893633431,427.85625487260137,95.04611191408944,224.4365179577057,0.34756072887222444,crossed,1,gp,random,6,20,0.0015458240004591062,8.0,,,,
2.4584072770846683,13.338618640729571,487.2403448994294,113.32336377194548,224.3969662389151,0.3080090100816335,crossed,1,gp_oracle,random,6,20,0.0015458240004591062,15.0,,,,
2.4427820139755343,10.153471422211936,248.82222464939213,70.8822682712767,224.11456696675037,0.025609737916909125,crossed,1,gp,random,6,30,0.0020267959998818696,8.0,,,,
2.4427820139755343,10.153471422211936,248.82222464939213,70.8822682712767,224.11456696675037,0.025609737916909125,crossed,1,gp_oracle,random,6,30,0.0020267959998818696,8.0,,,,
1.820202300117668,3.4085575977057165,31.221500694202263,21.947219558089504,224.36334727794312,0.27439004910965537,crossed,1,gp,random,6,50,0.0034616210004969616,8.0,,,,
1.820202300117668,3.4085575977057165,31.221500694202263,21.947219558089504,224.36334727794312,0.27439004910965537,crossed,1,gp_oracle,random,6,50,0.0034616210004969616,8.0,,,,
63.604851301349186,95.06098391944789,1520.02558763504,502.24044258761245,,,no_null,0,gp,random,7,3,0.0008927489998313831,1.5,,,,
22.490842653831027,35.72906496069618,388.40479940530554,95.03096018439388,,,no_null,0,gp_oracle,random,7,3,0.0008927489998313831,30.0,,,,
18.597331106805054,27.851683987911148,379.09681773104785,91.74785935350863,,,no_null,0,gp,random,7,4,0.0009358349998365156,15.0,,,,
17.391744797136226,30.143580406222565,397.99422365817986,96.3445554139827,,,no_null,0,gp_oracle,random,7,4,0.0009358349998365156,30.0,,,,
25.97966203821597,28.85073530953913,394.5245860559965,91.60011128904377,219.5380375854922,4.550919643341274,crossed,1,gp,random,7,5,0.0009157340000456315,15.0,,,,
12.305869176907333,22.17474482537454,494.5737483585192,107.12500192382618,221.57408096539376,2.514876263439703,crossed,1,gp_oracle,random,7,5,0.0009157340000456315,30.0,,,,
6.731826787275481,18.232795556241733,557.5545919530031,118.63383319216227,223.5877380724598,0.5012191563736508,crossed,1,gp,random,7,6,0.0010137900007975986,30.0,,,,
6.731826787275481,18.232795556241733,557.5545919530031,118.63383319216227,223.5877380724598,0.5012191563736508,crossed,1,gp_oracle,random,7,6,0.0010137900007975986,30.0,,,,
5.782480445205611,15.760826935136254,396.1016123373924,92.0099573849065,218.49923994268528,5.589717286148186,crossed,1,gp,random,7,7,0.0009967710002456442,15.0,,,,
5.782480445205611,15.760826935136254,396.1016123373924,92.0099573849065,218.49923994268528,5.589717286148186,crossed,1,gp_oracle,random,7,7,0.0009967710002456442,15.0,,,,
6.694011933746762,17.05172233760183,389.71792128653976,92.34215295501535,,,no_null,0,gp,random,7,8,0.0010022280002885964,15.0,,,,
6.694011933746762,17.05172233760183,389.71792128653976,92.34215295501535,,,no_null,0,gp_oracle,random,7,8,0.0010022280002885964,15.0,,,,
6.98704231931214,15.197813804715166,478.47325173041565,111.091499310755,224.3969662389151,0.3080090100816335,crossed,1,gp,random,7,10,0.001256149000255391,15.0,,,,
6.675811748598589,18.292524420682668,591.9867326751934,140.86928492902143,229.01301138285586,4.9240541540224,at_or_beyond_end,0,gp_oracle,random,7,10,0.001256149000255391,30.0,,,,
6.304296848681084,10.548840200595043,293.1595806008802,65.73603028425714,224.36334727794312,0.27439004910965537,crossed,1,gp,random,7,12,0.0011162809996676515,15.0,,,,
6.304296848681084,10.548840200595043,293.1595806008802,65.73603028425714,224.36334727794312,0.27439004910965537,crossed,1,gp_oracle,random,7,12,0.0011162809996676515,15.0,,,,
4.973759315677244,11.079219129742855,261.65675835830336,59.63505492523892,223.56638014431292,0.5225770845205489,crossed,1,gp,random,7,16,0.0012599490000866354,15.0,,,,
4.973759315677244,11.079219129742855,261.65675835830336,59.63505492523892,223.56638014431292,0.5225770845205489,crossed,1,gp_oracle,random,7,16,0.0012599490000866354,15.0,,,,
3.873865564081155,13.436737862290288,448.8437712618716,128.06275808164094,225.41212702120671,1.3231697923732497,crossed,1,gp,random,7,20,0.0014869440001348266,15.0,,,,
2.6719214178342696,10.109499997038707,377.7125815968486,104.60832852605091,224.2374937087515,0.14853647991802177,crossed,1,gp_oracle,random,7,20,0.0014869440001348266,8.0,,,,
3.38160242806125,7.447994779069138,222.84187492919227,59.31226383065715,224.36334727794312,0.27439004910965537,crossed,1,gp,random,7,30,0.0025008689999594935,8.0,,,,
3.38160242806125,7.447994779069138,222.84187492919227,59.31226383065715,224.36334727794312,0.27439004910965537,crossed,1,gp_oracle,random,7,30,0.0025008689999594935,8.0,,,,
1.6350702293182846,3.0633600890126886,43.46847446980575,26.07320034953314,224.34979715206117,0.26083992322770655,crossed,1,gp,random,7,50,0.0033703429999150103,4.0,,,,
1.6350702293182846,3.0633600890126886,43.46847446980575,26.07320034953314,224.34979715206117,0.26083992322770655,crossed,1,gp_oracle,random,7,50,0.0033703429999150103,4.0,,,,
63.604851301349186,95.06098391944789,1520.02558763504,502.24044258761245,,,no_null,0,gp,random,8,3,0.0010062470000775647,1.5,,,,
22.490842653831027,35.72906496069618,388.40479940530554,95.03096018439388,,,no_null,0,gp_oracle,random,8,3,0.0010062470000775647,30.0,,,,
45.93748073011057,32.55478659755014,399.44699001909913,80.35404520792574,259.81454162291084,35.72558439407737,at_or_beyond_end,0,gp,random,8,4,0.0009675490000518039,8.0,,,,
11.353288990101,22.991018681957907,445.9175540395787,100.3864203309206,,,no_null,0,gp_oracle,random,8,4,0.0009675490000518039,30.0,,,,
51.512702857703474,40.18274920710865,400.13646024574143,80.26074096146148,222.5252111105742,1.5637461182592745,crossed,1,gp,random,8,5,0.0009140780002780957,8.0,,,,
14.544173791731373,23.409795111022106,591.1840113330258,126.08297016464789,225.59837966060238,1.509422431768911,crossed,1,gp_oracle,random,8,5,0.0009140780002780957,30.0,,,,
12.365070048021554,19.569525536287887,439.9375303501786,93.10151751955227,221.52241610281357,2.5665411260198994,crossed,1,gp,random,8,6,0.0011965499998041196,15.0,,,,
8.976460652878934,20.18100857244968,571.1717323846888,121.54633403191475,223.57119513616567,0.5177620926677946,crossed,1,gp_oracle,random,8,6,0.0011965499998041196,30.0,,,,
5.51591143909047,15.825648115408391,400.6235126186755,92.00541217173863,219.51944827766062,4.56950895117285,crossed,1,gp,random,8,7,0.0009331750006822404,15.0,,,,
5.51591143909047,15.825648115408391,400.6235126186755,92.00541217173863,219.51944827766062,4.56950895117285,crossed,1,gp_oracle,random,8,7,0.0009331750006822404,15.0,,,,
5.0505225921772245,14.34818376804948,416.74139286159385,92.67125198749598,221.57723293313737,2.511724295696098,crossed,1,gp,random,8,8,0.0008845109996400424,15.0,,,,
5.0505225921772245,14.34818376804948,416.74139286159385,92.67125198749598,221.57723293313737,2.511724295696098,crossed,1,gp_oracle,random,8,8,0.0008845109996400424,15.0,,,,
6.570830103060847,10.965675640376126,297.4163563051846,63.751779369823126,224.50650730356554,0.41755007473207684,crossed,1,gp,random,8,10,0.0010704269998313976,15.0,,,,
6.570830103060847,10.965675640376126,297.4163563051846,63.751779369823126,224.50650730356554,0.41755007473207684,crossed,1,gp_oracle,random,8,10,0.0010704269998313976,15.0,,,,
4.41971867370807,14.871027110352465,438.32421841195026,107.40079075125443,224.31944487008556,0.23048764125209686,crossed,1,gp,random,8,12,0.0010997210001733038,15.0,,,,
4.41971867370807,14.871027110352465,438.32421841195026,107.40079075125443,224.31944487008556,0.23048764125209686,crossed,1,gp_oracle,random,8,12,0.0010997210001733038,15.0,,,,
4.354649703478121,12.936020675419607,435.13903870123227,111.78560548152528,224.42188382175317,0.33292659291970494,crossed,1,gp,random,8,16,0.00154884600033256,15.0,,,,
4.354649703478121,12.936020675419607,435.13903870123227,111.78560548152528,224.42188382175317,0.33292659291970494,crossed,1,gp_oracle,random,8,16,0.00154884600033256,15.0,,,,
4.524919466498869,9.23407456077721,301.21078070005274,74.47807046558515,224.31944487008556,0.23048764125209686,crossed,1,gp,random,8,20,0.001482869000028586,8.0,,,,
4.524919466498869,9.23407456077721,301.21078070005274,74.47807046558515,224.31944487008556,0.23048764125209686,crossed,1,gp_oracle,random,8,20,0.001482869000028586,8.0,,,,
2.104584321773415,12.127146937486932,431.3639193895737,108.47961904354808,223.44871378091094,0.6402434479225292,crossed,1,gp,random,8,30,0.001987753999856068,8.0,,,,
2.104584321773415,12.127146937486932,431.3639193895737,108.47961904354808,223.44871378091094,0.6402434479225292,crossed,1,gp_oracle,random,8,30,0.001987753999856068,8.0,,,,
2.0214930035472247,7.361779204572288,212.3203000236755,64.72275121956412,224.16009538971375,0.07113816088028102,crossed,1,gp,random,8,50,0.0035591280002336134,4.0,,,,
1.604588370166496,9.871928285365788,304.62848526150606,88.68083556162092,224.31944487008556,0.23048764125209686,crossed,1,gp_oracle,random,8,50,0.0035591280002336134,8.0,,,,
63.604851301349186,95.06098391944789,1520.02558763504,502.24044258761245,,,no_null,0,gp,random,9,3,0.0008187160001398297,1.5,,,,
22.490842653831027,35.72906496069618,388.40479940530554,95.03096018439388,,,no_null,0,gp_oracle,random,9,3,0.0008187160001398297,30.0,,,,
54.85181125398488,44.83945154121173,419.85823505309116,82.26330540371637,222.47554374006867,1.6134134887647917,crossed,1,gp,random,9,4,0.0009512269998595002,8.0,,,,
12.726234040917362,20.679246883211906,594.5240999764789,127.27385110023926,225.54871229009686,1.4597550612633938,crossed,1,gp_oracle,random,9,4,0.0009512269998595002,30.0,,,,
17.17512520473859,30.126274487863896,401.30626964629636,96.99618297680114,,,no_null,0,gp,random,9,5,0.0009473529999013408,30.0,,,,
8.666217075157551,19.10238636219136,384.740713529569,92.03359456386725,,,no_null,0,gp_oracle,random,9,5,0.0009473529999013408,15.0,,,,
30.87124637586273,34.333540761174994,260.2367694468863,84.8102898277251,223.09017745007432,0.9987797787591433,crossed,1,gp,random,9,6,0.0009297819997300394,15.0,,,,
11.196523703850179,19.98885852850694,314.9304380443207,78.96749484646067,223.6188484034358,0.4701088253976593,crossed,1,gp_oracle,random,9,6,0.0009297819997300394,30.0,,,,
7.11525157297954,19.290207844624284,496.6712009309704,107.93308443636809,221.5746236883165,2.514333540516958,crossed,1,gp,random,9,7,0.0009825329998420784,30.0,,,,
6.034795123546672,16.762181928441443,396.13947607933716,92.2766235221832,218.50145513828832,5.587502090545144,crossed,1,gp_oracle,random,9,7,0.0009825329998420784,15.0,,,,
5.903470438033188,13.996012130796903,494.3701023620933,101.71114986124157,223.50968934737975,0.5792678814537169,crossed,1,gp,random,9,8,0.0011092240001744358,15.0,,,,
5.8249098515084965,18.657765965029736,602.7478420927022,129.04303307328823,225.55846838073188,1.4695111518984163,crossed,1,gp_oracle,random,9,8,0.0011092240001744358,30.0,,,,
6.680660513669214,13.148845923577356,236.59689464749368,63.316047356526326,222.56660058599545,1.5223566428380195,crossed,1,gp,random,9,10,0.001138117999289534,15.0,,,,
6.680660513669214,13.148845923577356,236.59689464749368,63.316047356526326,222.56660058599545,1.5223566428380195,crossed,1,gp_oracle,random,9,10,0.001138117999289534,15.0,,,,
3.6152445572725957,13.475666815725997,429.25172132155296,93.71494599830821,221.5560916860765,2.5328655427569515,crossed,1,gp,random,9,12,0.0012589930001922767,15.0,,,,
3.6152445572725957,13.475666815725997,429.25172132155296,93.71494599830821,221.5560916860765,2.5328655427569515,crossed,1,gp_oracle,random,9,12,0.0012589930001922767,15.0,,,,
3.2982861114069175,10.56292897226883,338.7611649045542,95.21657750237613,224.42188382175317,0.33292659291970494,crossed,1,gp,random,9,16,0.001257359000192082,15.0,,,,
3.2982861114069175,10.56292897226883,338.7611649045542,95.21657750237613,224.42188382175317,0.33292659291970494,crossed,1,gp_oracle,random,9,16,0.001257359000192082,15.0,,,,
4.134161887553177,9.403802712648256,54.126908094074,40.72687224845139,223.53407957396726,0.5548776548662033,crossed,1,gp,random,9,20,0.0014619270004914142,15.0,,,,
4.134161887553177,9.403802712648256,54.126908094074,40.72687224845139,223.53407957396726,0.5548776548662033,crossed,1,gp_oracle,random,9,20,0.0014619270004914142,15.0,,,,
1.9232650569914733,3.9903278513566134,37.55690804242478,23.38085552134237,224.4365179577057,0.34756072887222444,crossed,1,gp,random,9,30,0.0020052339996254887,8.0,,,,
1.9232650569914733,3.9903278513566134,37.55690804242478,23.38085552134237,224.4365179577057,0.34756072887222444,crossed,1,gp_oracle,random,9,30,0.0020052339996254887,8.0,,,,
1.686571171218299,5.021012438247161,141.2911445492981,41.761385401157256,224.16009538971375,0.07113816088028102,crossed,1,gp,random,9,50,0.003531102999659197,4.0,,,,
1.686571171218299,5.021012438247161,141.2911445492981,41.761385401157256,224.16009538971375,0.07113816088028102,crossed,1,gp_oracle,random,9,50,0.003531102999659197,4.0,,,,
63.604851301349186,95.06098391944789,1520.02558763504,502.24044258761245,,,no_null,0,gp,random,10,3,0.0007172679997893283,1.5,,,,
22.490842653831027,35.72906496069618,388.40479940530554,95.03096018439388,,,no_null,0,gp_oracle,random,10,3,0.0007172679997893283,30.0,,,,
62.43173859169534,96.86618901737017,1568.2069139287998,526.442889650134,224.65706056994782,0.5681033411143517,crossed,1,gp,random,10,4,0.0009243129998139921,1.5,,,,
14.956472844813499,23.35753840240909,503.2387292472333,108.30837962434839,222.60281637698904,1.486140851844425,crossed,1,gp_oracle,random,10,4,0.0009243129998139921,30.0,,,,
7.5099366371919345,17.619490580504195,397.9721316705884,91.61197465993243,219.52530193204163,4.563655296791836,crossed,1,gp,random,10,5,0.0009602709997125203,15.0,,,,
7.162632984901463,18.793603530459276,504.0810291624581,108.85770909737008,222.5984704820698,1.4904867467636507,crossed,1,gp_oracle,random,10,5,0.0009602709997125203,30.0,,,,
8.045424838452538,19.144024463098845,601.8153589615476,143.33905977419016,225.4742112343386,1.3852540055051463,crossed,1,gp,random,10,6,0.0010189510003328905,30.0,,,,
8.045424838452538,19.144024463098845,601.8153589615476,143.33905977419016,225.4742112343386,1.3852540055051463,crossed,1,gp_oracle,random,10,6,0.0010189510003328905,30.0,,,,
12.84887445008816,17.723752323411894,442.0702684253304,93.61314173427577,222.5725911679643,1.51636606086916,crossed,1,gp,random,10,7,0.000987584999165847,15.0,,,,
6.647460807034055,18.925271347480727,561.782684433588,119.7084272243613,223.59698068464036,0.49197654419310766,crossed,1,gp_oracle,random,10,7,0.000987584999165847,30.0,,,,
8.413487439448353,20.766288030758815,464.9961522466188,103.39565687535357,248.63162273253099,24.54266550369752,at_or_beyond_end,0,gp,random,10,8,0.0017855229998531286,30.0,,,,
6.54625261039836,17.282666777383852,390.89625523512996,92.41445604873901,263.80234366997115,39.713386441137686,at_or_beyond_end,0,gp_oracle,random,10,8,0.0017855229998531286,15.0,,,,
11.20256943571928,18.810263855580455,220.71606203947854,66.16942990212829,222.5881342995592,1.5008229292742783,crossed,1,gp,random,10,10,0.0010871479998968425,15.0,,,,
7.744921626882143,15.756145135655355,298.5045090551699,68.09626289990001,223.61252381623524,0.4764334125982259,crossed,1,gp_oracle,random,10,10,0.0010871479998968425,30.0,,,,
3.720296617036432,12.410314225289108,430.1459607388043,108.74677543555522,224.44982171766253,0.3608644888290655,crossed,1,gp,random,10,12,0.0012141019997216063,15.0,,,,
3.720296617036432,12.410314225289108,430.1459607388043,108.74677543555522,224.44982171766253,0.3608644888290655,crossed,1,gp_oracle,random,10,12,0.0012141019997216063,15.0,,,,
22.657357624017024,17.508420024767073,374.4416939686777,97.88912894845248,224.36334727794312,0.27439004910965537,crossed,1,gp,random,10,16,0.0013527109995266073,8.0,,,,
4.916524328171537,14.191496872217982,406.15010899446895,111.61934123813066,225.34383438676164,1.2548771579281777,crossed,1,gp_oracle,random,10,16,0.0013527109995266073,15.0,,,,
2.486602136985451,13.227020479532136,494.5860887224729,102.10195063255827,223.54960062725024,0.5393566015832221,crossed,1,gp,random,10,20,0.001486789999944449,15.0,,,,
2.282360209838011,10.316351150916919,409.56171286885706,81.46540726440705,223.54960062725024,0.5393566015832221,crossed,1,gp_oracle,random,10,20,0.001486789999944449,8.0,,,,
1.9084703797947067,11.90372861663137,438.85886252232746,111.26530361423053,224.45962448815703,0.37066725932356803,crossed,1,gp,random,10,30,0.0021282920006342465,8.0,,,,
1.9084703797947067,11.90372861663137,438.85886252232746,111.26530361423053,224.45962448815703,0.37066725932356803,crossed,1,gp_oracle,random,10,30,0.0021282920006342465,8.0,,,,
3.6508648480681862,4.594963203944955,43.30585741074405,23.851967238975874,224.34979715206117,0.26083992322770655,crossed,1,gp,random,10,50,0.003617338000367454,4.0,,,,
1.8796835745442766,4.039613734102286,31.151822714553358,21.4258509271291,224.36334727794312,0.27439004910965537,crossed,1,gp_oracle,random,10,50,0.003617338000367454,8.0,,,,
63.604851301349186,95.06098391944789,1520.02558763504,502.24044258761245,,,no_null,0,gp,random,11,3,0.0008821699993859511,1.5,,,,
22.490842653831027,35.72906496069618,388.40479940530554,95.03096018439388,,,no_null,0,gp_oracle,random,11,3,0.0008821699993859511,30.0,,,,
46.859352292552586,34.869982842591526,398.3353011665493,80.32329482071661,259.81454162291084,35.72558439407737,at_or_beyond_end,0,gp,random,11,4,0.0008316379999087076,8.0,,,,
12.538888019796788,22.75258626468844,464.80696952689976,102.21753218834901,,,no_null,0,gp_oracle,random,11,4,0.0008316379999087076,30.0,,,,
44.57594436784677,32.277862630648826,401.5828541056365,80.15760672458593,218.50251930088191,5.58643792795155,crossed,1,gp,random,11,5,0.0010656160002326942,8.0,,,,
13.023861473004967,22.71817156499257,484.1538513267087,105.38361178975617,221.58819176138505,2.500765467448417,crossed,1,gp_oracle,random,11,5,0.0010656160002326942,30.0,,,,
15.315111587551685,20.06837735488833,309.03094720417477,67.66505899453608,223.58429474635335,0.5046624824801142,crossed,1,gp,random,11,6,0.0009887739997793688,30.0,,,,
15.315111587551685,20.06837735488833,309.03094720417477,67.66505899453608,223.58429474635335,0.5046624824801142,crossed,1,gp_oracle,random,11,6,0.0009887739997793688,30.0,,,,
12.924339330054037,21.084457370234524,387.09721641764236,91.86849087505276,,,no_null,0,gp,random,11,7,0.0012725589995170594,15.0,,,,
11.563917922418874,23.530801104173584,453.7808780519632,101.72444930014146,,,no_null,0,gp_oracle,random,11,7,0.0012725589995170594,30.0,,,,
17.637946750902906,31.333669549233463,392.43531544054537,107.29813921178058,,,no_null,0,gp,random,11,8,0.0011895480001840042,30.0,,,,
9.701922006670564,20.899031796666094,381.3317306988492,103.20667761484339,,,no_null,0,gp_oracle,random,11,8,0.0011895480001840042,15.0,,,,
5.478805220984661,14.612544927228347,485.1347585894288,99.59396722152263,223.54960062725024,0.5393566015832221,crossed,1,gp,random,11,10,0.0011172169997735182,15.0,,,,
5.047561272051516,18.50629164381775,611.7124763745283,131.3302568361946,225.5728155728422,1.4838583440087234,crossed,1,gp_oracle,random,11,10,0.0011172169997735182,30.0,,,,
4.2387663321192495,12.354944092328566,286.49178626870525,76.75281408699102,223.5877380724598,0.5012191563736508,crossed,1,gp,random,11,12,0.0012243339997439762,15.0,,,,
4.2387663321192495,12.354944092328566,286.49178626870525,76.75281408699102,223.5877380724598,0.5012191563736508,crossed,1,gp_oracle,random,11,12,0.0012243339997439762,15.0,,,,
5.355507849695595,7.149573194029635,35.389094622763864,28.58197982498031,224.48529841088074,0.39634118204727997,crossed,1,gp,random,11,16,0.0013708859996768297,15.0,,,,
5.355507849695595,7.149573194029635,35.389094622763864,28.58197982498031,224.48529841088074,0.39634118204727997,crossed,1,gp_oracle,random,11,16,0.0013708859996768297,15.0,,,,
4.232707018435281,11.739959898495425,429.8198755484814,95.36226235046102,224.4365179577057,0.34756072887222444,crossed,1,gp,random,11,20,0.0014497759993901127,8.0,,,,
2.423561823247885,13.30507262688498,504.3719648751368,116.5010997050884,224.3969662389151,0.3080090100816335,crossed,1,gp_oracle,random,11,20,0.0014497759993901127,15.0,,,,
4.129361277984798,9.486413216111533,304.37670384554065,85.77109868356378,224.3969662389151,0.3080090100816335,crossed,1,gp,random,11,30,0.0019053159994655289,8.0,,,,
3.0494500053765106,10.559208459864134,381.77824011368335,112.09823462313466,225.42135575559118,1.3323985267577143,crossed,1,gp_oracle,random,11,30,0.0019053159994655289,15.0,,,,
2.959801299294316,5.940160543072284,38.563223594336314,22.839155937036328,224.31944487008556,0.23048764125209686,crossed,1,gp,random,11,50,0.003215792999981204,8.0,,,,
2.959801299294316,5.940160543072284,38.563223594336314,22.839155937036328,224.31944487008556,0.23048764125209686,crossed,1,gp_oracle,random,11,50,0.003215792999981204,8.0,,,,
63.604851301349186,95.06098391944789,1520.02558763504,502.24044258761245,,,no_null,0,gp,random,12,3,0.0009171199999400415,1.5,,,,
22.490842653831027,35.72906496069618,388.40479940530554,95.03096018439388,,,no_null,0,gp_oracle,random,12,3,0.0009171199999400415,30.0,,,,
52.57333359711189,42.425936676007694,398.9792857236968,80.61393857573654,221.52636256765493,2.5625946611785366,crossed,1,gp,random,12,4,0.0010040209999715444,8.0,,,,
15.293846179478171,22.92595558454504,574.2235722828286,122.15590919052343,224.59953111768309,0.5105738888496205,crossed,1,gp_oracle,random,12,4,0.0010040209999715444,30.0,,,,
8.794433109434024,19.370278821680287,383.50881636923526,91.91374900609053,,,no_null,0,gp,random,12,5,0.0009004280000226572,15.0,,,,
8.794433109434024,19.370278821680287,383.50881636923526,91.91374900609053,,,no_null,0,gp_oracle,random,12,5,0.0009004280000226572,15.0,,,,
8.516236657696624,18.75956595692723,387.17273388366334,92.20804215652217,,,no_null,0,gp,random,12,6,0.0010310090001439676,15.0,,,,
8.516236657696624,18.75956595692723,387.17273388366334,92.20804215652217,,,no_null,0,gp_oracle,random,12,6,0.0010310090001439676,15.0,,,,
37.958202011679475,29.628713744438993,225.74753391692664,64.57421072556106,222.58976770387503,1.4991895249584388,crossed,1,gp,random,12,7,0.0010038589998657699,15.0,,,,
22.462683509319085,26.027646515065307,286.21888262311984,66.37797748608808,223.61252381623524,0.4764334125982259,crossed,1,gp_oracle,random,12,7,0.0010038589998657699,30.0,,,,
21.66126825419061,21.617881381551914,468.034734709794,97.08716160975689,223.58569610000134,0.503261128832122,crossed,1,gp,random,12,8,0.0009946030004357453,15.0,,,,
9.62566545343353,20.62768140292776,616.6784619554322,131.9436959288581,225.63447513335345,1.5455179045199827,crossed,1,gp_oracle,random,12,8,0.0009946030004357453,30.0,,,,
5.848196681841733,16.419810500833144,393.97092784422153,92.41403752916526,,,no_null,0,gp,random,12,10,0.0010970499997711158,15.0,,,,
5.848196681841733,16.419810500833144,393.97092784422153,92.41403752916526,,,no_null,0,gp_oracle,random,12,10,0.0010970499997711158,15.0,,,,
4.935936942211181,15.231103078992565,437.1769447954687,107.62310031632296,224.36334727794312,0.27439004910965537,crossed,1,gp,random,12,12,0.0011350510003467207,15.0,,,,
4.935936942211181,15.231103078992565,437.1769447954687,107.62310031632296,224.36334727794312,0.27439004910965537,crossed,1,gp_oracle,random,12,12,0.0011350510003467207,15.0,,,,
3.9691762645463737,14.444279930640802,386.85503068130964,98.59559683979107,224.2374937087515,0.14853647991802177,crossed,1,gp,random,12,16,0.0012127689997214475,15.0,,,,
3.274910162030372,10.077688924331456,359.0654062819115,87.08218389697949,224.2374937087515,0.14853647991802177,crossed,1,gp_oracle,random,12,16,0.0012127689997214475,8.0,,,,
7.873363211765918,18.09722629635106,79.82793141638851,60.987993332476655,222.59445888675975,1.4944983420737117,crossed,1,gp,random,12,20,0.0013219939992268337,15.0,,,,
5.739653998001039,13.361675588452998,77.58669188415477,63.40194904423211,223.61508361117401,0.47387361765945,crossed,1,gp_oracle,random,12,20,0.0013219939992268337,8.0,,,,
1.8449521365469383,11.889430876032057,432.42638861822024,108.87879885451308,224.4365179577057,0.34756072887222444,crossed,1,gp,random,12,30,0.0019896189996870817,8.0,,,,
1.8449521365469383,11.889430876032057,432.42638861822024,108.87879885451308,224.4365179577057,0.34756072887222444,crossed,1,gp_oracle,random,12,30,0.0019896189996870817,8.0,,,,
3.8494282980976706,3.191374977771211,18.07662793050055,12.433087981992756,224.21700591841795,0.12804868958448878,crossed,1,gp,random,12,50,0.003228296999623126,4.0,,,,
1.8608653947294236,3.2017999596075417,36.22166276954839,23.60804158379069,224.2374937087515,0.14853647991802177,crossed,1,gp_oracle,random,12,50,0.003228296999623126,8.0,,,,
63.604851301349186,95.06098391944789,1520.02558763504,502.24044258761245,,,no_null,0,gp,random,13,3,0.0008636049997221562,1.5,,,,
22.490842653831027,35.72906496069618,388.40479940530554,95.03096018439388,,,no_null,0,gp_oracle,random,13,3,0.0008636049997221562,30.0,,,,
26.103404061165453,31.30033193173149,378.1735782751926,91.69845568154749,,,no_null,0,gp,random,13,4,0.000996071000372467,15.0,,,,
21.95469412431711,35.628662192094986,391.60446441368947,95.75433704287222,,,no_null,0,gp_oracle,random,13,4,0.000996071000372467,30.0,,,,
7.769622614928162,18.349301054697428,383.4050354297299,91.70348649610283,,,no_null,0,gp,random,13,5,0.0009138160003203666,15.0,,,,
7.769622614928162,18.349301054697428,383.4050354297299,91.70348649610283,,,no_null,0,gp_oracle,random,13,5,0.0009138160003203666,15.0,,,,
14.190005928463622,27.409182346876133,454.9777284946382,116.35927669387249,,,no_null,0,gp,random,13,6,0.0009800019997783238,30.0,,,,
11.969536275527526,20.98879856782677,435.9897384606418,108.46897723287312,230.87553777681242,6.786580547978957,at_or_beyond_end,0,gp_oracle,random,13,6,0.0009800019997783238,15.0,,,,
49.065588098437274,38.460757787938725,426.39171793282105,93.31627056507908,223.39749430507712,0.6914629237563474,crossed,1,gp,random,13,7,0.0011115999996036408,8.0,,,,
15.171944850697734,23.35506910650202,575.3476250168225,136.81042325040625,226.6379798094958,2.5490225806623243,at_or_beyond_end,0,gp_oracle,random,13,7,0.0011115999996036408,30.0,,,,
6.013295537646869,19.095103630867477,607.2178565561937,130.1454745168215,225.5728155728422,1.4838583440087234,crossed,1,gp,random,13,8,0.0011188730004505487,30.0,,,,
6.013295537646869,19.095103630867477,607.2178565561937,130.1454745168215,225.5728155728422,1.4838583440087234,crossed,1,gp_oracle,random,13,8,0.0011188730004505487,30.0,,,,
6.567242691230361,14.127505846488411,465.08691771651246,118.76277892838768,224.31944487008556,0.23048764125209686,crossed,1,gp,random,13,10,0.0011377600003470434,15.0,,,,
6.398823443914206,19.072370660938564,551.524406093836,146.4616662382795,,,no_null,0,gp_oracle,random,13,10,0.0011377600003470434,30.0,,,,
5.96606825913821,16.67036934964217,403.2278579241877,92.70114332094221,219.51944827766062,4.56950895117285,crossed,1,gp,random,13,12,0.0011380389996702434,15.0,,,,
5.96606825913821,16.67036934964217,403.2278579241877,92.70114332094221,219.51944827766062,4.56950895117285,crossed,1,gp_oracle,random,13,12,0.0011380389996702434,15.0,,,,
3.3412144632704925,13.303818139470206,482.04680400089137,100.00795948515051,223.56638014431292,0.5225770845205489,crossed,1,gp,random,13,16,0.001459400000385358,15.0,,,,
3.3412144632704925,13.303818139470206,482.04680400089137,100.00795948515051,223.56638014431292,0.5225770845205489,crossed,1,gp_oracle,random,13,16,0.001459400000385358,15.0,,,,
8.830632473487551,10.363391286148623,286.8164680979774,73.80767953741842,224.42188382175317,0.33292659291970494,crossed,1,gp,random,13,20,0.001520876999165921,8.0,,,,
3.6171093260578324,10.031875853563083,365.5332161078535,90.30207430338338,224.42188382175317,0.33292659291970494,crossed,1,gp_oracle,random,13,20,0.001520876999165921,15.0,,,,
2.373238594523032,5.889752379063588,45.84259924534153,33.27922017846017,224.2374937087515,0.14853647991802177,crossed,1,gp,random,13,30,0.0019785169997703633,8.0,,,,
2.373238594523032,5.889752379063588,45.84259924534153,33.27922017846017,224.2374937087515,0.14853647991802177,crossed,1,gp_oracle,random,13,30,0.0019785169997703633,8.0,,,,
3.4642026657889398,3.116093373654906,18.494497616843038,12.089923038246287,224.21700591841795,0.12804868958448878,crossed,1,gp,random,13,50,0.003406479999284784,4.0,,,,
1.8918669783134383,4.357517060780936,35.65443224685355,26.452152286620713,224.21700591841795,0.12804868958448878,crossed,1,gp_oracle,random,13,50,0.003406479999284784,8.0,,,,
63.604851301349186,95.06098391944789,1520.02558763504,502.24044258761245,,,no_null,0,gp,random,14,3,0.0009449970002606278,1.5,,,,
22.490842653831027,35.72906496069618,388.40479940530554,95.03096018439388,,,no_null,0,gp_oracle,random,14,3,0.0009449970002606278,30.0,,,,
17.884377601186618,27.234188129256083,379.23247587018255,91.74911503221928,,,no_null,0,gp,random,14,4,0.0009232259999407688,15.0,,,,
17.14114897801725,29.992081438815216,398.252358423045,96.36960057393676,,,no_null,0,gp_oracle,random,14,4,0.0009232259999407688,30.0,,,,
52.671021969456966,41.21057427113728,420.54462994230875,91.85371995056387,223.5039504705356,0.5850067582978511,crossed,1,gp,random,14,5,0.0010021709995271522,8.0,,,,
12.04787986660887,22.055892425983128,588.791610957051,138.7940516394006,229.22400853807775,5.1350513092442895,at_or_beyond_end,0,gp_oracle,random,14,5,0.0010021709995271522,30.0,,,,
7.377822499530195,17.694746275296055,385.3728143977174,91.9433862337607,,,no_null,0,gp,random,14,6,0.0009910259996104287,15.0,,,,
7.377822499530195,17.694746275296055,385.3728143977174,91.9433862337607,,,no_null,0,gp_oracle,random,14,6,0.0009910259996104287,15.0,,,,
12.426748592091387,19.659947181307274,62.33446415103039,44.27452981374129,,,no_null,0,gp,random,14,7,0.001080582000213326,30.0,,,,
12.426748592091387,19.659947181307274,62.33446415103039,44.27452981374129,,,no_null,0,gp_oracle,random,14,7,0.001080582000213326,30.0,,,,
3.177582697466004,12.458674397319141,495.84263403100266,102.11836329873867,223.50968934737975,0.5792678814537169,crossed,1,gp,random,14,8,0.0010736100002759486,15.0,,,,
3.177582697466004,12.458674397319141,495.84263403100266,102.11836329873867,223.50968934737975,0.5792678814537169,crossed,1,gp_oracle,random,14,8,0.0010736100002759486,15.0,,,,
11.298308015834415,17.215665262906978,444.8844460425614,94.19248760055041,222.5725911679643,1.51636606086916,crossed,1,gp,random,14,10,0.0011085160003858618,15.0,,,,
8.158299260980733,19.654442225106546,593.7333842579701,126.71941655798709,224.62974538387482,0.5407881550413549,crossed,1,gp_oracle,random,14,10,0.0011085160003858618,30.0,,,,
6.586674612183743,14.498370345665965,494.36450371143457,102.09938090664552,223.54960062725024,0.5393566015832221,crossed,1,gp,random,14,12,0.0011844410000776406,15.0,,,,
6.449614144840353,19.63936417009393,625.8632529022346,134.1602070988385,225.5728155728422,1.4838583440087234,crossed,1,gp_oracle,random,14,12,0.0011844410000776406,30.0,,,,
2.3311846250446036,12.725987965574523,513.7577735990541,106.09544669084252,223.52133841082454,0.5676188180089241,crossed,1,gp,random,14,16,0.0013460780000968953,15.0,,,,
2.1562820405270196,10.093715226569783,405.5443984779389,80.74221739227558,222.4852998307037,1.6036573981297693,crossed,1,gp_oracle,random,14,16,0.0013460780000968953,8.0,,,,
5.660709752789609,9.031679800166941,40.54675446415664,35.833916203359976,224.51353972587683,0.42458249704336026,crossed,1,gp,random,14,20,0.0015778910001245094,15.0,,,,
5.654953360782098,10.603817361817134,49.506492876924426,40.22522544346426,225.5379292425529,1.448972013719441,crossed,1,gp_oracle,random,14,20,0.0015778910001245094,30.0,,,,
2.2563730981868675,8.660050328132687,291.82033849688645,73.5991407986409,224.42188382175317,0.33292659291970494,crossed,1,gp,random,14,30,0.0020171129999653203,8.0,,,,
2.2563730981868675,8.660050328132687,291.82033849688645,73.5991407986409,224.42188382175317,0.33292659291970494,crossed,1,gp_oracle,random,14,30,0.0020171129999653203,8.0,,,,
2.7074472801730383,5.452441265681706,166.1462225169368,64.50377309016407,224.36334727794312,0.27439004910965537,crossed,1,gp,random,14,50,0.0032558399998379173,4.0,,,,
1.7751047447394845,7.839631417551468,273.24415994097495,110.93907937239511,224.36334727794312,0.27439004910965537,crossed,1,gp_oracle,random,14,50,0.0032558399998379173,8.0,,,,
63.604851301349186,95.06098391944789,1520.02558763504,502.24044258761245,,,no_null,0,gp,random,15,3,0.000866327000039746,1.5,,,,
22.490842653831027,35.72906496069618,388.40479940530554,95.03096018439388,,,no_null,0,gp_oracle,random,15,3,0.000866327000039746,30.0,,,,
63.2852343828883,96.45396515672616,1540.0267740907384,512.7784726465599,224.64724951542192,0.5582922865884541,crossed,1,gp,random,15,4,0.0008385089995499584,1.5,,,,
15.252873520146098,23.410889080193204,516.288959508739,110.59625872296017,222.59780958560742,1.4911476432260429,crossed,1,gp_oracle,random,15,4,0.0008385089995499584,30.0,,,,
37.09469125361627,31.131504350696776,409.92312225897984,79.71251316070519,259.81454162291084,35.72558439407737,at_or_beyond_end,0,gp,random,15,5,0.0010117100000570645,8.0,,,,
19.564461706743046,33.331336111426815,396.6542666903915,96.45194547772165,,,no_null,0,gp_oracle,random,15,5,0.0010117100000570645,30.0,,,,
6.9425672682723185,18.84108929076545,530.3482704460016,127.30713968226111,226.33895563153268,2.2499984026992195,at_or_beyond_end,0,gp,random,15,6,0.0009558000001561595,30.0,,,,
6.9425672682723185,18.84108929076545,530.3482704460016,127.30713968226111,226.33895563153268,2.2499984026992195,at_or_beyond_end,0,gp_oracle,random,15,6,0.0009558000001561595,30.0,,,,
10.127405899403023,19.44233390738897,394.55741347699427,92.81786955106077,259.81454162291084,35.72558439407737,at_or_beyond_end,0,gp,random,15,7,0.0009903769996526535,15.0,,,,
10.127405899403023,19.44233390738897,394.55741347699427,92.81786955106077,259.81454162291084,35.72558439407737,at_or_beyond_end,0,gp_oracle,random,15,7,0.0009903769996526535,15.0,,,,
6.9112124897684835,18.199139062538165,599.1959423204169,144.3309688038782,233.64863263003633,9.559675401202867,at_or_beyond_end,0,gp,random,15,8,0.0010537510006543016,30.0,,,,
6.9112124897684835,18.199139062538165,599.1959423204169,144.3309688038782,233.64863263003633,9.559675401202867,at_or_beyond_end,0,gp_oracle,random,15,8,0.0010537510006543016,30.0,,,,
6.2736340675946085,16.728637973683274,392.4403992545163,92.48163157599681,,,no_null,0,gp,random,15,10,0.0011382719994799118,15.0,,,,
6.2736340675946085,16.728637973683274,392.4403992545163,92.48163157599681,,,no_null,0,gp_oracle,random,15,10,0.0011382719994799118,15.0,,,,
3.2786071684278983,13.01628580518496,506.6972496952917,104.43127586344913,224.55258179457047,0.46362456573700683,crossed,1,gp,random,15,12,0.0011707350004144246,15.0,,,,
3.2786071684278983,13.01628580518496,506.6972496952917,104.43127586344913,224.55258179457047,0.46362456573700683,crossed,1,gp_oracle,random,15,12,0.0011707350004144246,15.0,,,,
23.632809823027067,19.06123613472294,372.86743587920347,96.72408385480541,224.36334727794312,0.27439004910965537,crossed,1,gp,random,15,16,0.0012958990000697668,8.0,,,,
5.028262451132318,16.220257428885752,484.66086328182143,125.531293689407,226.47066285510533,2.3817056262718665,at_or_beyond_end,0,gp_oracle,random,15,16,0.0012958990000697668,30.0,,,,
2.6898809112836526,10.160870891610761,368.01935319309854,103.87867940262134,224.36334727794312,0.27439004910965537,crossed,1,gp,random,15,20,0.0014111029995547142,8.0,,,,
2.6898809112836526,10.160870891610761,368.01935319309854,103.87867940262134,224.36334727794312,0.27439004910965537,crossed,1,gp_oracle,random,15,20,0.0014111029995547142,8.0,,,,
2.520191288819795,8.789776470485045,299.32978759599564,70.57766489606605,224.37798141389564,0.28902418506217487,crossed,1,gp,random,15,30,0.0019134540007144096,8.0,,,,
2.488337865545592,10.667736805237706,370.33796003183375,95.84989457333407,225.42135575559118,1.3323985267577143,crossed,1,gp_oracle,random,15,30,0.0019134540007144096,15.0,,,,
1.8434244908089423,2.9088746638570067,31.32898079864906,23.763661348947902,224.21700591841795,0.12804868958448878,crossed,1,gp,random,15,50,0.0031134810005823965,4.0,,,,
1.8434244908089423,2.9088746638570067,31.32898079864906,23.763661348947902,224.21700591841795,0.12804868958448878,crossed,1,gp_oracle,random,15,50,0.0031134810005823965,4.0,,,,
63.604851301349186,95.06098391944789,1520.02558763504,502.24044258761245,,,no_null,0,gp,random,16,3,0.0009120939994318178,1.5,,,,
22.490842653831027,35.72906496069618,388.40479940530554,95.03096018439388,,,no_null,0,gp_oracle,random,16,3,0.0009120939994318178,30.0,,,,
10.296994949007855,21.57028940441711,381.29634057061605,91.7574471628738,,,no_null,0,gp,random,16,4,0.0008824229998936062,15.0,,,,
10.296994949007855,21.57028940441711,381.29634057061605,91.7574471628738,,,no_null,0,gp_oracle,random,16,4,0.0008824229998936062,15.0,,,,
37.90846438411565,34.95426641263361,433.02164225729933,107.79496494452607,,,no_null,0,gp,random,16,5,0.001027640999382129,15.0,,,,
10.689985716898693,22.754928903594976,457.37885097061894,114.38098566271879,,,no_null,0,gp_oracle,random,16,5,0.001027640999382129,30.0,,,,
7.4378863125669605,17.938147208480366,387.43088832638495,92.19507086144623,,,no_null,0,gp,random,16,6,0.0010255470006086398,15.0,,,,
7.4378863125669605,17.938147208480366,387.43088832638495,92.19507086144623,,,no_null,0,gp_oracle,random,16,6,0.0010255470006086398,15.0,,,,
53.027378868204885,37.411073858717714,431.6062111090594,95.38495256836198,224.45962448815703,0.37066725932356803,crossed,1,gp,random,16,7,0.0009993449993999093,8.0,,,,
11.89675808796125,22.115931559716643,607.7664337735124,145.82992906359775,231.4901714868179,7.401214257984435,at_or_beyond_end,0,gp_oracle,random,16,7,0.0009993449993999093,30.0,,,,
6.9781986907200055,16.9542222895622,391.43848171768855,92.57192291231824,,,no_null,0,gp,random,16,8,0.0011034649996872758,15.0,,,,
6.9781986907200055,16.9542222895622,391.43848171768855,92.57192291231824,,,no_null,0,gp_oracle,random,16,8,0.0011034649996872758,15.0,,,,
8.565119346075932,16.849060366293624,483.82486178019,99.20176457339781,223.50968934737975,0.5792678814537169,crossed,1,gp,random,16,10,0.0011736890000975109,15.0,,,,
5.051209614162109,18.711408596815218,609.775842060931,131.03632607160557,225.55846838073188,1.4695111518984163,crossed,1,gp_oracle,random,16,10,0.0011736890000975109,30.0,,,,
2.763711051804995,12.392920791453557,472.3403131881474,98.60485171116838,222.53912653765548,1.5498306911779878,crossed,1,gp,random,16,12,0.0012068040005033254,15.0,,,,
2.763711051804995,12.392920791453557,472.3403131881474,98.60485171116838,222.53912653765548,1.5498306911779878,crossed,1,gp_oracle,random,16,12,0.0012068040005033254,15.0,,,,
2.955920664015029,11.808746952383611,416.6616865659418,95.0373890261953,224.2374937087515,0.14853647991802177,crossed,1,gp,random,16,16,0.0013483439997798996,15.0,,,,
2.955920664015029,11.808746952383611,416.6616865659418,95.0373890261953,224.2374937087515,0.14853647991802177,crossed,1,gp_oracle,random,16,16,0.0013483439997798996,15.0,,,,
2.412069174373907,10.79580974457141,433.5838345582764,127.19331196945977,224.4365179577057,0.34756072887222444,crossed,1,gp,random,16,20,0.0014597780000258354,8.0,,,,
2.412069174373907,10.79580974457141,433.5838345582764,127.19331196945977,224.4365179577057,0.34756072887222444,crossed,1,gp_oracle,random,16,20,0.0014597780000258354,8.0,,,,
2.3944361607684237,6.396827922052243,253.699336223431,56.630649785023564,224.45962448815703,0.37066725932356803,crossed,1,gp,random,16,30,0.002008085999477771,8.0,,,,
2.3944361607684237,6.396827922052243,253.699336223431,56.630649785023564,224.45962448815703,0.37066725932356803,crossed,1,gp_oracle,random,16,30,0.002008085999477771,8.0,,,,
1.8407243412800927,13.343051559444795,381.63022541138486,156.84193023642115,224.36334727794312,0.27439004910965537,crossed,1,gp,random,16,50,0.0037259269993228372,8.0,,,,
1.8407243412800927,13.343051559444795,381.63022541138486,156.84193023642115,224.36334727794312,0.27439004910965537,crossed,1,gp_oracle,random,16,50,0.0037259269993228372,8.0,,,,
63.604851301349186,95.06098391944789,1520.02558763504,502.24044258761245,,,no_null,0,gp,random,17,3,0.0008428900000581052,1.5,,,,
22.490842653831027,35.72906496069618,388.40479940530554,95.03096018439388,,,no_null,0,gp_oracle,random,17,3,0.0008428900000581052,30.0,,,,
21.062850921837477,29.273529452627873,378.7089478091413,91.74415800767613,,,no_null,0,gp,random,17,4,0.0007650879997527227,15.0,,,,
18.571718520363188,31.835625201350787,395.7503527401548,96.1494014857605,,,no_null,0,gp_oracle,random,17,4,0.0007650879997527227,30.0,,,,
23.367819275608362,21.82427703468034,493.2763299376316,114.209802407849,224.42188382175317,0.33292659291970494,crossed,1,gp,random,17,5,0.001009022999824083,15.0,,,,
11.517466483893173,23.51395216599155,550.2704798039082,132.6243078745604,,,no_null,0,gp_oracle,random,17,5,0.001009022999824083,30.0,,,,
12.634605413039047,17.63951954712223,442.9518366677259,93.5865815684084,222.56660058599545,1.5223566428380195,crossed,1,gp,random,17,6,0.0009341660006612074,15.0,,,,
10.685159035695683,20.93599220994639,578.7738200318532,122.98012409020454,223.5877380724598,0.5012191563736508,crossed,1,gp_oracle,random,17,6,0.0009341660006612074,30.0,,,,
8.70735586806134,18.014542100727084,399.54593920485235,92.08251335855597,219.52530193204163,4.563655296791836,crossed,1,gp,random,17,7,0.0011675929999910295,15.0,,,,
7.563485613623036,19.371424877809748,503.9422070599257,109.16915105817662,222.5984704820698,1.4904867467636507,crossed,1,gp_oracle,random,17,7,0.0011675929999910295,30.0,,,,
6.120590907903602,16.42311516879286,391.5007458609683,92.30047315858276,,,no_null,0,gp,random,17,8,0.0011618569997153827,15.0,,,,
6.120590907903602,16.42311516879286,391.5007458609683,92.30047315858276,,,no_null,0,gp_oracle,random,17,8,0.0011618569997153827,15.0,,,,
54.148469175638695,37.40500149510557,75.52271687744533,50.89466428092213,223.50968934737975,0.5792678814537169,crossed,1,gp,random,17,10,0.0011285789996691165,8.0,,,,
15.097965459859774,18.127481449824877,64.35439522635212,37.97468934460502,225.55846838073188,1.4695111518984163,crossed,1,gp_oracle,random,17,10,0.0011285789996691165,30.0,,,,
34.15442628997072,23.77480088856677,400.4251936334992,91.57067630690814,224.36334727794312,0.27439004910965537,crossed,1,gp,random,17,12,0.001056559000062407,8.0,,,,
6.003019184693175,17.5717924297868,527.5711535575446,123.52662990458595,226.96839564379613,2.8794384149626637,at_or_beyond_end,0,gp_oracle,random,17,12,0.001056559000062407,30.0,,,,
2.7104740050411724,12.951866402041132,516.7774453740133,119.4879242334036,224.48529841088074,0.39634118204727997,crossed,1,gp,random,17,16,0.0012415299997883267,15.0,,,,
2.7104740050411724,12.951866402041132,516.7774453740133,119.4879242334036,224.48529841088074,0.39634118204727997,crossed,1,gp_oracle,random,17,16,0.0012415299997883267,15.0,,,,
4.882113825451707,15.08431412825056,516.5435758832162,135.36499615874243,224.42937935480202,0.3404221259685585,crossed,1,gp,random,17,20,0.001248832999408478,15.0,,,,
4.882113825451707,15.08431412825056,516.5435758832162,135.36499615874243,224.42937935480202,0.3404221259685585,crossed,1,gp_oracle,random,17,20,0.001248832999408478,15.0,,,,
4.135134359067215,8.089554065693617,43.77771542239926,32.896847842088626,223.42543220098648,0.6635250278469869,crossed,1,gp,random,17,30,0.0021077080000395654,8.0,,,,
4.135134359067215,8.089554065693617,43.77771542239926,32.896847842088626,223.42543220098648,0.6635250278469869,crossed,1,gp_oracle,random,17,30,0.0021077080000395654,8.0,,,,
1.8302375506777684,8.48262395651076,252.1858465768205,56.25729356406174,224.4665366981211,0.37757946928763886,crossed,1,gp,random,17,50,0.003593553999962751,8.0,,,,
1.710626139894995,5.610410506852906,131.39762454847113,36.21028547183015,223.54960062725024,0.5393566015832221,crossed,1,gp_oracle,random,17,50,0.003593553999962751,4.0,,,,
63.604851301349186,95.06098391944789,1520.02558763504,502.24044258761245,,,no_null,0,gp,random,18,3,0.0007520509998357738,1.5,,,,
22.490842653831027,35.72906496069618,388.40479940530554,95.03096018439388,,,no_null,0,gp_oracle,random,18,3,0.0007520509998357738,30.0,,,,
16.848807783482318,29.724620767649274,398.826659265235,96.4447881953148,,,no_null,0,gp,random,18,4,0.0008356030002687476,30.0,,,,
11.295056585131425,22.482429916212464,380.1883922971706,91.74140542102714,,,no_null,0,gp_oracle,random,18,4,0.0008356030002687476,15.0,,,,
12.77266162526578,22.281874714264642,383.5698051176591,91.91219704708618,,,no_null,0,gp,random,18,5,0.0009012450000227545,15.0,,,,
12.77266162526578,22.281874714264642,383.5698051176591,91.91219704708618,,,no_null,0,gp_oracle,random,18,5,0.0009012450000227545,15.0,,,,
6.058585586897115,18.06442211403647,609.576627733046,130.9344351003071,225.54871229009686,1.4597550612633938,crossed,1,gp,random,18,6,0.0010128550002264092,30.0,,,,
6.058585586897115,18.06442211403647,609.576627733046,130.9344351003071,225.54871229009686,1.4597550612633938,crossed,1,gp_oracle,random,18,6,0.0010128550002264092,30.0,,,,
6.693788080073112,16.95046249450941,390.1811105676985,92.41755658392144,,,no_null,0,gp,random,18,7,0.0010130949995073024,15.0,,,,
6.693788080073112,16.95046249450941,390.1811105676985,92.41755658392144,,,no_null,0,gp_oracle,random,18,7,0.0010130949995073024,15.0,,,,
4.460457783699902,12.668223905483755,497.2383274687897,114.47173106438639,224.42188382175317,0.33292659291970494,crossed,1,gp,random,18,8,0.001116832000661816,15.0,,,,
4.460457783699902,12.668223905483755,497.2383274687897,114.47173106438639,224.42188382175317,0.33292659291970494,crossed,1,gp_oracle,random,18,8,0.001116832000661816,15.0,,,,
6.63340381441058,17.17298643065858,391.4137304510285,92.54910236168101,,,no_null,0,gp,random,18,10,0.0010846039995158208,15.0,,,,
6.63340381441058,17.17298643065858,391.4137304510285,92.54910236168101,,,no_null,0,gp_oracle,random,18,10,0.0010846039995158208,15.0,,,,
3.083618522936321,12.821532382475228,504.56666343574597,116.2629211166909,224.44982171766253,0.3608644888290655,crossed,1,gp,random,18,12,0.0013459330002660863,15.0,,,,
3.083618522936321,12.821532382475228,504.56666343574597,116.2629211166909,224.44982171766253,0.3608644888290655,crossed,1,gp_oracle,random,18,12,0.0013459330002660863,15.0,,,,
3.2270241673451774,7.1546994478832335,44.29599689752535,36.13983610109104,224.42188382175317,0.33292659291970494,crossed,1,gp,random,18,16,0.0012456300000849296,15.0,,,,
3.2270241673451774,7.1546994478832335,44.29599689752535,36.13983610109104,224.42188382175317,0.33292659291970494,crossed,1,gp_oracle,random,18,16,0.0012456300000849296,15.0,,,,
2.5438109982360517,7.188204417912463,203.52290657662496,52.145753022238075,223.53687845242814,0.5520787764053239,crossed,1,gp,random,18,20,0.0012512610001067515,8.0,,,,
2.5438109982360517,7.188204417912463,203.52290657662496,52.145753022238075,223.53687845242814,0.5520787764053239,crossed,1,gp_oracle,random,18,20,0.0012512610001067515,8.0,,,,
2.4654765406526895,8.611068569866626,178.5775647878006,64.95964605655857,224.16009538971375,0.07113816088028102,crossed,1,gp,random,18,30,0.0021658300001945463,8.0,,,,
2.4654765406526895,8.611068569866626,178.5775647878006,64.95964605655857,224.16009538971375,0.07113816088028102,crossed,1,gp_oracle,random,18,30,0.0021658300001945463,8.0,,,,
2.3246487280777006,5.328057303134424,160.56910557747665,41.80757187084773,224.36334727794312,0.27439004910965537,crossed,1,gp,random,18,50,0.0033510610001030727,4.0,,,,
1.7172859924376074,7.82955057853296,269.11157065730976,67.38079772607873,224.36334727794312,0.27439004910965537,crossed,1,gp_oracle,random,18,50,0.0033510610001030727,8.0,,,,
63.604851301349186,95.06098391944789,1520.02558763504,502.24044258761245,,,no_null,0,gp,random,19,3,0.0010819829994943575,1.5,,,,
22.490842653831027,35.72906496069618,388.40479940530554,95.03096018439388,,,no_null,0,gp_oracle,random,19,3,0.0010819829994943575,30.0,,,,
16.848807783482318,29.724620767649274,398.826659265235,96.4447881953148,,,no_null,0,gp,random,19,4,0.0009017499996843981,30.0,,,,
11.295056585131425,22.482429916212464,380.1883922971706,91.74140542102714,,,no_null,0,gp_oracle,random,19,4,0.0009017499996843981,15.0,,,,
9.217587867402933,20.11397380267772,384.6506851161944,92.03367982945818,,,no_null,0,gp,random,19,5,0.0009934299996530171,15.0,,,,
9.217587867402933,20.11397380267772,384.6506851161944,92.03367982945818,,,no_null,0,gp_oracle,random,19,5,0.0009934299996530171,15.0,,,,
16.323353171027673,29.653489899432707,404.7525940990023,97.3808253484134,,,no_null,0,gp,random,19,6,0.0008693849995324854,30.0,,,,
10.058428310361439,20.63732314567593,386.80841247025415,92.19919994895263,,,no_null,0,gp_oracle,random,19,6,0.0008693849995324854,15.0,,,,
21.245145302472345,34.11544562662468,271.06221608957105,87.12730145839541,221.04139841672222,3.047558812111248,crossed,1,gp,random,19,7,0.0010000689999287715,30.0,,,,
15.252116207638617,28.47519537890877,255.03856320928014,90.04991102498178,,,no_null,0,gp_oracle,random,19,7,0.0010000689999287715,15.0,,,,
11.802542741373511,22.734106946560043,555.3482965911261,132.5516614677222,229.6970365629371,5.608079334103621,at_or_beyond_end,0,gp,random,19,8,0.0009349439997095033,30.0,,,,
11.802542741373511,22.734106946560043,555.3482965911261,132.5516614677222,229.6970365629371,5.608079334103621,at_or_beyond_end,0,gp_oracle,random,19,8,0.0009349439997095033,30.0,,,,
10.488184792408402,17.686661202807265,504.2789473409057,132.08573800015347,224.44982171766253,0.3608644888290655,crossed,1,gp,random,19,10,0.001208871999551775,15.0,,,,
4.899962343220812,17.95024875961399,638.0578474499235,175.03097826708213,236.60453099970437,12.515573770870901,at_or_beyond_end,0,gp_oracle,random,19,10,0.001208871999551775,30.0,,,,
3.076779808936906,12.291514664894729,468.6449637254796,97.8389517166311,223.58429474635335,0.5046624824801142,crossed,1,gp,random,19,12,0.001214820000313921,15.0,,,,
3.076779808936906,12.291514664894729,468.6449637254796,97.8389517166311,223.58429474635335,0.5046624824801142,crossed,1,gp_oracle,random,19,12,0.001214820000313921,15.0,,,,
5.740813264877686,12.144808833499196,414.93311617784497,81.78877571060764,223.52819227789442,0.5607649509390455,crossed,1,gp,random,19,16,0.001368764000289957,8.0,,,,
2.536821779539499,12.998638017920591,521.9293241124553,107.99992238832434,224.55258179457047,0.46362456573700683,crossed,1,gp_oracle,random,19,16,0.001368764000289957,15.0,,,,
9.423852197446703,16.437105572686647,290.27144890404116,69.15929206159514,224.31944487008556,0.23048764125209686,crossed,1,gp,random,19,20,0.0015361449995907606,8.0,,,,
7.082040288186026,16.284240376535905,329.5938645517385,93.26664678064282,,,no_null,0,gp_oracle,random,19,20,0.0015361449995907606,15.0,,,,
2.2077167511616596,5.945934651351991,222.32552235424015,53.505636314920324,224.36334727794312,0.27439004910965537,crossed,1,gp,random,19,30,0.002189560000260826,8.0,,,,
2.2077167511616596,5.945934651351991,222.32552235424015,53.505636314920324,224.36334727794312,0.27439004910965537,crossed,1,gp_oracle,random,19,30,0.002189560000260826,8.0,,,,
2.089998894089617,7.623587054860077,225.34450356113308,57.62072014194679,224.36334727794312,0.27439004910965537,crossed,1,gp,random,19,50,0.0034473189998607268,8.0,,,,
2.089998894089617,7.623587054860077,225.34450356113308,57.62072014194679,224.36334727794312,0.27439004910965537,crossed,1,gp_oracle,random,19,50,0.0034473189998607268,8.0,,,,
63.604851301349186,95.06098391944789,1520.02558763504,502.24044258761245,,,no_null,0,gp,random,20,3,0.000905287000023236,1.5,,,,
22.490842653831027,35.72906496069618,388.40479940530554,95.03096018439388,,,no_null,0,gp_oracle,random,20,3,0.000905287000023236,30.0,,,,
23.897823006600238,29.443004633841046,381.9376984279334,91.80555621990595,,,no_null,0,gp,random,20,4,0.0008844920002957224,15.0,,,,
20.969395823286554,35.47786473066111,504.48104862748596,112.36250601444384,263.39990493127664,39.31094770244317,at_or_beyond_end,0,gp_oracle,random,20,4,0.0008844920002957224,60.0,,,,
40.84288684084975,32.742178784926004,405.0218307774081,79.94983771493422,259.81454162291084,35.72558439407737,at_or_beyond_end,0,gp,random,20,5,0.0009741610001583467,8.0,,,,
13.835286514708187,23.430921629447337,473.6451868213978,103.57408336933914,260.24137058819247,36.152413359359,at_or_beyond_end,0,gp_oracle,random,20,5,0.0009741610001583467,30.0,,,,
10.527466850398014,16.86424015653737,457.9256274606392,95.42780173768155,222.5599052296773,1.5290519991561666,crossed,1,gp,random,20,6,0.0011870770003952202,15.0,,,,
6.3440661232043585,18.362455350917593,585.1372253540871,124.9080749283185,224.58790557100758,0.498948342174117,crossed,1,gp_oracle,random,20,6,0.0011870770003952202,30.0,,,,
11.436680638264498,18.818721065564723,462.5958316454895,95.9585869791341,222.54199062763686,1.5469666011966012,crossed,1,gp,random,20,7,0.0009942420001607388,15.0,,,,
5.5234460726571415,18.010089557867325,595.6661986055656,127.49163625487188,224.59076966098897,0.5018124321555035,crossed,1,gp_oracle,random,20,7,0.0009942420001607388,30.0,,,,
45.08035639132824,32.77739885852353,410.6337794156448,81.88699720316414,223.54960062725024,0.5393566015832221,crossed,1,gp,random,20,8,0.0010708979998526047,8.0,,,,
8.745701340006983,20.756363025992773,641.0023836802401,138.13281617816503,261.9486864493197,37.85972922048626,at_or_beyond_end,0,gp_oracle,random,20,8,0.0010708979998526047,30.0,,,,
3.235685584341449,12.279381502517014,500.77260833032796,115.84937455837358,224.3969662389151,0.3080090100816335,crossed,1,gp,random,20,10,0.0011312400001770584,15.0,,,,
3.235685584341449,12.279381502517014,500.77260833032796,115.84937455837358,224.3969662389151,0.3080090100816335,crossed,1,gp_oracle,random,20,10,0.0011312400001770584,15.0,,,,
3.076578342462633,12.792179466704148,511.45484269307053,117.43123635864931,224.52833998721167,0.4393827583782013,crossed,1,gp,random,20,12,0.0012063039994245628,15.0,,,,
3.076578342462633,12.792179466704148,511.45484269307053,117.43123635864931,224.52833998721167,0.4393827583782013,crossed,1,gp_oracle,random,20,12,0.0012063039994245628,15.0,,,,
5.553691185405786,9.367855987921882,44.55790632836699,35.2990759469482,223.50968934737975,0.5792678814537169,crossed,1,gp,random,20,16,0.0012782129997503944,15.0,,,,
5.553691185405786,9.367855987921882,44.55790632836699,35.2990759469482,223.50968934737975,0.5792678814537169,crossed,1,gp_oracle,random,20,16,0.0012782129997503944,15.0,,,,
3.7508276729877026,7.761033877032136,274.2639427091138,67.48283272130007,224.45962448815703,0.37066725932356803,crossed,1,gp,random,20,20,0.0014895679996698163,15.0,,,,
3.7508276729877026,7.761033877032136,274.2639427091138,67.48283272130007,224.45962448815703,0.37066725932356803,crossed,1,gp_oracle,random,20,20,0.0014895679996698163,15.0,,,,
3.855825490410681,10.916067370903729,71.82451063504051,56.512799551408364,223.52403653949006,0.5649206893434098,crossed,1,gp,random,20,30,0.0019555620001483476,8.0,,,,
2.974021091023644,5.497573821119821,51.990455656355216,34.27096948697174,222.8852995467391,1.2036576820943594,crossed,1,gp_oracle,random,20,30,0.0019555620001483476,4.0,,,,
1.951858405465447,2.35438256357008,19.994052394814837,11.905093681540428,224.2374937087515,0.14853647991802177,crossed,1,gp,random,20,50,0.0037436450002132915,4.0,,,,
1.6948058263774763,4.207553791224114,37.28669567059889,25.76667214759062,224.2374937087515,0.14853647991802177,crossed,1,gp_oracle,random,20,50,0.0037436450002132915,8.0,,,,
63.604851301349186,95.06098391944789,1520.02558763504,502.24044258761245,,,no_null,0,gp,random,21,3,0.0008589859999119653,1.5,,,,
22.490842653831027,35.72906496069618,388.40479940530554,95.03096018439388,,,no_null,0,gp_oracle,random,21,3,0.0008589859999119653,30.0,,,,
62.10029333317987,96.98739045449491,1578.0955669588686,531.2593551220274,224.65998516887248,0.5710279400390164,crossed,1,gp,random,21,4,0.0009771479999471921,1.5,,,,
14.584772236588325,23.152849333066897,495.6004226224735,107.0237630254666,222.61120613552038,1.4777510933130884,crossed,1,gp_oracle,random,21,4,0.0009771479999471921,30.0,,,,
51.24790467310333,59.43328281943128,520.4584611707013,199.8732244068386,222.61120613552038,1.4777510933130884,crossed,1,gp,random,21,5,0.001055611000083445,4.0,,,,
15.283200018216316,23.787255981396285,492.02147258120215,106.60247691639435,222.61120613552038,1.4777510933130884,crossed,1,gp_oracle,random,21,5,0.001055611000083445,30.0,,,,
39.43271164706879,31.714555701760677,408.1861790597835,79.63705394582588,,,no_null,0,gp,random,21,6,0.0009671799998614006,8.0,,,,
12.0751282789984,24.203371092585954,441.49169287814374,100.3877925590873,,,no_null,0,gp_oracle,random,21,6,0.0009671799998614006,30.0,,,,
7.557183678904699,18.204854259759646,387.10131933289824,92.15368551270696,,,no_null,0,gp,random,21,7,0.0011731630002032034,15.0,,,,
7.557183678904699,18.204854259759646,387.10131933289824,92.15368551270696,,,no_null,0,gp_oracle,random,21,7,0.0011731630002032034,15.0,,,,
5.674756686614496,19.009099234876675,580.4789710185754,137.6522278582132,,,no_null,0,gp,random,21,8,0.001150731000052474,30.0,,,,
4.943859340020673,13.531188126086317,503.0040131757647,115.61370964487156,224.4560301389757,0.36707291014224097,crossed,1,gp_oracle,random,21,8,0.001150731000052474,15.0,,,,
7.669645225619302,10.491970398322469,281.6883137508367,70.89587837591331,224.36334727794312,0.27439004910965537,crossed,1,gp,random,21,10,0.0010819150002134847,15.0,,,,
7.669645225619302,10.491970398322469,281.6883137508367,70.89587837591331,224.36334727794312,0.27439004910965537,crossed,1,gp_oracle,random,21,10,0.0010819150002134847,15.0,,,,
4.9725999192042325,13.730523693128927,326.4910031077003,91.1249128055544,224.31944487008556,0.23048764125209686,crossed,1,gp,random,21,12,0.0013190260006012977,15.0,,,,
4.9725999192042325,13.730523693128927,326.4910031077003,91.1249128055544,224.31944487008556,0.23048764125209686,crossed,1,gp_oracle,random,21,12,0.0013190260006012977,15.0,,,,
2.902500822318016,13.053051629124083,481.28441847333477,99.62474578478948,223.56638014431292,0.5225770845205489,crossed,1,gp,random,21,16,0.001144877999649907,15.0,,,,
2.900835110177618,10.287060805765423,402.05184703103686,81.21151111312813,222.53195939461025,1.5569978342232105,crossed,1,gp_oracle,random,21,16,0.001144877999649907,8.0,,,,
4.017378910595652,15.470449579833002,513.407171222016,117.81977240732844,223.48130799280517,0.6076492360282941,crossed,1,gp,random,21,20,0.0014505449998978293,15.0,,,,
2.2793810610114895,10.715617489980168,431.5575856362146,95.05216657566537,223.47287391102122,0.6160833178122402,crossed,1,gp_oracle,random,21,20,0.0014505449998978293,8.0,,,,
2.2719404826015466,15.431332209783296,536.1118986089164,141.7744711145806,224.50569750948122,0.41674028064775825,crossed,1,gp,random,21,30,0.0020906670006297645,15.0,,,,
2.2719404826015466,15.431332209783296,536.1118986089164,141.7744711145806,224.50569750948122,0.41674028064775825,crossed,1,gp_oracle,random,21,30,0.0020906670006297645,15.0,,,,
2.343969618270575,5.853244759831154,180.05155274110183,69.44226933377644,224.2838139303751,0.1948567015416245,crossed,1,gp,random,21,50,0.0036563959993145545,4.0,,,,
1.925724114491636,8.496523103046215,269.3019210234757,108.3144051672713,224.36334727794312,0.27439004910965537,crossed,1,gp_oracle,random,21,50,0.0036563959993145545,8.0,,,,
63.604851301349186,95.06098391944789,1520.02558763504,502.24044258761245,,,no_null,0,gp,random,22,3,0.001115881000259833,1.5,,,,
22.490842653831027,35.72906496069618,388.40479940530554,95.03096018439388,,,no_null,0,gp_oracle,random,22,3,0.001115881000259833,30.0,,,,
46.859352292552586,34.869982842591526,398.3353011665493,80.32329482071661,259.81454162291084,35.72558439407737,at_or_beyond_end,0,gp,random,22,4,0.0009696970000732108,8.0,,,,
12.538888019796788,22.75258626468844,464.80696952689976,102.21753218834901,,,no_null,0,gp_oracle,random,22,4,0.0009696970000732108,30.0,,,,
6.82399396540497,17.12800574157429,395.4156737716718,91.58627271139967,219.5380375854922,4.550919643341274,crossed,1,gp,random,22,5,0.0009725170002639061,15.0,,,,
6.82399396540497,17.12800574157429,395.4156737716718,91.58627271139967,219.5380375854922,4.550919643341274,crossed,1,gp_oracle,random,22,5,0.0009725170002639061,15.0,,,,
8.253197557551207,20.949555387332175,550.829819010544,132.38717908225456,,,no_null,0,gp,random,22,6,0.0010478510002940311,30.0,,,,
8.253197557551207,20.949555387332175,550.829819010544,132.38717908225456,,,no_null,0,gp_oracle,random,22,6,0.0010478510002940311,30.0,,,,
47.84882147976062,33.29114488292081,399.5844557864977,80.83359633077792,222.5599052296773,1.5290519991561666,crossed,1,gp,random,22,7,0.0010060290005640127,8.0,,,,
13.35879088575562,22.58603161146513,601.8006111688462,128.42326483330334,225.63307377970548,1.544116550872019,crossed,1,gp_oracle,random,22,7,0.0010060290005640127,30.0,,,,
18.51728741234567,23.919307187222593,286.4089294181116,74.53655623183188,223.5651216805332,0.5238355483002692,crossed,1,gp,random,22,8,0.0011799170006270288,15.0,,,,
10.037349638488505,17.76949707330668,364.74866880289596,81.29905514178704,224.58951119720925,0.5005539683757831,crossed,1,gp_oracle,random,22,8,0.0011799170006270288,30.0,,,,
25.953532943720443,31.467156114289203,148.24479247702405,36.299445028071204,223.50968934737975,0.5792678814537169,crossed,1,gp,random,22,10,0.0010836369992830441,15.0,,,,
6.763661784104449,12.90997554946111,63.40816724229542,42.79995241188884,224.5340788640558,0.4451216352223355,crossed,1,gp_oracle,random,22,10,0.0010836369992830441,30.0,,,,
6.601901889057374,14.275772118515247,510.546743912325,133.84861017261832,224.44982171766253,0.3608644888290655,crossed,1,gp,random,22,12,0.0011996129996987293,15.0,,,,
5.7639614461900015,20.109552005161035,609.4807648116208,164.66132719302266,,,no_null,0,gp_oracle,random,22,12,0.0011996129996987293,30.0,,,,
3.8499864643234694,14.14920648824181,504.8500033635913,116.48594390363382,224.42188382175317,0.33292659291970494,crossed,1,gp,random,22,16,0.0012744830000883667,15.0,,,,
3.4008200200077843,10.974695959436808,435.10871674361437,96.4199762746233,224.42188382175317,0.33292659291970494,crossed,1,gp_oracle,random,22,16,0.0012744830000883667,8.0,,,,
2.21203927296682,7.812878834270701,287.4632660730028,66.8369620313721,224.42188382175317,0.33292659291970494,crossed,1,gp,random,22,20,0.0015268159995684982,8.0,,,,
2.21203927296682,7.812878834270701,287.4632660730028,66.8369620313721,224.42188382175317,0.33292659291970494,crossed,1,gp_oracle,random,22,20,0.0015268159995684982,8.0,,,,
4.602710381523587,12.886589534840725,435.67240860279935,128.13477417560264,224.45962448815703,0.37066725932356803,crossed,1,gp,random,22,30,0.0018873880007959087,8.0,,,,
2.2660257917098487,15.143199443742924,531.7433490785461,163.59253011853002,225.50968792755683,1.4207306987233608,crossed,1,gp_oracle,random,22,30,0.0018873880007959087,15.0,,,,
4.550549385950373,3.4015738019989805,14.759424165495675,7.8403177441435625,224.2374937087515,0.14853647991802177,crossed,1,gp,random,22,50,0.0035209709994887817,4.0,,,,
1.7089359410916964,2.9812539919031478,42.00489379389518,22.86216634396122,224.31944487008556,0.23048764125209686,crossed,1,gp_oracle,random,22,50,0.0035209709994887817,8.0,,,,
63.604851301349186,95.06098391944789,1520.02558763504,502.24044258761245,,,no_null,0,gp,random,23,3,0.0009000959998957114,1.5,,,,
22.490842653831027,35.72906496069618,388.40479940530554,95.03096018439388,,,no_null,0,gp_oracle,random,23,3,0.0009000959998957114,30.0,,,,
26.103404061165453,31.30033193173149,378.1735782751926,91.69845568154749,,,no_null,0,gp,random,23,4,0.0008647469994684798,15.0,,,,
21.95469412431711,35.628662192094986,391.60446441368947,95.75433704287222,,,no_null,0,gp_oracle,random,23,4,0.0008647469994684798,30.0,,,,
11.361603085254304,20.785332593136587,388.2050284430907,92.32618262663972,259.81454162291084,35.72558439407737,at_or_beyond_end,0,gp,random,23,5,0.0008639090001452132,15.0,,,,
11.361603085254304,20.785332593136587,388.2050284430907,92.32618262663972,259.81454162291084,35.72558439407737,at_or_beyond_end,0,gp_oracle,random,23,5,0.0008639090001452132,15.0,,,,
7.419489173611247,17.83999883032799,387.2559099377307,92.15513261994258,,,no_null,0,gp,random,23,6,0.0008951379995778552,15.0,,,,
7.419489173611247,17.83999883032799,387.2559099377307,92.15513261994258,,,no_null,0,gp_oracle,random,23,6,0.0008951379995778552,15.0,,,,
6.66121954843561,17.239148150149347,388.5422495258938,92.08546826376356,,,no_null,0,gp,random,23,7,0.0010655460000634775,15.0,,,,
6.66121954843561,17.239148150149347,388.5422495258938,92.08546826376356,,,no_null,0,gp_oracle,random,23,7,0.0010655460000634775,15.0,,,,
6.685422173194066,18.866152293505678,601.1043341767486,128.6716958899134,224.5560644204164,0.4671071915829259,crossed,1,gp,random,23,8,0.001037493000694667,30.0,,,,
6.685422173194066,18.866152293505678,601.1043341767486,128.6716958899134,224.5560644204164,0.4671071915829259,crossed,1,gp_oracle,random,23,8,0.001037493000694667,30.0,,,,
4.798961443654517,18.099195934714253,602.3445958695555,129.0380284603494,224.57743926687806,0.48848203804459445,crossed,1,gp,random,23,10,0.0011773449996326235,30.0,,,,
4.798961443654517,18.099195934714253,602.3445958695555,129.0380284603494,224.57743926687806,0.48848203804459445,crossed,1,gp_oracle,random,23,10,0.0011773449996326235,30.0,,,,
4.007437502378115,13.284332508517036,487.5517745854257,113.16611458678665,224.3969662389151,0.3080090100816335,crossed,1,gp,random,23,12,0.001193645000057586,15.0,,,,
4.007437502378115,13.284332508517036,487.5517745854257,113.16611458678665,224.3969662389151,0.3080090100816335,crossed,1,gp_oracle,random,23,12,0.001193645000057586,15.0,,,,
21.11297649378688,19.14177459156917,435.3570125177624,96.64937370418095,224.45962448815703,0.37066725932356803,crossed,1,gp,random,23,16,0.0012938479994772933,8.0,,,,
5.5072010200412365,14.509551675875434,504.89351187438984,116.62812194426564,224.42188382175317,0.33292659291970494,crossed,1,gp_oracle,random,23,16,0.0012938479994772933,15.0,,,,
2.7789792944454006,8.563397276069933,302.9062925486167,64.85147306413224,224.50650730356554,0.41755007473207684,crossed,1,gp,random,23,20,0.0013198510005167918,15.0,,,,
2.7789792944454006,8.563397276069933,302.9062925486167,64.85147306413224,224.50650730356554,0.41755007473207684,crossed,1,gp_oracle,random,23,20,0.0013198510005167918,15.0,,,,
1.9457583956008317,10.189552291963917,379.53393264559213,107.68545081414732,224.31944487008556,0.23048764125209686,crossed,1,gp,random,23,30,0.002138367999577895,8.0,,,,
1.9457583956008317,10.189552291963917,379.53393264559213,107.68545081414732,224.31944487008556,0.23048764125209686,crossed,1,gp_oracle,random,23,30,0.002138367999577895,8.0,,,,
2.6432622511694435,5.124757822554482,143.985040159273,48.26776301922885,224.16009538971375,0.07113816088028102,crossed,1,gp,random,23,50,0.003627779999987979,4.0,,,,
1.6146656958898953,6.119887426607346,229.77703982425024,65.63106406599458,224.4365179577057,0.34756072887222444,crossed,1,gp_oracle,random,23,50,0.003627779999987979,8.0,,,,
63.604851301349186,95.06098391944789,1520.02558763504,502.24044258761245,,,no_null,0,gp,maxvar,0,3,0.0011221409995414433,1.5,,,,
22.490842653831027,35.72906496069618,388.40479940530554,95.03096018439388,,,no_null,0,gp_oracle,maxvar,0,3,0.0011221409995414433,30.0,,,,
43.136710822259815,33.7519228899446,403.4885754082855,80.1533566265606,259.81454162291084,35.72558439407737,at_or_beyond_end,0,gp,maxvar,0,4,0.0009032269999806886,8.0,,,,
23.281051600184444,36.53851022181248,391.1167869623166,95.6779748503101,,,no_null,0,gp_oracle,maxvar,0,4,0.0009032269999806886,30.0,,,,
44.20295374962781,34.70599658959845,401.17890126653066,80.35390618267279,219.5096921870256,4.579265041807872,crossed,1,gp,maxvar,0,5,0.0009840590000749216,8.0,,,,
16.13017443090138,24.044774580694092,519.1151608437216,111.27384145843679,222.59780958560742,1.4911476432260429,crossed,1,gp_oracle,maxvar,0,5,0.0009840590000749216,30.0,,,,
8.160625584605617,17.78472741177008,408.4357649507611,91.96559104159829,220.54903055225532,3.5399266765781476,crossed,1,gp,maxvar,0,6,0.0011090409998359974,15.0,,,,
6.5952318674532595,18.15294911510562,529.0059039567421,113.38246297253107,222.58286073705378,1.5060964917796866,crossed,1,gp_oracle,maxvar,0,6,0.0011090409998359974,30.0,,,,
8.587766482172897,18.394510797935478,408.80776592654763,92.2214933690027,220.54903055225532,3.5399266765781476,crossed,1,gp,maxvar,0,7,0.0013181329995859414,15.0,,,,
6.5874913095957925,18.38348669260937,532.2225789122627,114.08188715771914,222.58286073705378,1.5060964917796866,crossed,1,gp_oracle,maxvar,0,7,0.0013181329995859414,30.0,,,,
12.938373320959554,21.41911195890475,209.95760461989533,67.70706665356573,221.57408096539376,2.514876263439703,crossed,1,gp,maxvar,0,8,0.001466916999561363,15.0,,,,
8.509867274531134,16.665698336011044,281.9606452786415,67.88420336795063,223.62285999874587,0.4660972300875983,crossed,1,gp_oracle,maxvar,0,8,0.001466916999561363,30.0,,,,
8.747724105393488,17.31286912951111,212.5647904194162,67.61335655490478,221.57408096539376,2.514876263439703,crossed,1,gp,maxvar,0,10,0.001345697999568074,15.0,,,,
8.747724105393488,17.31286912951111,212.5647904194162,67.61335655490478,221.57408096539376,2.514876263439703,crossed,1,gp_oracle,maxvar,0,10,0.001345697999568074,15.0,,,,
13.493751208139326,24.048805210096738,78.42772773323654,66.49833904994831,223.60237220841233,0.4865850204211313,crossed,1,gp,maxvar,0,12,0.0013902629998483462,15.0,,,,
10.980656211037637,17.968267437169107,60.499556445919985,45.269770013474506,223.6123850382746,0.4765721905588691,crossed,1,gp_oracle,maxvar,0,12,0.0013902629998483462,30.0,,,,
20.283144493470896,25.623923686207167,79.10511717312954,74.71038467209199,223.58661236969425,0.5023448591392139,crossed,1,gp,maxvar,0,16,0.0014654579999842099,8.0,,,,
6.874268627763176,15.627810813887152,76.11349959230714,64.36847285619203,223.60237220841233,0.4865850204211313,crossed,1,gp_oracle,maxvar,0,16,0.0014654579999842099,15.0,,,,
18.55854505222659,20.905219153999155,70.4019163972287,66.44707510386402,224.16009538971375,0.07113816088028102,crossed,1,gp,maxvar,0,20,0.001448694999453437,8.0,,,,
6.756954161684879,15.052594005970027,71.8810158210792,66.02870484911321,223.6123850382746,0.4765721905588691,crossed,1,gp_oracle,maxvar,0,20,0.001448694999453437,15.0,,,,
13.66304448265884,15.21888896471798,63.73506858093477,12.789484868638946,224.26356907826687,0.17461184943340413,crossed,1,gp,maxvar,0,30,0.0022235870001168223,8.0,,,,
4.6606674089556135,8.603146069655457,48.59211125085121,47.85666117107134,224.30531535951073,0.21635813067726417,crossed,1,gp_oracle,maxvar,0,30,0.0022235870001168223,15.0,,,,
25.381040170720972,19.548076637650365,38.47137295247545,,224.26356907826687,0.17461184943340413,crossed,1,gp,maxvar,0,50,0.0036747370004377444,4.0,,,,
3.5716641046184834,4.333843481739672,18.03572843250208,,224.31944487008556,0.23048764125209686,crossed,1,gp_oracle,maxvar,0,50,0.0036747370004377444,15.0,,,,
