amp_map_pct,peak_mean_pct,peak_max_pct,peak_neartip_pct,dns,dns_err,dns_status,n_cross,rec,strategy,rep,n,t_fit,k1,f_free,g,rank,ell
14.09927787926354,14.91091641953596,218.21106480817627,78.76373706106163,222.06578793339827,2.0231692954351956,crossed,1,eb,equispaced,0,3,0.23271977700005664,386.5183805663176,59579.349337729276,9420.857722207129,,
10.623839989691247,11.12817542461856,181.34233105958918,66.72997202529484,222.27066583673346,1.818291392100008,crossed,1,eb,equispaced,0,4,0.4817738149995421,376.78244217806247,59650.812228212984,9680.943440208228,,
8.28173502096894,11.440450291710587,217.53812991129294,73.00173136162778,222.27066583673346,1.818291392100008,crossed,1,eb,equispaced,0,5,0.5935319789996356,380.87722054282847,59626.73642697187,9612.282733009797,,
7.452048501770465,10.696113993860953,196.6277226604698,66.26496639473048,222.27066583673346,1.818291392100008,crossed,1,eb,equispaced,0,6,0.7465660940006273,376.34866042361165,59661.70870621598,9758.057788488604,,
7.322036363937195,10.766819484733912,195.87080963424683,65.572464546921,222.27066583673346,1.818291392100008,crossed,1,eb,equispaced,0,7,0.7959103149996736,375.8864419149834,59665.69213178067,9811.56545693007,,
6.531749887666495,10.56058751604088,188.86196715575304,63.066082806098265,222.27066583673346,1.818291392100008,crossed,1,eb,equispaced,0,8,0.9085071869994863,374.0118996979608,59685.140109576416,9882.508335615825,,
6.414609548739689,9.597248327379813,146.1635103704185,51.00917329195999,223.09017745007432,0.9987797787591433,crossed,1,eb,equispaced,0,10,1.124646302999281,366.2876536668439,59749.31197384687,10090.485612553963,,
5.882122403485378,5.928781888904086,75.61915919039622,28.125657711826594,223.2950553534095,0.7939018754239555,crossed,1,eb,equispaced,0,12,1.3329124290003165,351.03316590799074,59880.19565330201,10364.176682750223,,
5.945389026123451,7.979714140430261,89.61658536728177,39.4777201828452,223.2950553534095,0.7939018754239555,crossed,1,eb,equispaced,0,16,1.4662085560003106,356.7923604161714,59832.37954659418,11373.063606501804,,
5.387387032112089,5.098771113125397,75.80898536652253,22.64334044367496,,,no_null,0,eb,equispaced,0,20,1.508241206999628,346.4319215674351,59922.71528848969,10537.682110982734,,
4.933109004932209,4.8818763990648755,140.83260127724094,27.840851968603538,224.31944487008556,0.23048764125209686,crossed,1,eb,equispaced,0,30,1.7102633069998774,327.27875582989986,60108.154766586136,10248.760607687067,,
4.78672470784021,3.4282922489727143,54.90470150122677,17.03163830306092,225.24139543509403,1.1524382062605696,crossed,1,eb,equispaced,0,50,2.1850552949999837,323.37738020362264,60150.409286012335,10504.2919339443,,
14.09927787926354,14.91091641953596,218.21106480817627,78.76373706106163,222.06578793339827,2.0231692954351956,crossed,1,eb,dopt_lowrank,0,3,0.21912379500008683,386.5183805663176,59579.349337729276,9420.857722207129,,
10.139832262384221,11.329838388607362,165.64326283182658,62.386921256821346,222.27066583673346,1.818291392100008,crossed,1,eb,dopt_lowrank,0,4,0.4709423309996055,374.101421407612,59677.000174598994,9849.110332671533,,
8.046497223661872,11.378067470457625,216.76285660714302,72.60670921335144,222.27066583673346,1.818291392100008,crossed,1,eb,dopt_lowrank,0,5,0.5837515019993589,380.5850112423086,59629.62519085969,9630.11449551817,,
11.02105394111763,6.984249162784052,94.34120871356596,32.73978513563671,223.09017745007432,0.9987797787591433,crossed,1,eb,dopt_lowrank,0,6,0.6738645030000043,360.6161748279481,59777.47366494846,8947.886185540554,,
9.651907609078204,6.439811431038954,80.05521785557453,28.066515468024022,223.19261640174193,0.8963408270915352,crossed,1,eb,dopt_lowrank,0,7,0.7399628470002426,357.60282816913457,59806.92138421268,9121.14109847352,,
8.519528322839335,6.464568400792261,78.64161028393218,26.714855102292695,223.2950553534095,0.7939018754239555,crossed,1,eb,dopt_lowrank,0,8,0.8360904600003778,356.88757722094783,59816.1688075933,9261.274199678655,,
7.621099886707137,6.341255731233947,76.52981799191336,25.53733709543659,223.2950553534095,0.7939018754239555,crossed,1,eb,dopt_lowrank,0,10,1.0049705450001056,356.1586539584061,59824.843208012004,9434.614424769068,,
11.06495400999992,13.817316939947691,23.215008190559946,3.927290516269983,223.2950553534095,0.7939018754239555,crossed,1,eb,dopt_lowrank,0,12,1.1956891330000872,347.38272344431147,59899.381151575944,8471.864990777056,,
11.387145665183768,16.452885056774065,25.057074881150015,10.225458629891849,224.11456696675037,0.025609737916909125,crossed,1,eb,dopt_lowrank,0,16,1.3377394839999397,340.6581892096364,59966.961067815704,8263.975045354551,,
9.467659848278117,13.51481059834122,21.19559327286089,11.798766214771177,224.31944487008556,0.23048764125209686,crossed,1,eb,dopt_lowrank,0,20,1.3729536020000523,336.6620294376711,60011.07928406464,8562.79386339939,,
6.481310965941079,7.120962449491929,13.048267277889334,6.41812996840353,224.31944487008556,0.23048764125209686,crossed,1,eb,dopt_lowrank,0,30,1.5619905630001085,334.9441060889674,60030.88660382829,9272.467324647077,,
4.791798756493415,1.9336258942436833,4.752348773950991,,224.31944487008556,0.23048764125209686,crossed,1,eb,dopt_lowrank,0,50,2.209660396999425,327.3795574763563,60111.61051674692,10233.768981851345,,
14.09927787926354,14.91091641953596,218.21106480817627,78.76373706106163,222.06578793339827,2.0231692954351956,crossed,1,eb,random,0,3,0.22577800499948353,386.5183805663176,59579.349337729276,9420.857722207129,,
10.562078307579544,11.560562058598626,170.30319000566186,63.98157170506747,222.27066583673346,1.818291392100008,crossed,1,eb,random,0,4,0.46029124699998647,375.13490788371297,59667.70582865193,9791.718622130424,,
8.942973623913298,12.13158712974059,229.34312168014804,76.7111829572246,222.16822688506585,1.920730343767616,crossed,1,eb,random,0,5,0.5776586669999233,383.9604897417381,59605.98962906738,9638.939107873623,,
7.786048352239312,10.450068431193197,171.8325643393014,61.8661861211575,222.27066583673346,1.818291392100008,crossed,1,eb,random,0,6,0.6187435759993605,373.51166501200686,59685.84342307766,10001.256215031077,,
7.587172208723391,12.621047000220258,253.6591907921688,80.2914113618279,222.16822688506585,1.920730343767616,crossed,1,eb,random,0,7,0.7318944690005083,386.1948989534908,59592.14595440985,9618.757795556958,,
12.612965417320899,15.583051850110646,53.328314037651445,11.177206944896314,223.2950553534095,0.7939018754239555,crossed,1,eb,random,0,8,0.8256255770002099,348.29828501900744,59888.48495441015,7937.011821908495,,
6.126875870703221,9.334056232940737,151.1829456063217,53.57599919738119,223.09017745007432,0.9987797787591433,crossed,1,eb,random,0,10,1.0189771100003782,367.86931170085126,59734.80955760104,10143.587349136136,,
5.027764412208548,5.687356937790931,72.22118173438649,28.571059283090765,223.2950553534095,0.7939018754239555,crossed,1,eb,random,0,12,1.2398528530002295,350.8171294486764,59885.654000389535,10556.22670101896,,
6.24504359748438,10.726864828350308,172.06548021247943,60.337597697568754,222.33895847117853,1.7499987576549358,crossed,1,eb,random,0,16,1.2468073849995562,372.08290687645257,59703.372123083835,10250.756012580703,,
5.458790303056429,3.8183706514776032,24.549108930167346,9.001370593373496,224.21700591841795,0.12804868958448878,crossed,1,eb,random,0,20,1.4441472600001362,340.34611263331607,59975.87506459111,10392.831929510325,,
5.882364354301408,5.341463708758699,75.76394595578468,21.244874493126318,224.11456696675037,0.025609737916909125,crossed,1,eb,random,0,30,1.7229755739999746,345.6508188893701,59927.88379175915,10439.30572218028,,
4.954735038913685,6.628428063895019,191.63780528542586,49.55105615894621,225.24139543509403,1.1524382062605696,crossed,1,eb,random,0,50,2.2709981489997517,319.9432036711658,60185.29921258531,10365.72501845219,,
14.09927787926354,14.91091641953596,218.21106480817627,78.76373706106163,222.06578793339827,2.0231692954351956,crossed,1,eb,random,1,3,0.22216455899979337,386.5183805663176,59579.349337729276,9420.857722207129,,
10.508850333956618,11.612947844838857,153.1543229864687,59.57138490840881,222.33895847117853,1.7499987576549358,crossed,1,eb,random,1,4,0.43222951300049317,372.15907076882934,59690.87460671311,9985.87936138898,,
9.08412737006511,12.033681469708885,221.13028057105146,74.98936597453152,222.27066583673346,1.818291392100008,crossed,1,eb,random,1,5,0.5899777969998468,382.6899579441951,59614.858818149216,9657.985344206856,,
15.445661365008823,20.153057193630616,62.296716550562095,13.275540536881659,223.2950553534095,0.7939018754239555,crossed,1,eb,random,1,6,0.6299998570002572,347.53820162724014,59886.75861238525,8072.646555543119,,
7.370141892924767,11.403377782579541,212.4720724791179,71.11854650106999,222.27066583673346,1.818291392100008,crossed,1,eb,random,1,7,0.7460248710003725,379.58653201482775,59639.96648217832,9817.961447407642,,
6.93662434896097,11.253568478421073,210.72476708162577,69.71182150754859,222.27066583673346,1.818291392100008,crossed,1,eb,random,1,8,0.8660011679994568,378.4830645852204,59648.406981821056,9868.678266711619,,
6.457611587031194,9.510237677662568,144.5811957583413,53.95046131753863,223.09017745007432,0.9987797787591433,crossed,1,eb,random,1,10,1.0048613850003676,368.00393374955047,59733.97503846604,10252.722760475468,,
6.2850151606053695,11.246839604840458,201.9304581913988,65.99611659888289,222.27066583673346,1.818291392100008,crossed,1,eb,random,1,12,1.2437844050000422,375.67342892801963,59675.46978082277,9910.71817617711,,
5.262764383630455,4.385753537536589,105.31361429615491,20.18031762493134,224.31944487008556,0.23048764125209686,crossed,1,eb,random,1,16,1.3875612570000158,332.23944380353083,60058.79898784739,10023.390476004131,,
5.566965967294468,5.545688446378629,70.85415834772054,24.53911302568594,223.2950553534095,0.7939018754239555,crossed,1,eb,random,1,20,1.5289054450004187,354.07311511550097,59852.13649310711,10233.722764573127,,
6.028652333360292,6.717704873978884,82.75091795390314,25.375635753297498,223.2950553534095,0.7939018754239555,crossed,1,eb,random,1,30,1.6993372520000776,355.8936438969599,59833.56771922142,10054.744752441069,,
5.821238403747776,3.4918412833435615,16.506334847539176,5.303172200041369,224.21700591841795,0.12804868958448878,crossed,1,eb,random,1,50,2.2747951600003944,337.42927470692047,60004.65314387406,10138.468988282584,,
14.09927787926354,14.91091641953596,218.21106480817627,78.76373706106163,222.06578793339827,2.0231692954351956,crossed,1,eb,random,2,3,0.2343424189994039,386.5183805663176,59579.349337729276,9420.857722207129,,
8.618477832737025,11.21512219848432,209.14068776778828,70.56984839176577,222.27066583673346,1.818291392100008,crossed,1,eb,random,2,4,0.46980654600065463,379.03180976531223,59638.44517739442,9360.956851440513,,
6.391727330912577,9.871494525370842,159.5051053849475,54.89628721231441,223.09017745007432,0.9987797787591433,crossed,1,eb,random,2,5,0.5913101200003439,368.885323115035,59727.990355101094,9762.769052544667,,
6.050891838796682,7.3561928643698415,94.61877992498667,33.77103037848072,223.2950553534095,0.7939018754239555,crossed,1,eb,random,2,6,0.7351788480000323,356.57991140489844,59829.86127503028,10094.413812357334,,
7.340081839864188,9.633738861197582,146.24636052506884,55.11383415536376,223.09017745007432,0.9987797787591433,crossed,1,eb,random,2,7,0.8318796429994109,368.92167035430106,59722.95498749652,10143.763618213754,,
5.809770938590355,9.239064454247234,149.27195124995714,52.30876957220685,223.09017745007432,0.9987797787591433,crossed,1,eb,random,2,8,0.9734127629999421,366.96281846395647,59749.83262908121,10012.738788294764,,
6.486057887993077,7.535596854033654,79.72626974360195,18.941892164371513,224.21700591841795,0.12804868958448878,crossed,1,eb,random,2,10,1.115424558000086,337.8045259867642,60013.511603289386,11631.763950017414,,
5.397782283666704,4.963343165781057,70.11817626345632,21.623830441424825,223.2950553534095,0.7939018754239555,crossed,1,eb,random,2,12,1.3264729200000147,351.6191615054677,59874.88953417824,10069.961691619532,,
4.962588001953401,3.777563601912464,99.20308136455311,19.786262381146383,224.31944487008556,0.23048764125209686,crossed,1,eb,random,2,16,1.4481754349999392,333.14768671027326,60051.52183264617,10519.018147943741,,
6.46426398588225,6.917481152992294,81.21180459936113,15.304413613974443,224.31944487008556,0.23048764125209686,crossed,1,eb,random,2,20,1.5012877930003015,336.2055431587535,60014.074667630455,9655.889844082109,,
6.789034826250944,12.576178131051993,189.68292297495853,62.65088352111504,222.33895847117853,1.7499987576549358,crossed,1,eb,random,2,30,1.6917096199995285,373.4163908827157,59692.72460911663,10285.024533748892,,
4.981083680728302,3.242370206879823,37.83144646570552,10.717936381664417,224.31944487008556,0.23048764125209686,crossed,1,eb,random,2,50,2.2376600009993126,328.5932385281852,60094.73436128977,10444.872043527483,,
14.09927787926354,14.91091641953596,218.21106480817627,78.76373706106163,222.06578793339827,2.0231692954351956,crossed,1,eb,random,3,3,0.21712972299974354,386.5183805663176,59579.349337729276,9420.857722207129,,
9.260838992434081,11.913124384090612,232.59364763281405,77.15540925727046,222.16822688506585,1.920730343767616,crossed,1,eb,random,3,4,0.46606859199982864,383.89918452002746,59602.45599414445,9327.264054115965,,
7.998237209985175,14.056422417215414,96.96674718651214,45.64601689884347,223.2950553534095,0.7939018754239555,crossed,1,eb,random,3,5,0.5901372489997811,359.9365950457703,59807.4143400526,11971.66347274474,,
13.66938437996315,7.740906619641455,112.9005776003017,42.23524940251943,223.09017745007432,0.9987797787591433,crossed,1,eb,random,3,6,0.6808585399994627,365.9562410648856,59732.89324630617,8945.126844601606,,
5.234970313046045,5.6010733018578005,74.55498585570031,29.293323515602143,223.2950553534095,0.7939018754239555,crossed,1,eb,random,3,7,0.7678876210002272,351.75348363795587,59876.5790023941,10524.141508112005,,
10.478437120661372,14.200815660347082,73.65521315423034,18.561109375945517,224.21700591841795,0.12804868958448878,crossed,1,eb,random,3,8,0.931296616000509,336.3584653950457,60004.54043815367,8299.791708129496,,
6.3196136222536055,9.991060330030766,169.91116432742365,58.38216391247458,223.09017745007432,0.9987797787591433,crossed,1,eb,random,3,10,1.091649817999496,370.9411597651977,59709.92148841202,10089.366131178847,,
6.603800918465639,10.159932652634447,77.342077356435,31.51831184529955,223.36334798785458,0.7256092409788835,crossed,1,eb,random,3,12,1.296282008000162,350.0326949912889,59894.10577899725,11704.833869779246,,
5.716577716998725,6.661941364782306,88.56719277419757,31.75382805874367,223.2950553534095,0.7939018754239555,crossed,1,eb,random,3,16,1.3473901410006874,355.1841510974897,59843.98156397345,10354.82745534782,,
6.8217908661440285,7.639440120664477,97.08109903324565,28.886996284383855,223.2950553534095,0.7939018754239555,crossed,1,eb,random,3,20,1.389594484000554,358.42070399155705,59808.85563529658,9766.042751683504,,
5.55944195206756,5.2177816158860395,14.71038903123075,9.062227048913423,224.31944487008556,0.23048764125209686,crossed,1,eb,random,3,30,1.7333276379995368,330.65930881768656,60073.71710388056,9630.143769409684,,
4.7230331330863216,7.204468153478738,204.14321084074513,51.61686152581926,225.24139543509403,1.1524382062605696,crossed,1,eb,random,3,50,2.24741348400039,317.3891878668554,60215.48632315959,10495.092623172131,,
14.09927787926354,14.91091641953596,218.21106480817627,78.76373706106163,222.06578793339827,2.0231692954351956,crossed,1,eb,random,4,3,0.2564703489997555,386.5183805663176,59579.349337729276,9420.857722207129,,
10.418798876839272,12.379675654843076,239.6353970076395,80.23566987886652,222.06578793339827,2.0231692954351956,crossed,1,eb,random,4,4,0.5570566790001976,386.6349717785683,59581.567219013195,9331.171590590988,,
9.885233396997094,12.889976010853967,258.3871141002765,83.70992662245439,222.06578793339827,2.0231692954351956,crossed,1,eb,random,4,5,0.6015636089996406,389.43207406924495,59566.04709037309,9255.395212478417,,
7.051121242832574,10.316565355408361,206.6409122208583,49.42222497959807,225.24139543509403,1.1524382062605696,crossed,1,eb,random,4,6,0.7066388480006935,319.85241899689146,60196.525074155616,8991.697089833204,,
6.505629578899657,8.713703285871185,131.85812486530975,50.21436081517133,223.09017745007432,0.9987797787591433,crossed,1,eb,random,4,7,0.7736766560001342,365.6652723761126,59750.08257232862,10213.863930569245,,
6.506611974286349,9.124166129366941,136.8086859389434,51.87647023957399,223.09017745007432,0.9987797787591433,crossed,1,eb,random,4,8,0.8308741430000737,366.67523872038794,59743.6033486332,10250.644569584934,,
9.99061440874484,14.419922415734748,76.68578360228764,19.767544098439533,224.21700591841795,0.12804868958448878,crossed,1,eb,random,4,10,1.096031787999891,337.0307298966891,60000.23236906453,8782.242837893915,,
7.523910625869815,7.305783362230503,105.64355353924138,33.1473952544679,223.19261640174193,0.8963408270915352,crossed,1,eb,random,4,12,1.2249895340000876,360.87922402757846,59784.99054285495,9531.6303960358,,
9.030257752139551,12.865121687967005,117.25978061704672,28.456296065830816,224.38773750453063,0.2987802756971689,crossed,1,eb,random,4,16,1.4813618770003814,328.5272833310555,60110.73062287655,11856.831596683349,,
6.0399750581905005,7.695025140321782,100.70922267105267,37.34216724005493,223.2950553534095,0.7939018754239555,crossed,1,eb,random,4,20,1.6027064099998825,358.18232315272047,59817.01766413687,10366.336902294384,,
6.363723291897057,5.998803114161418,20.063566038759,8.09245162851461,224.31944487008556,0.23048764125209686,crossed,1,eb,random,4,30,1.8714013549997617,336.37118066072065,60016.73775884802,9167.35258200636,,
5.256836054038683,4.829403053743729,54.68783025740981,21.148283000977003,225.24139543509403,1.1524382062605696,crossed,1,eb,random,4,50,2.300364050999633,322.4864187834127,60163.00685584331,10801.210628205941,,
14.09927787926354,14.91091641953596,218.21106480817627,78.76373706106163,222.06578793339827,2.0231692954351956,crossed,1,eb,random,5,3,0.2518421579998176,386.5183805663176,59579.349337729276,9420.857722207129,,
10.73845868852912,11.653277936952598,183.18164378644596,67.44172225159268,222.27066583673346,1.818291392100008,crossed,1,eb,random,5,4,0.4872685329992237,377.39680362678695,59648.38097106601,9719.090359302005,,
10.178673199198688,12.86248074671605,256.8620191561602,83.58821530704917,222.06578793339827,2.0231692954351956,crossed,1,eb,random,5,5,0.5911352200000692,389.3952794087206,59566.19701482244,9198.925660876002,,
9.329072064202755,10.63250309021977,58.75178050067211,30.683165514225113,223.2950553534095,0.7939018754239555,crossed,1,eb,random,5,6,0.6390496650001296,351.3287792615427,59878.39226689559,10517.758234691273,,
6.263585807504534,8.16528403772545,119.92366579936726,46.402923230273,223.09017745007432,0.9987797787591433,crossed,1,eb,random,5,7,0.6556795349997628,363.2477919192191,59769.64243361498,10224.695526690015,,
5.886894168885219,6.444515100397099,79.98624821568157,26.36303513905622,223.36334798785458,0.7256092409788835,crossed,1,eb,random,5,8,0.8426406910002697,347.0742714900442,59922.15883755752,11374.475764704745,,
6.30738997266261,11.155981249602034,203.5320676045599,66.87976691926923,222.27066583673346,1.818291392100008,crossed,1,eb,random,5,10,1.0447664970006372,376.3648051177501,59669.27527729028,9789.61359057254,,
5.601456637377932,5.300454488351039,92.275633617246,17.335675429311895,224.31944487008556,0.23048764125209686,crossed,1,eb,random,5,12,1.2529494400005206,334.12419126070614,60039.107468152964,9767.971106921801,,
11.495879506855033,16.371050907663406,24.740203924973645,10.596939594440197,224.11456696675037,0.025609737916909125,crossed,1,eb,random,5,16,1.3664930960003403,339.88036850053334,59973.09575676537,8111.872276655763,,
5.8510585197715885,5.661833290050294,68.60564720430989,21.059953188934593,223.2950553534095,0.7939018754239555,crossed,1,eb,random,5,20,1.509640027000387,351.92359572603897,59869.74479976287,9881.707703447297,,
5.264183967792226,2.79829441900908,18.10870368572172,7.662627467699385,,,no_null,0,eb,random,5,30,1.8198197330002586,324.45651251811734,60140.084664015056,10327.999056795905,,
5.360019075036088,6.593152495467161,99.97471937962317,27.04590398289773,224.31944487008556,0.23048764125209686,crossed,1,eb,random,5,50,2.312458031999995,332.63882742714054,60058.83950351206,11099.124464794937,,
14.09927787926354,14.91091641953596,218.21106480817627,78.76373706106163,222.06578793339827,2.0231692954351956,crossed,1,eb,random,6,3,0.24170885299918154,386.5183805663176,59579.349337729276,9420.857722207129,,
10.466505968868137,11.383114410522241,160.2797464192207,61.30747320838561,222.27066583673346,1.818291392100008,crossed,1,eb,random,6,4,0.5006134450004538,373.3422992234468,59681.740366927384,9868.382707217159,,
8.208340777976575,11.11266681202855,209.70552415891754,70.71180140719287,222.27066583673346,1.818291392100008,crossed,1,eb,random,6,5,0.6076742040004319,379.4105544879549,59640.98603901413,9354.486883198719,,
8.636193938629424,10.790261275218578,168.0302225704258,61.629216534936205,222.27066583673346,1.818291392100008,crossed,1,eb,random,6,6,0.6624240050005028,373.4632920304312,59684.71160418085,9990.206007901532,,
5.300579119523382,6.026077462530886,76.19510794926428,31.45703990639585,223.2950553534095,0.7939018754239555,crossed,1,eb,random,6,7,0.7940424520002125,353.3419261950556,59859.56603125591,10493.657100373479,,
5.318034635320303,5.724570392898215,69.6738513805333,23.743632698791384,,,no_null,0,eb,random,6,8,0.9362308330000815,346.3297089834312,59926.91185497321,10606.116515585882,,
6.081747261249566,9.140175788185532,147.29343718922905,52.75711281512771,223.09017745007432,0.9987797787591433,crossed,1,eb,random,6,10,1.0763551760001064,367.34869146282153,59738.77026326699,10149.840876304763,,
6.082104145200088,6.845297774876796,78.79369348057561,19.269187109482683,224.21700591841795,0.12804868958448878,crossed,1,eb,random,6,12,1.249860998999793,339.27637071534014,59996.90024347494,11463.282854475185,,
8.457060865479365,12.448881511031695,97.18694061210888,20.79460380196962,224.21700591841795,0.12804868958448878,crossed,1,eb,random,6,16,1.415411184999357,332.4304123949036,60063.127735489004,12201.54059840552,,
5.565204375235325,7.806530929826519,96.07482013547906,41.034114800849814,223.2950553534095,0.7939018754239555,crossed,1,eb,random,6,20,1.675594565999745,358.0797373192803,59820.93666581714,11081.398176595245,,
5.845428786782773,5.752807258519899,91.32169169646508,15.813529885740204,224.31944487008556,0.23048764125209686,crossed,1,eb,random,6,30,1.9381815279994044,334.63781240617595,60031.24582194153,9913.567709860432,,
5.51552116283454,2.9866587335553354,22.076469291949635,7.750707566398571,224.31944487008556,0.23048764125209686,crossed,1,eb,random,6,50,2.327540036000755,335.1297286986209,60031.52201435972,10079.563439860834,,
14.09927787926354,14.91091641953596,218.21106480817627,78.76373706106163,222.06578793339827,2.0231692954351956,crossed,1,eb,random,7,3,0.22327912599939737,386.5183805663176,59579.349337729276,9420.857722207129,,
10.733036842622882,12.135614636621984,205.87086904828777,73.06539120263832,222.27066583673346,1.818291392100008,crossed,1,eb,random,7,4,0.4688525519995892,381.352973430278,59619.40492927084,9622.768829487442,,
8.346932280695313,11.694531993072975,225.2454987329151,75.0233488302749,222.27066583673346,1.818291392100008,crossed,1,eb,random,7,5,0.5686251460001586,382.4475957623413,59616.17880865823,9630.89984247362,,
7.0258806843984125,9.762436493311426,167.023602114211,59.4067070535488,,,no_null,0,eb,random,7,6,0.6990695920003418,371.85136779681073,59699.81188806904,9909.575813469148,,
7.591418412646941,11.411449125176008,214.34466825465685,71.30291691419937,222.27066583673346,1.818291392100008,crossed,1,eb,random,7,7,0.7639621879998231,379.58333159839475,59637.36102265927,9786.392580988493,,
7.211945646607096,11.190104231786222,202.76486932502215,68.57280840972781,222.27066583673346,1.818291392100008,crossed,1,eb,random,7,8,0.9625208470006328,377.83636994779425,59652.88109155029,9961.881789177065,,
7.017822926323947,11.787256625080442,88.49209471773989,41.81393351214548,223.2950553534095,0.7939018754239555,crossed,1,eb,random,7,10,1.2163990369999738,358.0888281485075,59826.37090835248,11556.061553950138,,
6.05428497994959,5.896792669299117,66.97305805599909,17.70554623735868,223.2950553534095,0.7939018754239555,crossed,1,eb,random,7,12,1.354629111999202,349.5585900811931,59891.74544476938,9603.797616119578,,
6.84334940717881,7.207307105280002,93.82532763124898,28.694399408814807,223.2950553534095,0.7939018754239555,crossed,1,eb,random,7,16,1.4333679000001212,358.24242587572917,59810.11756380831,9644.23961953688,,
5.0001939207224915,5.130897665592093,164.81725603035557,43.22993560147262,225.24139543509403,1.1524382062605696,crossed,1,eb,random,7,20,1.46294242499971,323.3136800399967,60154.50089464942,10492.614372020425,,
5.724872003704933,6.202240220782722,90.29397002176384,23.016970149501724,224.31944487008556,0.23048764125209686,crossed,1,eb,random,7,30,1.7144928640000217,334.2972638116127,60038.8334638573,9600.96828190253,,
5.130381736357616,2.7538190686466213,22.60301494102553,7.6230181762313745,224.31944487008556,0.23048764125209686,crossed,1,eb,random,7,50,2.1516768080000475,334.6380571321299,60036.35158660909,10248.335196616435,,
14.09927787926354,14.91091641953596,218.21106480817627,78.76373706106163,222.06578793339827,2.0231692954351956,crossed,1,eb,random,8,3,0.22125771099945268,386.5183805663176,59579.349337729276,9420.857722207129,,
10.771060192771971,12.499743550093513,240.16506288454588,80.71855414205403,222.06578793339827,2.0231692954351956,crossed,1,eb,random,8,4,0.46720981300040876,387.1114284289296,59577.71781193814,9320.814048625069,,
6.874716953007602,9.91841896123015,174.5659808322635,60.40702259323216,222.33895847117853,1.7499987576549358,crossed,1,eb,random,8,5,0.5629525550002654,372.5560106225971,59697.53201130488,9494.474113181392,,
7.059612034423228,10.366853976204576,187.875606893449,64.07106825952427,222.27066583673346,1.818291392100008,crossed,1,eb,random,8,6,0.6573427229996014,374.90741035783384,59675.23139806629,9811.076267997274,,
7.225535509775966,11.082807354686357,206.42693739822957,68.41508821125349,222.27066583673346,1.818291392100008,crossed,1,eb,random,8,7,0.7557226560002164,377.6938993539301,59652.36276064057,9830.120618830064,,
6.929995404769612,12.243733219008709,240.70910850054244,76.03074559444481,222.27066583673346,1.818291392100008,crossed,1,eb,random,8,8,0.861468877000334,382.755235053241,59618.32387594477,9731.48531456554,,
5.902797738499528,5.775025114634995,69.91051791997646,18.601563211660746,223.2950553534095,0.7939018754239555,crossed,1,eb,random,8,10,1.0326329370000167,349.2387074159231,59894.461671664,9813.288911894837,,
5.5659983509782,5.975532461847523,76.68204261327817,29.78575451116387,223.2950553534095,0.7939018754239555,crossed,1,eb,random,8,12,1.2317166949997045,352.51240928775604,59866.8097874661,10386.61318464614,,
4.844174927668693,5.836729007278477,210.48806049906008,50.2552232045392,225.24139543509403,1.1524382062605696,crossed,1,eb,random,8,16,1.3807251179996456,317.39691807273056,60217.1828017027,10098.278957689314,,
4.8318704877567855,4.134994752737444,146.04954817209165,30.87167927978126,224.31944487008556,0.23048764125209686,crossed,1,eb,random,8,20,1.4898702119999143,326.09862088082053,60124.36184695505,10302.81634053722,,
5.3042428961622,4.53239459337905,120.29841346757897,26.603665914408264,224.31944487008556,0.23048764125209686,crossed,1,eb,random,8,30,1.7857520550005574,330.3075074761885,60078.17697469248,10615.328860316406,,
4.821930371831454,6.4330723611070635,192.28696977554299,49.630924310757315,225.24139543509403,1.1524382062605696,crossed,1,eb,random,8,50,2.25435428199944,319.8263704230033,60188.01936295457,10423.242225637385,,
14.09927787926354,14.91091641953596,218.21106480817627,78.76373706106163,222.06578793339827,2.0231692954351956,crossed,1,eb,random,9,3,0.22662233999926684,386.5183805663176,59579.349337729276,9420.857722207129,,
5.864964875936019,7.328014161411178,96.0527790646269,34.10838678568736,223.2950553534095,0.7939018754239555,crossed,1,eb,random,9,4,0.4736352939999051,356.82675214279976,59830.28721665937,10002.896419988416,,
8.920820371619998,11.275494598080146,190.2597294893979,67.4080725260253,222.27066583673346,1.818291392100008,crossed,1,eb,random,9,5,0.6058232639998096,377.4064756872225,59653.96324684306,9795.268034673149,,
13.299213467451567,20.31245866409848,74.24286737100537,23.342687996287005,224.21700591841795,0.12804868958448878,crossed,1,eb,random,9,6,0.7366972630006785,337.21394979957296,59993.930917669895,8076.508729841256,,
7.221647099769605,9.995083953052788,163.4313596758939,59.116483305159036,,,no_null,0,eb,random,9,7,0.7964248179996503,371.59023499489507,59701.18494452159,10112.873647007047,,
6.378152975648133,9.926501597217856,159.3117844702366,54.658853889420044,223.09017745007432,0.9987797787591433,crossed,1,eb,random,9,8,0.9013506520004739,368.6312214440542,59729.879735543676,9962.045713159201,,
8.170373232685456,8.283004402046016,112.05369056357797,34.378310436115314,223.09017745007432,0.9987797787591433,crossed,1,eb,random,9,10,1.038249862000157,362.19362603540696,59773.97939585435,9178.58464231362,,
6.684637056039953,11.254475986329341,200.90275270791494,66.45258377969124,222.27066583673346,1.818291392100008,crossed,1,eb,random,9,12,1.2698231510003097,376.13341740842,59667.99892321155,10052.821635649807,,
5.161801472745564,6.2292700482621,205.90149209699914,46.73375943672224,225.24139543509403,1.1524382062605696,crossed,1,eb,random,9,16,1.500075564999861,318.5393571976776,60204.245847039696,9715.268284567603,,
6.561121831388478,5.829242912324487,45.51595017429623,8.864047196152601,224.11456696675037,0.025609737916909125,crossed,1,eb,random,9,20,1.6188273480001953,344.4576433993518,59932.367197088264,9538.812424688202,,
6.019773387648051,4.64389849247256,12.043471417091466,2.393869589965238,224.11456696675037,0.025609737916909125,crossed,1,eb,random,9,30,2.0355614930003867,342.903287697262,59950.90071156163,9755.2560045394,,
4.939005504927015,4.861262834070745,114.60797364147678,29.517636436530452,224.31944487008556,0.23048764125209686,crossed,1,eb,random,9,50,2.6654013299994403,330.8928563923941,60073.77056543533,10221.52967635053,,
14.09927787926354,14.91091641953596,218.21106480817627,78.76373706106163,222.06578793339827,2.0231692954351956,crossed,1,eb,random,10,3,0.27955810200000997,386.5183805663176,59579.349337729276,9420.857722207129,,
9.563834967263734,12.105900312209332,238.35902440685882,78.89893615288665,222.16822688506585,1.920730343767616,crossed,1,eb,random,10,4,0.5527508670002135,385.35686751787637,59592.32308973663,9306.562827323054,,
8.218515596836205,11.367245331498,215.6056089252703,72.51244419235918,222.27066583673346,1.818291392100008,crossed,1,eb,random,10,5,0.6596629499999835,380.5327053968299,59629.54678933053,9617.036493568537,,
8.712691746939717,14.35343288658829,81.37703459567615,35.84875476696325,223.36334798785458,0.7256092409788835,crossed,1,eb,random,10,6,0.7917278009999791,352.1651668606329,59880.95548248767,12599.18332020084,,
7.296812568339059,12.420062256636305,247.69512922292108,78.2829682328766,222.27066583673346,1.818291392100008,crossed,1,eb,random,10,7,0.8429002399998353,384.53161015427213,59605.10879336116,9544.653549680856,,
7.061634377710614,10.570450178236355,181.09660199249004,63.39364114601085,222.27066583673346,1.818291392100008,crossed,1,eb,random,10,8,0.9477911149997453,374.37754725728684,59681.11899437531,10011.701563571662,,
7.409475667901127,6.376742296720102,72.86922125722603,24.002242420022725,223.2950553534095,0.7939018754239555,crossed,1,eb,random,10,10,1.1458117920001314,355.3810738542117,59832.15735440209,9466.873901425788,,
5.206621710207717,7.739263262405288,203.3723827444411,50.80181678881189,225.24139543509403,1.1524382062605696,crossed,1,eb,random,10,12,1.337148814000102,319.39277647883017,60196.67365361188,9818.791648580038,,
4.785670023452615,4.196443896567738,129.32643812653018,27.53006935046358,224.31944487008556,0.23048764125209686,crossed,1,eb,random,10,16,1.4726390060004633,328.4103173824414,60097.64118050151,10167.827792177419,,
6.3975583630982245,11.80597476500701,195.6983965322313,64.25760068231689,222.27066583673346,1.818291392100008,crossed,1,eb,random,10,20,1.6519522429998688,374.4661131131018,59685.5542314983,10105.375998745281,,
5.327093113008481,8.178836546434788,189.51561290676085,44.06286665780049,225.24139543509403,1.1524382062605696,crossed,1,eb,random,10,30,1.8073175579993404,319.2071532624504,60198.00794319719,11018.150676650914,,
4.774349694367871,2.865414801265996,27.913306365763972,9.991173602031417,224.31944487008556,0.23048764125209686,crossed,1,eb,random,10,50,2.397276495999904,332.4360667808068,60058.308128863486,10187.393303785057,,
14.09927787926354,14.91091641953596,218.21106480817627,78.76373706106163,222.06578793339827,2.0231692954351956,crossed,1,eb,random,11,3,0.24915001399949688,386.5183805663176,59579.349337729276,9420.857722207129,,
10.418798876839272,12.379675654843076,239.6353970076395,80.23566987886652,222.06578793339827,2.0231692954351956,crossed,1,eb,random,11,4,0.5005652459994963,386.6349717785683,59581.567219013195,9331.171590590988,,
9.930272745471333,12.713489681394584,254.72894684862956,82.87089790054267,222.06578793339827,2.0231692954351956,crossed,1,eb,random,11,5,0.6056784729998981,388.65688781912655,59570.68660248175,9198.399680268494,,
11.834069404252572,7.031041066549827,97.82256499027771,34.546118009544244,223.09017745007432,0.9987797787591433,crossed,1,eb,random,11,6,0.6806780850001815,361.7871605084956,59768.65333736477,8760.216592844352,,
7.946071400274923,12.562156185117413,247.80884927186864,79.30210474241287,222.16822688506585,1.920730343767616,crossed,1,eb,random,11,7,0.8189460819994565,385.38887873907623,59595.21783541944,9639.76279030421,,
6.431530174510799,6.690632459182629,67.42792929537788,14.2399023596408,224.11456696675037,0.025609737916909125,crossed,1,eb,random,11,8,0.9049298859999908,339.92167907893275,59978.313846354344,9476.778354300024,,
6.441659448151591,10.613359861715239,182.1137780853102,60.769243762912595,222.33895847117853,1.7499987576549358,crossed,1,eb,random,11,10,1.141141349999998,372.42672769189346,59699.7730104424,9946.269337199788,,
8.108033617530385,10.489194586445905,71.29924752113672,16.287926804771608,224.21700591841795,0.12804868958448878,crossed,1,eb,random,11,12,1.4233770490000097,337.7224218726225,59995.44442873429,9103.239046221028,,
6.36376937391494,2.8394584578101885,12.891756538989815,3.3277243068512057,224.31944487008556,0.23048764125209686,crossed,1,eb,random,11,16,1.3950913359994956,337.8677784423207,60005.43782524779,9328.108126501398,,
5.658566024772709,7.4991110814600885,76.32951443356892,29.405765741882117,223.36334798785458,0.7256092409788835,crossed,1,eb,random,11,20,1.5272311400003673,349.9085244468017,59896.368336627456,11238.16258600834,,
5.15101769940104,6.145391901209822,194.07701879917764,49.96927279314878,225.24139543509403,1.1524382062605696,crossed,1,eb,random,11,30,1.738541678000729,318.58033796069896,60205.33539556561,10587.913778885168,,
5.18086439765222,3.237463070540978,36.656465874581386,13.565870984121329,224.31944487008556,0.23048764125209686,crossed,1,eb,random,11,50,2.3036660899997514,329.16630131681416,60092.150055504746,10628.048508087812,,
14.09927787926354,14.91091641953596,218.21106480817627,78.76373706106163,222.06578793339827,2.0231692954351956,crossed,1,eb,maxvar,0,3,0.22563839699978416,386.5183805663176,59579.349337729276,9420.857722207129,,
10.34919025924474,12.641245005272006,247.98932896186184,81.98879203177142,222.06578793339827,2.0231692954351956,crossed,1,eb,maxvar,0,4,0.4378966459998992,388.130351965438,59572.93905426577,9305.237940380295,,
9.0502079302769,12.561198135798232,253.89991433920636,81.74542323946686,222.06578793339827,2.0231692954351956,crossed,1,eb,maxvar,0,5,0.5483318530004908,387.57078843705665,59580.50716615387,9248.01402024027,,
7.316591352271168,12.337709155568316,247.34807195425427,78.19190721289361,222.27066583673346,1.818291392100008,crossed,1,eb,maxvar,0,6,0.6613504670003749,384.45034673702594,59605.54882843205,9537.14749896263,,
6.95042305553129,11.228128829024286,211.98034200071842,70.20322521412727,222.27066583673346,1.818291392100008,crossed,1,eb,maxvar,0,7,0.7418602249999822,378.8293699617623,59646.544324872346,9783.112506825892,,
8.949807859466311,7.343903529092978,95.43736510981515,30.95108844898328,223.19261640174193,0.8963408270915352,crossed,1,eb,maxvar,0,8,0.8205252090001522,359.7331458469785,59790.559371697374,9148.904309401705,,
7.900816696323606,7.7863048439378035,93.72051549174036,28.894043387722903,223.19261640174193,0.8963408270915352,crossed,1,eb,maxvar,0,10,1.0117139699996187,358.6760750299959,59802.293140581576,9316.629825597765,,
11.480991436629978,14.819198173520013,24.3668368737215,4.395142190697958,223.2950553534095,0.7939018754239555,crossed,1,eb,maxvar,0,12,1.1973177469999428,347.7706880828193,59896.42990147715,8467.519984532955,,
9.187853641242322,10.699445263024106,19.635609897048692,3.50805198771441,223.2950553534095,0.7939018754239555,crossed,1,eb,maxvar,0,16,1.290859122999791,347.3783216693828,59902.969783634595,8907.916482570841,,
9.774490628374862,13.319726981241867,21.620865326735984,7.806963714088242,224.11456696675037,0.025609737916909125,crossed,1,eb,maxvar,0,20,1.4834233829997174,340.39113641572635,59971.26394678098,8651.818530946597,,
6.5447271397899085,7.317386638299082,13.14573501263077,6.584923550185969,224.31944487008556,0.23048764125209686,crossed,1,eb,maxvar,0,30,1.764330503000565,334.8472119649085,60031.869950519664,9256.520739928876,,
4.73959149312948,1.9026495358300932,4.692939691611773,,224.31944487008556,0.23048764125209686,crossed,1,eb,maxvar,0,50,2.2831212800001595,327.06685287520355,60114.86165530038,10241.576291211573,,
14.09927787926354,14.91091641953596,218.21106480817627,78.76373706106163,222.06578793339827,2.0231692954351956,crossed,1,eb_gp,equispaced,0,3,0.2550811419996535,386.5183805663176,59579.349337729276,9420.857722207129,,
10.623839989691247,11.12817542461856,181.34233105958918,66.72997202529484,222.27066583673346,1.818291392100008,crossed,1,eb_gp,equispaced,0,4,0.5695261649998429,376.78244217806247,59650.812228212984,9680.943440208228,,
4.2155843896941185,10.447773823565758,85.39712143008947,59.7982723970382,221.86091003006305,2.228047198770412,crossed,1,eb_gp,equispaced,0,5,0.6467356279999876,380.87722054282847,59626.73642697187,9612.282733009797,,15.0
2.751989474718062,7.4743492689143505,76.73774870803369,53.37169936625795,221.86091003006305,2.228047198770412,crossed,1,eb_gp,equispaced,0,6,0.7225554130000091,376.34866042361165,59661.70870621598,9758.057788488604,,8.0
2.9132115430621557,6.950716968824657,77.06331220344377,52.18374860318031,221.86091003006305,2.228047198770412,crossed,1,eb_gp,equispaced,0,7,0.8289528189998236,375.8864419149834,59665.69213178067,9811.56545693007,,8.0
2.405234023549329,6.26870960293449,75.30565216664719,48.143439643905836,223.553049750202,0.5359074786314579,crossed,1,eb_gp,equispaced,0,8,0.9655254819999755,374.0118996979608,59685.140109576416,9882.508335615825,,8.0
2.1397160169893596,4.878770319677301,62.74663662202171,35.655712356023194,223.52133841082454,0.5676188180089241,crossed,1,eb_gp,equispaced,0,10,1.2026880699995672,366.2876536668439,59749.31197384687,10090.485612553963,,8.0
1.9921451756261408,2.8551510290442117,82.8390637997825,19.35770214826183,223.48130799280517,0.6076492360282941,crossed,1,eb_gp,equispaced,0,12,1.349871006000285,351.03316590799074,59880.19565330201,10364.176682750223,,8.0
1.7163009022844384,3.13672746069766,73.96624767714815,24.114473492700135,224.42188382175317,0.33292659291970494,crossed,1,eb_gp,equispaced,0,16,1.4877998809997734,356.7923604161714,59832.37954659418,11373.063606501804,,8.0
1.584354383528427,2.6212173834240344,88.68417777696985,18.053330697089205,224.31944487008556,0.23048764125209686,crossed,1,eb_gp,equispaced,0,20,1.687922608000008,346.4319215674351,59922.71528848969,10537.682110982734,,8.0
1.5059745801174385,4.275981555909807,202.91096580877132,34.40633412240494,224.42188382175317,0.33292659291970494,crossed,1,eb_gp,equispaced,0,30,1.9256850729998405,327.27875582989986,60108.154766586136,10248.760607687067,,8.0
1.4532606477438923,1.6632818250915105,15.6325520765208,9.669357926051724,224.2374937087515,0.14853647991802177,crossed,1,eb_gp,equispaced,0,50,2.3433231149992935,323.37738020362264,60150.409286012335,10504.2919339443,,4.0
14.09927787926354,14.91091641953596,218.21106480817627,78.76373706106163,222.06578793339827,2.0231692954351956,crossed,1,eb_gp,dopt_lowrank,0,3,0.23737819100006163,386.5183805663176,59579.349337729276,9420.857722207129,,
10.139832262384221,11.329838388607362,165.64326283182658,62.386921256821346,222.27066583673346,1.818291392100008,crossed,1,eb_gp,dopt_lowrank,0,4,0.5019650350004667,374.101421407612,59677.000174598994,9849.110332671533,,
4.376857427917,10.313246471434413,85.0847468055892,59.24078676058119,221.86091003006305,2.228047198770412,crossed,1,eb_gp,dopt_lowrank,0,5,0.625356933999683,380.5850112423086,59629.62519085969,9630.11449551817,,15.0
4.569964024772275,9.204781094197227,55.466262372093325,43.84223523177555,222.82676300292903,1.2621942259044374,crossed,1,eb_gp,dopt_lowrank,0,6,0.6780614540002716,360.6161748279481,59777.47366494846,8947.886185540554,,15.0
4.238175782604826,8.12698582012371,48.308974556732984,37.92894912830946,222.82676300292903,1.2621942259044374,crossed,1,eb_gp,dopt_lowrank,0,7,0.7888043140001173,357.60282816913457,59806.92138421268,9121.14109847352,,15.0
4.157249079972334,7.842965697953977,45.86588623063063,35.90683966573835,222.8852995467391,1.2036576820943594,crossed,1,eb_gp,dopt_lowrank,0,8,0.8615835029995651,356.88757722094783,59816.1688075933,9261.274199678655,,15.0
3.578530259287677,6.682955698811913,49.47592476697068,38.98180960186496,222.86119626399378,1.227760964839689,crossed,1,eb_gp,dopt_lowrank,0,10,1.1417995029996746,356.1586539584061,59824.843208012004,9434.614424769068,,8.0
4.0974587215874,6.478060696977993,33.48446104384563,30.1659156286973,222.8852995467391,1.2036576820943594,crossed,1,eb_gp,dopt_lowrank,0,12,1.2800312770004894,347.38272344431147,59899.381151575944,8471.864990777056,,8.0
4.129475436753459,4.471762430967388,18.03395560560267,15.959769756914607,224.16009538971375,0.07113816088028102,crossed,1,eb_gp,dopt_lowrank,0,16,1.3583643020001546,340.6581892096364,59966.961067815704,8263.975045354551,,8.0
3.883666780294616,3.5962768794315823,16.770600658555484,15.664564557101762,224.26356907826687,0.17461184943340413,crossed,1,eb_gp,dopt_lowrank,0,20,1.4993493430001763,336.6620294376711,60011.07928406464,8562.79386339939,,8.0
3.291474382269949,2.1769737420523567,12.85690208937839,10.908405234173541,224.36334727794312,0.27439004910965537,crossed,1,eb_gp,dopt_lowrank,0,30,1.8053552940000372,334.9441060889674,60030.88660382829,9272.467324647077,,8.0
2.875570219852013,2.5198065113738433,14.505230299618244,,224.26356907826687,0.17461184943340413,crossed,1,eb_gp,dopt_lowrank,0,50,2.1397873740006617,327.3795574763563,60111.61051674692,10233.768981851345,,4.0
14.09927787926354,14.91091641953596,218.21106480817627,78.76373706106163,222.06578793339827,2.0231692954351956,crossed,1,eb_gp,random,0,3,0.2203535609996834,386.5183805663176,59579.349337729276,9420.857722207129,,
10.562078307579544,11.560562058598626,170.30319000566186,63.98157170506747,222.27066583673346,1.818291392100008,crossed,1,eb_gp,random,0,4,0.46786157299993647,375.13490788371297,59667.70582865193,9791.718622130424,,
5.323181576608099,10.293243754757263,89.68627176632255,61.23399413666625,221.83680674731772,2.2521504815157414,crossed,1,eb_gp,random,0,5,0.585990798000239,383.9604897417381,59605.98962906738,9638.939107873623,,8.0
5.355109185740178,11.416426114613467,65.9037823607423,53.62370479324956,221.83680674731772,2.2521504815157414,crossed,1,eb_gp,random,0,6,0.6400513379994663,373.51166501200686,59685.84342307766,10001.256215031077,,15.0
4.5598804732124645,10.008916298079125,94.24509476899048,62.750645722310516,221.86091003006305,2.228047198770412,crossed,1,eb_gp,random,0,7,0.7757998970000699,386.1948989534908,59592.14595440985,9618.757795556958,,8.0
9.545394646513062,13.66765244566536,53.00918315861178,15.64129716043945,224.16009538971375,0.07113816088028102,crossed,1,eb_gp,random,0,8,0.8872039409998251,348.29828501900744,59888.48495441015,7937.011821908495,,15.0
2.7051065158340557,5.909696608775197,69.69642899860814,40.85722016137691,223.54306544692056,0.5458917819128999,crossed,1,eb_gp,random,0,10,1.0950396309999633,367.86931170085126,59734.80955760104,10143.587349136136,,15.0
2.7379289734809507,2.816639660661425,73.37316584929921,18.13115077707213,224.31944487008556,0.23048764125209686,crossed,1,eb_gp,random,0,12,1.2708496229997763,350.8171294486764,59885.654000389535,10556.22670101896,,8.0
4.155509794260468,8.843090974564713,64.7685753862372,49.04804566456958,221.91212950589684,2.176827722936622,crossed,1,eb_gp,random,0,16,1.3404699249995247,372.08290687645257,59703.372123083835,10250.756012580703,,8.0
1.8062213256936073,2.019566869030309,19.67570159511822,11.394618567409829,224.42188382175317,0.33292659291970494,crossed,1,eb_gp,random,0,20,1.6636579920004806,340.34611263331607,59975.87506459111,10392.831929510325,,8.0
1.8627131250353572,3.081978809966126,118.8560465395133,21.695458950947042,224.49726342769728,0.40830619886381214,crossed,1,eb_gp,random,0,30,1.8373482090000834,345.6508188893701,59927.88379175915,10439.30572218028,,8.0
1.570266377057767,6.214667819986433,215.36937334330295,54.24651865636552,224.33520470880367,0.2462474799702079,crossed,1,eb_gp,random,0,50,2.2976616200003264,319.9432036711658,60185.29921258531,10365.72501845219,,4.0
14.09927787926354,14.91091641953596,218.21106480817627,78.76373706106163,222.06578793339827,2.0231692954351956,crossed,1,eb_gp,random,1,3,0.24513710199971683,386.5183805663176,59579.349337729276,9420.857722207129,,
10.508850333956618,11.612947844838857,153.1543229864687,59.57138490840881,222.33895847117853,1.7499987576549358,crossed,1,eb_gp,random,1,4,0.43812755799990555,372.15907076882934,59690.87460671311,9985.87936138898,,
5.342463362566824,10.387018957798903,87.31161686844226,60.170975460148725,221.83680674731772,2.2521504815157414,crossed,1,eb_gp,random,1,5,0.5989801880004961,382.6899579441951,59614.858818149216,9657.985344206856,,8.0
7.802207547249406,7.295735799610173,20.95570201223343,17.735156344739003,222.8852995467391,1.2036576820943594,crossed,1,eb_gp,random,1,6,0.7251696720004475,347.53820162724014,59886.75861238525,8072.646555543119,,30.0
4.0080517005075675,9.139854655621784,81.85522685272382,56.97774020538851,221.86091003006305,2.228047198770412,crossed,1,eb_gp,random,1,7,0.8097878919998038,379.58653201482775,59639.96648217832,9817.961447407642,,8.0
3.7297097015336824,9.613167436467549,80.6463104452458,57.057054651705485,223.62285999874587,0.4660972300875983,crossed,1,eb_gp,random,1,8,1.037705441000071,378.4830645852204,59648.406981821056,9868.678266711619,,15.0
5.434078133625643,11.124911333657812,54.79422311229176,45.93113403774736,221.88367424154472,2.20528298728874,crossed,1,eb_gp,random,1,10,1.0591292970002542,368.00393374955047,59733.97503846604,10252.722760475468,,30.0
3.3140582065895607,6.543622733568445,82.97005237727629,49.10382415564091,223.553049750202,0.5359074786314579,crossed,1,eb_gp,random,1,12,1.336545804000707,375.67342892801963,59675.46978082277,9910.71817617711,,8.0
2.6571802584829416,3.8139040651831433,159.05847014707294,27.477919984480515,223.02188481562925,1.0670724132042153,crossed,1,eb_gp,random,1,16,1.4169725490000928,332.23944380353083,60058.79898784739,10023.390476004131,,8.0
2.603448019211172,3.916526669141185,31.15616947145496,17.09026306680674,224.4365179577057,0.34756072887222444,crossed,1,eb_gp,random,1,20,1.599209081000481,354.07311511550097,59852.13649310711,10233.722764573127,,8.0
2.5116098129509887,5.984757374829455,45.74691429974014,34.94048221591134,222.8852995467391,1.2036576820943594,crossed,1,eb_gp,random,1,30,1.7911080700005186,355.8936438969599,59833.56771922142,10054.744752441069,,8.0
1.8028276630291042,5.1150050343546125,48.978557329173555,32.02418525491543,223.90968906341516,0.17926816541830703,crossed,1,eb_gp,random,1,50,2.196954712000661,337.42927470692047,60004.65314387406,10138.468988282584,,4.0
14.09927787926354,14.91091641953596,218.21106480817627,78.76373706106163,222.06578793339827,2.0231692954351956,crossed,1,eb_gp,random,2,3,0.23284809999950085,386.5183805663176,59579.349337729276,9420.857722207129,,
8.618477832737025,11.21512219848432,209.14068776778828,70.56984839176577,222.27066583673346,1.818291392100008,crossed,1,eb_gp,random,2,4,0.47422851999999693,379.03180976531223,59638.44517739442,9360.956851440513,,
8.192829510876702,10.427249024492816,73.74334598884931,41.243556903182814,223.52403653949006,0.5649206893434098,crossed,1,eb_gp,random,2,5,0.5930743469998561,368.885323115035,59727.990355101094,9762.769052544667,,15.0
3.3123860730645105,4.61518991747132,62.238990004298145,23.393977215091496,223.49993325674473,0.5890239720887394,crossed,1,eb_gp,random,2,6,0.6866487099996448,356.57991140489844,59829.86127503028,10094.413812357334,,8.0
4.935366654895609,7.200094171877549,63.740259259640666,41.95963582338851,221.88367424154472,2.20528298728874,crossed,1,eb_gp,random,2,7,0.7617736530000911,368.92167035430106,59722.95498749652,10143.763618213754,,4.0
3.549997195412838,5.567737513838247,64.11396862375084,36.13333967080095,223.52403653949006,0.5649206893434098,crossed,1,eb_gp,random,2,8,0.8391225699997449,366.96281846395647,59749.83262908121,10012.738788294764,,8.0
2.8572705492720294,5.095271563426534,179.46471965185387,40.580840028978585,223.37257672223905,0.7163805065944189,crossed,1,eb_gp,random,2,10,1.0369007260005674,337.8045259867642,60013.511603289386,11631.763950017414,,8.0
2.9628182438638837,2.3643055351374076,31.344616498986472,12.224665469728919,224.4365179577057,0.34756072887222444,crossed,1,eb_gp,random,2,12,1.2348570450003535,351.6191615054677,59874.88953417824,10069.961691619532,,8.0
3.7592400833785025,5.752862637728243,195.7089716514417,42.35848277801216,223.33230588128865,0.7566513475448176,crossed,1,eb_gp,random,2,16,1.3908896980001373,333.14768671027326,60051.52183264617,10519.018147943741,,8.0
2.594068367081653,4.013201076012784,111.86282694798395,24.125981990446892,224.11456696675037,0.025609737916909125,crossed,1,eb_gp,random,2,20,1.6046466939997117,336.2055431587535,60014.074667630455,9655.889844082109,,8.0
2.381421142690613,7.25285104011905,78.5427606189506,47.20981502482946,223.553049750202,0.5359074786314579,crossed,1,eb_gp,random,2,30,1.7230015040004218,373.4163908827157,59692.72460911663,10285.024533748892,,8.0
1.6005463889905853,2.8560268243942906,32.9152846932015,15.992665136265572,224.30531535951073,0.21635813067726417,crossed,1,eb_gp,random,2,50,2.301435974999549,328.5932385281852,60094.73436128977,10444.872043527483,,4.0
14.09927787926354,14.91091641953596,218.21106480817627,78.76373706106163,222.06578793339827,2.0231692954351956,crossed,1,eb_gp,random,3,3,0.22709751999991568,386.5183805663176,59579.349337729276,9420.857722207129,,
9.260838992434081,11.913124384090612,232.59364763281405,77.15540925727046,222.16822688506585,1.920730343767616,crossed,1,eb_gp,random,3,4,0.47578347499984375,383.89918452002746,59602.45599414445,9327.264054115965,,
5.331671007410698,7.5518433098615665,75.84435697510659,28.298660410573262,224.3969662389151,0.3080090100816335,crossed,1,eb_gp,random,3,5,0.6138223259995357,359.9365950457703,59807.4143400526,11971.66347274474,,8.0
9.90168004764726,9.812290166740615,69.6726854706103,56.24826954205759,223.19261640174193,0.8963408270915352,crossed,1,eb_gp,random,3,6,0.697729645000436,365.9562410648856,59732.89324630617,8945.126844601606,,8.0
5.599132917908232,4.385129080807605,69.36021760296153,21.087502986623395,224.31944487008556,0.23048764125209686,crossed,1,eb_gp,random,3,7,0.7981045160004214,351.75348363795587,59876.5790023941,10524.141508112005,,30.0
4.740085510871911,6.114870251824134,105.49191550701238,26.08449013214566,224.11456696675037,0.025609737916909125,crossed,1,eb_gp,random,3,8,0.9022857390000354,336.3584653950457,60004.54043815367,8299.791708129496,,8.0
3.601958944411401,7.32993819780264,76.88475844196347,44.87849644764361,223.54306544692056,0.5458917819128999,crossed,1,eb_gp,random,3,10,1.060701887000505,370.9411597651977,59709.92148841202,10089.366131178847,,15.0
2.585848833884704,3.3636214348455185,80.80501720145647,19.211304321216524,224.473103297587,0.3841460687535232,crossed,1,eb_gp,random,3,12,1.339810499000123,350.0326949912889,59894.10577899725,11704.833869779246,,8.0
2.121869033875093,3.371134325338216,64.32558203068349,21.558641182610007,224.49726342769728,0.40830619886381214,crossed,1,eb_gp,random,3,16,1.424233615999583,355.1841510974897,59843.98156397345,10354.82745534782,,8.0
3.1236187428973228,6.207401630793885,50.82192690401527,37.771865613219,223.55115273257854,0.5378044962549211,crossed,1,eb_gp,random,3,20,1.6379013010000563,358.42070399155705,59808.85563529658,9766.042751683504,,8.0
1.730016424294387,3.109418500368386,28.012004533612217,21.205402686649773,224.44982171766253,0.3608644888290655,crossed,1,eb_gp,random,3,30,1.7421731060003367,330.65930881768656,60073.71710388056,9630.143769409684,,8.0
1.619144203919485,6.374342415866033,230.37952769123805,57.50072607440906,224.08895722883346,0.0,crossed,1,eb_gp,random,3,50,2.38941753600011,317.3891878668554,60215.48632315959,10495.092623172131,,4.0
14.09927787926354,14.91091641953596,218.21106480817627,78.76373706106163,222.06578793339827,2.0231692954351956,crossed,1,eb_gp,random,4,3,0.24593026399998053,386.5183805663176,59579.349337729276,9420.857722207129,,
10.418798876839272,12.379675654843076,239.6353970076395,80.23566987886652,222.06578793339827,2.0231692954351956,crossed,1,eb_gp,random,4,4,0.4975637280003866,386.6349717785683,59581.567219013195,9331.171590590988,,
8.190668505581097,9.925136223857358,112.11953706342727,60.17030378552608,221.80237348625297,2.28658374258049,crossed,1,eb_gp,random,4,5,0.5891207860004215,389.43207406924495,59566.04709037309,9255.395212478417,,4.0
5.53977279796446,12.311625853996299,357.9848627867486,70.79205837054235,224.2374937087515,0.14853647991802177,crossed,1,eb_gp,random,4,6,0.6884091379997699,319.85241899689146,60196.525074155616,8991.697089833204,,8.0
4.338590983943906,8.873954021923074,51.44839569063349,42.885269660695826,221.88367424154472,2.20528298728874,crossed,1,eb_gp,random,4,7,0.7075777220006785,365.6652723761126,59750.08257232862,10213.863930569245,,15.0
4.394809098882329,7.757906420032182,52.48348373074394,42.337375579879435,221.88367424154472,2.20528298728874,crossed,1,eb_gp,random,4,8,0.8112278070002503,366.67523872038794,59743.6033486332,10250.644569584934,,8.0
2.7657260724379573,4.282777810468325,101.58112945768687,24.780741595308356,224.11456696675037,0.025609737916909125,crossed,1,eb_gp,random,4,10,1.1391531360004592,337.0307298966891,60000.23236906453,8782.242837893915,,8.0
4.1222670307345615,8.241474937798051,59.68446802354321,47.58966635384747,222.8084703329884,1.2804868958450584,crossed,1,eb_gp,random,4,12,1.3057138950007356,360.87922402757846,59784.99054285495,9531.6303960358,,8.0
4.731720706439224,7.962285522341915,270.9708349371373,70.50845476081248,224.40907895279472,0.3201217239612504,crossed,1,eb_gp,random,4,16,1.6276763030000438,328.5272833310555,60110.73062287655,11856.831596683349,,8.0
1.8491668720174492,3.6776990676930383,51.34723930338064,25.59150783134979,223.49646074990855,0.5924964789249145,crossed,1,eb_gp,random,4,20,1.563347455999974,358.18232315272047,59817.01766413687,10366.336902294384,,8.0
1.8241469417837708,1.8432288495447295,11.795521044705273,9.878927575421754,224.2838139303751,0.1948567015416245,crossed,1,eb_gp,random,4,30,1.8573364659996514,336.37118066072065,60016.73775884802,9167.35258200636,,8.0
1.4734005598383906,2.3146815390943063,33.918237168744504,18.379266138850337,224.31944487008556,0.23048764125209686,crossed,1,eb_gp,random,4,50,2.3955046090004544,322.4864187834127,60163.00685584331,10801.210628205941,,4.0
14.09927787926354,14.91091641953596,218.21106480817627,78.76373706106163,222.06578793339827,2.0231692954351956,crossed,1,eb_gp,random,5,3,0.22662302600019757,386.5183805663176,59579.349337729276,9420.857722207129,,
10.73845868852912,11.653277936952598,183.18164378644596,67.44172225159268,222.27066583673346,1.818291392100008,crossed,1,eb_gp,random,5,4,0.47988907400031167,377.39680362678695,59648.38097106601,9719.090359302005,,
6.955923968992555,10.29088588363149,101.3467254559593,65.71800905429708,221.80237348625297,2.28658374258049,crossed,1,eb_gp,random,5,5,0.5524417070000709,389.3952794087206,59566.19701482244,9198.925660876002,,8.0
6.402463514160129,6.105954128974031,71.57521213821848,20.005860694375727,224.31944487008556,0.23048764125209686,crossed,1,eb_gp,random,5,6,0.6509881539996059,351.3287792615427,59878.39226689559,10517.758234691273,,8.0
4.863798904650724,9.56785810121075,49.90985912089771,39.211072834489485,222.8852995467391,1.2036576820943594,crossed,1,eb_gp,random,5,7,0.6858383879998655,363.2477919192191,59769.64243361498,10224.695526690015,,30.0
3.400252041159514,3.472084480811851,104.05721963553506,20.844258471844473,224.473103297587,0.3841460687535232,crossed,1,eb_gp,random,5,8,0.9259050189994014,347.0742714900442,59922.15883755752,11374.475764704745,,8.0
2.9056755906652754,6.968991461022092,86.68698107003736,48.0077205143252,223.52403653949006,0.5649206893434098,crossed,1,eb_gp,random,5,10,1.1251967130001503,376.3648051177501,59669.27527729028,9789.61359057254,,8.0
3.9424188987814515,3.6883559800093044,146.8615362107631,25.662460085942048,223.02188481562925,1.0670724132042153,crossed,1,eb_gp,random,5,12,1.2849244649996763,334.12419126070614,60039.107468152964,9767.971106921801,,8.0
2.609766299911715,3.4106395958890796,19.53282937965671,18.58432144026017,224.16009538971375,0.07113816088028102,crossed,1,eb_gp,random,5,16,1.4912900709996393,339.88036850053334,59973.09575676537,8111.872276655763,,8.0
2.3191872490321432,3.2999027933728344,40.81148535502227,15.085841525560259,224.36334727794312,0.27439004910965537,crossed,1,eb_gp,random,5,20,1.645910866000122,351.92359572603897,59869.74479976287,9881.707703447297,,8.0
2.001155667886571,2.6348320193172428,17.104879976072723,11.278520696532434,224.31944487008556,0.23048764125209686,crossed,1,eb_gp,random,5,30,1.9511829550001494,324.45651251811734,60140.084664015056,10327.999056795905,,8.0
1.5143240009112555,4.279027172627462,127.00175859924265,34.88871022401061,224.39875244557018,0.30979521673671684,crossed,1,eb_gp,random,5,50,2.207719817999532,332.63882742714054,60058.83950351206,11099.124464794937,,4.0
14.09927787926354,14.91091641953596,218.21106480817627,78.76373706106163,222.06578793339827,2.0231692954351956,crossed,1,eb_gp,random,6,3,0.21958462599923223,386.5183805663176,59579.349337729276,9420.857722207129,,
10.466505968868137,11.383114410522241,160.2797464192207,61.30747320838561,222.27066583673346,1.818291392100008,crossed,1,eb_gp,random,6,4,0.4766986619997624,373.3422992234468,59681.740366927384,9868.382707217159,,
5.058413022551768,7.7297981969242215,88.34486251902928,53.268513394287154,223.553049750202,0.5359074786314579,crossed,1,eb_gp,random,6,5,0.5932988470003693,379.4105544879549,59640.98603901413,9354.486883198719,,8.0
5.2139679144313975,9.484695839536705,68.46962097954913,51.81144307856352,221.83680674731772,2.2521504815157414,crossed,1,eb_gp,random,6,6,0.6588091019993954,373.4632920304312,59684.71160418085,9990.206007901532,,8.0
4.240939163051624,4.585497469397888,72.95967117312318,23.122871846590755,224.31944487008556,0.23048764125209686,crossed,1,eb_gp,random,6,7,0.7705366119998871,353.3419261950556,59859.56603125591,10493.657100373479,,8.0
4.244103692493177,3.1229941853556173,120.65364935731428,21.995730430510072,224.49726342769728,0.40830619886381214,crossed,1,eb_gp,random,6,8,0.8845901810000214,346.3297089834312,59926.91185497321,10606.116515585882,,8.0
2.5824222135463457,5.6355835055977135,59.352110733663544,40.00444218339365,223.553049750202,0.5359074786314579,crossed,1,eb_gp,random,6,10,1.0493873109999186,367.34869146282153,59738.77026326699,10149.840876304763,,8.0
2.61931829953104,4.068581236260301,160.2421787861395,35.666375885142884,224.3969662389151,0.3080090100816335,crossed,1,eb_gp,random,6,12,1.2540232910005216,339.27637071534014,59996.90024347494,11463.282854475185,,8.0
2.42276861904125,7.1245997196030615,258.4470840862619,63.284874939594985,223.39749430507712,0.6914629237563474,crossed,1,eb_gp,random,6,16,1.3954237660000217,332.4304123949036,60063.127735489004,12201.54059840552,,8.0
1.856960525933039,3.9295026027245368,84.8147630735112,26.844165454203424,224.3969662389151,0.3080090100816335,crossed,1,eb_gp,random,6,20,1.498516790999929,358.0797373192803,59820.93666581714,11081.398176595245,,8.0
1.7216038545787786,3.6913567810984733,126.44984114966068,23.554221742793256,224.11456696675037,0.025609737916909125,crossed,1,eb_gp,random,6,30,1.845497021000483,334.63781240617595,60031.24582194153,9913.567709860432,,8.0
1.4923808400157932,1.7591554802109242,23.73691063250485,11.202909975086504,224.34979715206117,0.26083992322770655,crossed,1,eb_gp,random,6,50,2.2860602189994097,335.1297286986209,60031.52201435972,10079.563439860834,,4.0
14.09927787926354,14.91091641953596,218.21106480817627,78.76373706106163,222.06578793339827,2.0231692954351956,crossed,1,eb_gp,random,7,3,0.2395657500001107,386.5183805663176,59579.349337729276,9420.857722207129,,
10.733036842622882,12.135614636621984,205.87086904828777,73.06539120263832,222.27066583673346,1.818291392100008,crossed,1,eb_gp,random,7,4,0.48098902400033694,381.352973430278,59619.40492927084,9622.768829487442,,
4.8527282699340715,10.971506235851642,87.97501321045556,61.149297643272185,221.86091003006305,2.228047198770412,crossed,1,eb_gp,random,7,5,0.5593749789995854,382.4475957623413,59616.17880865823,9630.89984247362,,15.0
4.5076676886286435,8.873779212492131,70.15939297794314,48.7903787441254,223.5877380724598,0.5012191563736508,crossed,1,eb_gp,random,7,6,0.6582472009995399,371.85136779681073,59699.81188806904,9909.575813469148,,15.0
3.8822233782837627,8.964151963607335,82.72714083118248,57.06936108467124,221.86091003006305,2.228047198770412,crossed,1,eb_gp,random,7,7,0.7639935659999537,379.58333159839475,59637.36102265927,9786.392580988493,,8.0
3.7543107190375125,8.844819030664903,78.35696209293988,55.49743309407226,221.86091003006305,2.228047198770412,crossed,1,eb_gp,random,7,8,0.8584485789997416,377.83636994779425,59652.88109155029,9961.881789177065,,8.0
3.6304959934321093,5.612252934731784,83.15228733403063,25.794529491093186,224.3969662389151,0.3080090100816335,crossed,1,eb_gp,random,7,10,1.0625322960004269,358.0888281485075,59826.37090835248,11556.061553950138,,8.0
3.365023745916026,2.5694941626219827,34.91108702522842,9.681167555403585,224.36334727794312,0.27439004910965537,crossed,1,eb_gp,random,7,12,1.2561131890006436,349.5585900811931,59891.74544476938,9603.797616119578,,8.0
2.78390509263899,6.2594851442146995,49.50789607648273,36.251280684945954,222.82676300292903,1.2621942259044374,crossed,1,eb_gp,random,7,16,1.4014359110005898,358.24242587572917,59810.11756380831,9644.23961953688,,8.0
2.341152627265515,7.477373705894847,302.1142461489353,75.61222447223827,224.42188382175317,0.33292659291970494,crossed,1,eb_gp,random,7,20,1.4701846539992403,323.3136800399967,60154.50089464942,10492.614372020425,,8.0
2.7473887859011827,3.1512525436782615,99.65458835946916,23.447967044808486,224.36334727794312,0.27439004910965537,crossed,1,eb_gp,random,7,30,1.6759964399998353,334.2972638116127,60038.8334638573,9600.96828190253,,4.0
1.432373999981968,1.8612144659171967,24.37320544359657,13.078911215202693,224.36334727794312,0.27439004910965537,crossed,1,eb_gp,random,7,50,2.2237820529999226,334.6380571321299,60036.35158660909,10248.335196616435,,4.0
14.09927787926354,14.91091641953596,218.21106480817627,78.76373706106163,222.06578793339827,2.0231692954351956,crossed,1,eb_gp,random,8,3,0.24800386700007948,386.5183805663176,59579.349337729276,9420.857722207129,,
10.771060192771971,12.499743550093513,240.16506288454588,80.71855414205403,222.06578793339827,2.0231692954351956,crossed,1,eb_gp,random,8,4,0.5038174799992703,387.1114284289296,59577.71781193814,9320.814048625069,,
4.406221842288687,7.358258086676281,77.47759149451137,44.19838955204751,223.52403653949006,0.5649206893434098,crossed,1,eb_gp,random,8,5,0.5919624069993006,372.5560106225971,59697.53201130488,9494.474113181392,,8.0
5.503552111831992,9.933912693316987,80.28854219645713,51.42767277758809,223.57119513616567,0.5177620926677946,crossed,1,eb_gp,random,8,6,0.6960591309998563,374.90741035783384,59675.23139806629,9811.076267997274,,15.0
3.8101177890537787,9.750596507743474,79.98104485726152,56.43621284032244,221.86091003006305,2.228047198770412,crossed,1,eb_gp,random,8,7,0.7717185000001336,377.6938993539301,59652.36276064057,9830.120618830064,,15.0
3.6303096624216225,9.012725434637003,89.1133373792679,58.998901973047616,221.86091003006305,2.228047198770412,crossed,1,eb_gp,random,8,8,0.8710774080000192,382.755235053241,59618.32387594477,9731.48531456554,,8.0
3.160276132217636,3.3492759012080953,30.051139418589035,14.135747062739929,224.50650730356554,0.41755007473207684,crossed,1,eb_gp,random,8,10,1.0318907099999706,349.2387074159231,59894.461671664,9813.288911894837,,8.0
3.428740805812949,4.3465399371548825,70.7233958338764,21.98223010680613,224.31944487008556,0.23048764125209686,crossed,1,eb_gp,random,8,12,1.2621825300002456,352.51240928775604,59866.8097874661,10386.61318464614,,8.0
2.9797929849081712,9.35052998333983,383.56295786252315,89.52279114110044,223.21310419207543,0.8758530367580306,crossed,1,eb_gp,random,8,16,1.5857240400000592,317.39691807273056,60217.1828017027,10098.278957689314,,8.0
2.2064040879677034,4.713292486680748,219.3889935699748,45.882853656606805,224.31944487008556,0.23048764125209686,crossed,1,eb_gp,random,8,20,1.5683550590001687,326.09862088082053,60124.36184695505,10302.81634053722,,8.0
1.830759736400902,8.971801467452213,306.3994969184795,78.72363825682592,224.50569750948122,0.41674028064775825,crossed,1,eb_gp,random,8,30,1.8009090200002902,330.3075074761885,60078.17697469248,10615.328860316406,,8.0
1.4283404863203524,6.129332384889035,215.54362976214364,54.01457601909245,224.29017659818055,0.20121936934708629,crossed,1,eb_gp,random,8,50,2.3869243829994957,319.8263704230033,60188.01936295457,10423.242225637385,,4.0
14.09927787926354,14.91091641953596,218.21106480817627,78.76373706106163,222.06578793339827,2.0231692954351956,crossed,1,eb_gp,random,9,3,0.24992310000016005,386.5183805663176,59579.349337729276,9420.857722207129,,
5.864964875936019,7.328014161411178,96.0527790646269,34.10838678568736,223.2950553534095,0.7939018754239555,crossed,1,eb_gp,random,9,4,0.5298394259998531,356.82675214279976,59830.28721665937,10002.896419988416,,
5.077245591287924,9.831062911017959,76.87467086490064,55.55522189994161,221.83680674731772,2.2521504815157414,crossed,1,eb_gp,random,9,5,0.6248851440004728,377.4064756872225,59653.96324684306,9795.268034673149,,8.0
8.219457395029584,10.435997259015366,97.22751638036924,22.551367900446575,224.11456696675037,0.025609737916909125,crossed,1,eb_gp,random,9,6,0.7419924549994903,337.21394979957296,59993.930917669895,8076.508729841256,,8.0
3.6771446455535526,9.132963607339558,63.69798356187728,50.37514845490109,221.88367424154472,2.20528298728874,crossed,1,eb_gp,random,9,7,0.8393786839997119,371.59023499489507,59701.18494452159,10112.873647007047,,15.0
2.8479096157478385,5.991229907916808,69.0434425904427,38.81854604736042,223.50968934737975,0.5792678814537169,crossed,1,eb_gp,random,9,8,0.9625705300004483,368.6312214440542,59729.879735543676,9962.045713159201,,8.0
3.3590338830700834,6.808215400809349,59.7060626081642,45.62831501008799,223.5651216805332,0.5238355483002692,crossed,1,eb_gp,random,9,10,1.132790605000082,362.19362603540696,59773.97939585435,9178.58464231362,,8.0
2.976232691081702,7.70911704971204,76.05670058073136,52.60277296400046,221.86091003006305,2.228047198770412,crossed,1,eb_gp,random,9,12,1.3022696360003465,376.13341740842,59667.99892321155,10052.821635649807,,8.0
2.2331014923450065,5.978593844545829,268.66942599107193,59.82716760448622,223.96090853924895,0.1280486895845172,crossed,1,eb_gp,random,9,16,1.4250779499998316,318.5393571976776,60204.245847039696,9715.268284567603,,8.0
2.263867020466646,3.957063535419851,33.27540641443167,24.776412571518428,222.8852995467391,1.2036576820943594,crossed,1,eb_gp,random,9,20,1.5541246110005886,344.4576433993518,59932.367197088264,9538.812424688202,,8.0
1.6184251662854754,1.6926219917603509,16.748514977000426,7.324822307337338,224.4365179577057,0.34756072887222444,crossed,1,eb_gp,random,9,30,1.7047108689994275,342.903287697262,59950.90071156163,9755.2560045394,,8.0
1.7046429222736974,3.8810841877688116,110.48764589950422,29.994623938020045,224.16009538971375,0.07113816088028102,crossed,1,eb_gp,random,9,50,2.2146326689999114,330.8928563923941,60073.77056543533,10221.52967635053,,4.0
14.09927787926354,14.91091641953596,218.21106480817627,78.76373706106163,222.06578793339827,2.0231692954351956,crossed,1,eb_gp,random,10,3,0.22191653699974268,386.5183805663176,59579.349337729276,9420.857722207129,,
9.563834967263734,12.105900312209332,238.35902440685882,78.89893615288665,222.16822688506585,1.920730343767616,crossed,1,eb_gp,random,10,4,0.469683184999667,385.35686751787637,59592.32308973663,9306.562827323054,,
4.296127323888131,10.3814681370144,85.08870602260423,59.24787703840617,221.86091003006305,2.228047198770412,crossed,1,eb_gp,random,10,5,0.59602305000044,380.5327053968299,59629.54678933053,9617.036493568537,,15.0
4.843501722785653,6.351637877308683,67.4455958573597,18.79669347005295,224.473103297587,0.3841460687535232,crossed,1,eb_gp,random,10,6,0.705688602999544,352.1651668606329,59880.95548248767,12599.18332020084,,8.0
4.049101435547039,8.74450180412364,93.67971444512135,59.566358109724405,222.55625321714012,1.5327040116933404,crossed,1,eb_gp,random,10,7,0.7444702949997009,384.53161015427213,59605.10879336116,9544.653549680856,,8.0
4.231392628580074,10.325234259740164,68.78620844329603,53.93907697216207,221.83680674731772,2.2521504815157414,crossed,1,eb_gp,random,10,8,0.8710999539998738,374.37754725728684,59681.11899437531,10011.701563571662,,15.0
3.6009242604930614,6.288355669421561,39.786343012533216,30.01308883787811,222.8852995467391,1.2036576820943594,crossed,1,eb_gp,random,10,10,1.0478156809995198,355.3810738542117,59832.15735440209,9466.873901425788,,15.0
2.1110975057377073,7.805899699553446,358.60668529587787,80.43799903417332,224.2374937087515,0.14853647991802177,crossed,1,eb_gp,random,10,12,1.4114785359997768,319.39277647883017,60196.67365361188,9818.791648580038,,8.0
2.6913712485313503,7.705292603654279,240.22793703411628,59.32965333044818,224.31944487008556,0.23048764125209686,crossed,1,eb_gp,random,10,16,1.4262210919996505,328.4103173824414,60097.64118050151,10167.827792177419,,8.0
2.5147397304904753,6.373362629621407,86.39254130021861,44.742731395864624,223.52403653949006,0.5649206893434098,crossed,1,eb_gp,random,10,20,1.5193311889997858,374.4661131131018,59685.5542314983,10105.375998745281,,8.0
1.7953692514073272,12.710253446533496,455.94726223408867,119.67077900754579,224.48529841088074,0.39634118204727997,crossed,1,eb_gp,random,10,30,1.752503292000256,319.2071532624504,60198.00794319719,11018.150676650914,,8.0
1.6722755722415534,2.1267927153587487,26.270812856386115,12.622194120852932,224.36334727794312,0.27439004910965537,crossed,1,eb_gp,random,10,50,2.204932084000575,332.4360667808068,60058.308128863486,10187.393303785057,,4.0
14.09927787926354,14.91091641953596,218.21106480817627,78.76373706106163,222.06578793339827,2.0231692954351956,crossed,1,eb_gp,random,11,3,0.23446264999984123,386.5183805663176,59579.349337729276,9420.857722207129,,
10.418798876839272,12.379675654843076,239.6353970076395,80.23566987886652,222.06578793339827,2.0231692954351956,crossed,1,eb_gp,random,11,4,0.476892270999997,386.6349717785683,59581.567219013195,9331.171590590988,,
6.6546544987007445,10.24248857970604,100.23295443302187,65.1845626315092,221.86091003006305,2.228047198770412,crossed,1,eb_gp,random,11,5,0.5901953879993016,388.65688781912655,59570.68660248175,9198.399680268494,,8.0
7.983615334670341,8.583000374767332,60.532739717397824,45.8098524404597,222.82676300292903,1.2621942259044374,crossed,1,eb_gp,random,11,6,0.6825610930000039,361.7871605084956,59768.65333736477,8760.216592844352,,8.0
5.04022009073516,10.42122239862179,93.46020098108689,62.30943287252448,221.86091003006305,2.228047198770412,crossed,1,eb_gp,random,11,7,0.7166727630001333,385.38887873907623,59595.21783541944,9639.76279030421,,8.0
7.659649912212564,2.9907276564270866,116.9906354389575,22.664077345797125,224.2374937087515,0.14853647991802177,crossed,1,eb_gp,random,11,8,0.8505965760004983,339.92167907893275,59978.313846354344,9476.778354300024,,15.0
3.064319448604479,7.080653640383243,76.5230831635602,44.043288604936876,223.52403653949006,0.5649206893434098,crossed,1,eb_gp,random,11,10,0.9995882170005643,372.42672769189346,59699.7730104424,9946.269337199788,,8.0
2.6095766469214294,3.819855853447867,97.919364148915,23.84609104310339,224.11456696675037,0.025609737916909125,crossed,1,eb_gp,random,11,12,1.287590709000142,337.7224218726225,59995.44442873429,9103.239046221028,,8.0
3.858834134139844,3.2044913521292413,19.214750995397786,8.390884335262152,224.36334727794312,0.27439004910965537,crossed,1,eb_gp,random,11,16,1.39613017100055,337.8677784423207,60005.43782524779,9328.108126501398,,8.0
1.7022071965182703,2.335800244893351,77.03072652938845,16.995030944369656,224.3969662389151,0.3080090100816335,crossed,1,eb_gp,random,11,20,1.574730723000357,349.9085244468017,59896.368336627456,11238.16258600834,,8.0
2.409352582109221,5.831677985330863,215.32866129822824,57.54949781897324,224.08895722883346,0.0,crossed,1,eb_gp,random,11,30,1.8262801789996956,318.58033796069896,60205.33539556561,10587.913778885168,,4.0
1.88787957108161,3.082933698335833,29.742127492934483,20.056579799217605,224.30531535951073,0.21635813067726417,crossed,1,eb_gp,random,11,50,2.4994995520000884,329.16630131681416,60092.150055504746,10628.048508087812,,4.0
14.09927787926354,14.91091641953596,218.21106480817627,78.76373706106163,222.06578793339827,2.0231692954351956,crossed,1,eb_gp,maxvar,0,3,0.25048961599986797,386.5183805663176,59579.349337729276,9420.857722207129,,
10.34919025924474,12.641245005272006,247.98932896186184,81.98879203177142,222.06578793339827,2.0231692954351956,crossed,1,eb_gp,maxvar,0,4,0.4603426479998234,388.130351965438,59572.93905426577,9305.237940380295,,
5.717477076990283,11.535787180864117,100.73110967023169,65.04402247974832,222.58286073705378,1.5060964917796866,crossed,1,eb_gp,maxvar,0,5,0.5749798919996465,387.57078843705665,59580.50716615387,9248.01402024027,,15.0
4.876785593022895,11.029073538279672,93.88638367647432,61.90722788263295,222.58286073705378,1.5060964917796866,crossed,1,eb_gp,maxvar,0,6,0.7267790129999412,384.45034673702594,59605.54882843205,9537.14749896263,,15.0
4.516076176341164,10.14320642299241,83.11758245139619,56.76147496816586,221.86091003006305,2.228047198770412,crossed,1,eb_gp,maxvar,0,7,0.8544495500000266,378.8293699617623,59646.544324872346,9783.112506825892,,15.0
4.672974938456909,8.90843199204456,51.77746571767258,40.536467670400874,222.82676300292903,1.2621942259044374,crossed,1,eb_gp,maxvar,0,8,0.9187411840002824,359.7331458469785,59790.559371697374,9148.904309401705,,15.0
3.868503298736819,7.693312541879702,48.93398963811032,38.2709609198902,222.82676300292903,1.2621942259044374,crossed,1,eb_gp,maxvar,0,10,1.078288173999681,358.6760750299959,59802.293140581576,9316.629825597765,,15.0
4.244490353906731,5.3861486127304055,24.422374652873078,21.597301518465034,222.8852995467391,1.2036576820943594,crossed,1,eb_gp,maxvar,0,12,1.198025293999308,347.7706880828193,59896.42990147715,8467.519984532955,,15.0
4.335524890475331,7.129812124973434,36.647649575524625,32.858964819660095,222.8852995467391,1.2036576820943594,crossed,1,eb_gp,maxvar,0,16,1.3193025589998797,347.3783216693828,59902.969783634595,8907.916482570841,,8.0
4.485885935581591,5.606200140418052,20.296111842460423,19.31038043309456,224.16009538971375,0.07113816088028102,crossed,1,eb_gp,maxvar,0,20,1.401194017999842,340.39113641572635,59971.26394678098,8651.818530946597,,8.0
2.963782409150012,2.3915744958266694,13.437409208046148,12.050398300698435,224.36334727794312,0.27439004910965537,crossed,1,eb_gp,maxvar,0,30,1.7216890440004136,334.8472119649085,60031.869950519664,9256.520739928876,,8.0
2.717367965599972,2.755611770579996,14.895191908502149,,224.26356907826687,0.17461184943340413,crossed,1,eb_gp,maxvar,0,50,2.3298049670002,327.06685287520355,60114.86165530038,10241.576291211573,,4.0
42.4468308911094,55.73025780126195,620.8925683807136,137.87606645845133,263.39990493127664,39.31094770244317,at_or_beyond_end,0,lowrank,equispaced,0,3,0.0007086879995767958,,,,2.0,
39.48363477816342,55.652520821982954,848.7880296192584,189.04006189900159,,,no_null,0,lowrank,equispaced,0,4,0.0007890189999670838,,,,2.0,
38.7056257240872,57.13187040922475,1028.6489529672738,235.7578293934092,,,no_null,0,lowrank,equispaced,0,5,0.0007387719997495878,,,,2.0,
37.53345789872939,58.660155386966494,1172.393423448831,275.3905800938429,,,no_null,0,lowrank,equispaced,0,6,0.0008862000004228321,,,,2.0,
37.009573044017934,60.01776443981105,1263.7038491096223,301.91936813278056,,,no_null,0,lowrank,equispaced,0,7,0.0010826249999809079,,,,2.0,
16.792028006787856,27.922980917710994,605.3171664197702,130.053239307436,,,no_null,0,lowrank,equispaced,0,8,0.001220033999743464,,,,3.0,
16.12046560158339,28.415767396968505,647.9508349691173,140.00299492050894,229.23085493954125,5.141897710707781,at_or_beyond_end,0,lowrank,equispaced,0,10,0.0016260149996014661,,,,3.0,
7.241527134080731,17.05304449822362,522.5079704053779,121.25520377376711,225.52165294437333,1.4326957155398645,crossed,1,lowrank,equispaced,0,12,0.0019962420001320424,,,,4.0,
7.308515881161694,17.67833501927926,518.5846727652292,121.67169616105915,227.69094440216335,3.6019871733298885,at_or_beyond_end,0,lowrank,equispaced,0,16,0.0022684409996145405,,,,4.0,
3.3354365596128885,11.343506804190213,440.9367850734025,97.49006468049811,223.52133841082454,0.5676188180089241,crossed,1,lowrank,equispaced,0,20,0.002277178000440472,,,,6.0,
4.369861445169954,10.512688759484096,328.5832227273232,70.7321798665462,224.42188382175317,0.33292659291970494,crossed,1,lowrank,equispaced,0,30,0.0027669450000757934,,,,8.0,
4.358384585564293,6.710815515822727,35.878613595075215,23.63963876320551,224.3566953979647,0.2677381691312348,crossed,1,lowrank,equispaced,0,50,0.0029675120003958,,,,10.0,
42.4468308911094,55.73025780126195,620.8925683807136,137.87606645845133,263.39990493127664,39.31094770244317,at_or_beyond_end,0,lowrank,dopt_lowrank,0,3,0.0004957049995937268,,,,2.0,
42.49887249668361,55.76860077140584,632.5000365985568,140.145829784174,,,no_null,0,lowrank,dopt_lowrank,0,4,0.000580441000238352,,,,2.0,
37.658818670750236,56.98819463748996,1025.5807980505535,234.81124524253767,,,no_null,0,lowrank,dopt_lowrank,0,5,0.0007917480006653932,,,,2.0,
28.385106527386753,31.790098264957035,275.46330085032093,67.24889479819906,222.61120613552038,1.4777510933130884,crossed,1,lowrank,dopt_lowrank,0,6,0.0009678820006229216,,,,3.0,
9.922352569302399,15.731805679460015,265.80738715688335,58.967713540238556,223.63559565219643,0.453361576637036,crossed,1,lowrank,dopt_lowrank,0,7,0.0011818439998023678,,,,4.0,
9.96831075134246,16.002957072761728,266.1745811349509,59.08450793461425,223.63559565219643,0.453361576637036,crossed,1,lowrank,dopt_lowrank,0,8,0.0013202439995438908,,,,4.0,
4.348704542413415,10.310841564170182,276.1674518263295,56.541962133785326,223.63559565219643,0.453361576637036,crossed,1,lowrank,dopt_lowrank,0,10,0.0016603549993305933,,,,5.0,
12.56870167708113,17.948666007648495,51.031030527991724,38.88728519447925,223.62285999874587,0.4660972300875983,crossed,1,lowrank,dopt_lowrank,0,12,0.0020209760004945565,,,,4.0,
10.652350305895784,19.201957640091106,71.59113822624188,68.91986432601033,224.16009538971375,0.07113816088028102,crossed,1,lowrank,dopt_lowrank,0,16,0.0022498140006064204,,,,8.0,
10.057415560450808,14.981117996783826,55.30816916122464,53.59045899673156,224.26356907826687,0.17461184943340413,crossed,1,lowrank,dopt_lowrank,0,20,0.00234194499989826,,,,8.0,
8.217816621538907,11.358018308178,41.32690880091676,40.59842848967203,224.34979715206117,0.26083992322770655,crossed,1,lowrank,dopt_lowrank,0,30,0.002813070000229345,,,,8.0,
14.497456056912384,23.8245809007045,80.94170760728781,,224.26356907826687,0.17461184943340413,crossed,1,lowrank,dopt_lowrank,0,50,0.0033496589994683745,,,,10.0,
42.4468308911094,55.73025780126195,620.8925683807136,137.87606645845133,263.39990493127664,39.31094770244317,at_or_beyond_end,0,lowrank,random,0,3,0.0005827239992868272,,,,2.0,
42.815423714083586,55.76042177239847,638.5162967055385,141.367735406968,,,no_null,0,lowrank,random,0,4,0.000685061999320169,,,,2.0,
41.78756284500353,56.63638751714176,889.4691252584086,199.3928214179882,,,no_null,0,lowrank,random,0,5,0.0008068449997153948,,,,2.0,
38.11529284669092,56.1487976642964,859.2200653301919,191.5261930455762,,,no_null,0,lowrank,random,0,6,0.0009377950000271085,,,,2.0,
53.072523359655456,62.75920064058844,1189.1185754093333,281.1570860598854,,,no_null,0,lowrank,random,0,7,0.0010619410004437668,,,,2.0,
47.8055269041736,29.961021498087838,164.51741109366327,71.86379808607113,,,no_null,0,lowrank,random,0,8,0.0016123360001074616,,,,5.0,
14.719034482589265,28.10175145901364,624.7263148002354,134.73252344698057,,,no_null,0,lowrank,random,0,10,0.0015257960003509652,,,,3.0,
5.693485772685553,11.758130722256206,436.8663520919897,96.49701553850542,223.553049750202,0.5359074786314579,crossed,1,lowrank,random,0,12,0.0021824189998369548,,,,5.0,
31.323330018244352,71.10201915053113,1754.0691305108026,444.2921860917508,,,no_null,0,lowrank,random,0,16,0.0020422050001798198,,,,2.0,
5.255300042450563,8.225087169729726,31.52742490622673,26.25512873565042,224.42188382175317,0.33292659291970494,crossed,1,lowrank,random,0,20,0.002270453000164707,,,,5.0,
5.659652850912905,20.60741862433246,585.5824719443175,139.591238902574,,,no_null,0,lowrank,random,0,30,0.0027050690005125944,,,,4.0,
3.8104021264487518,12.728542903158827,335.70691208290015,96.09928990737853,224.31944487008556,0.23048764125209686,crossed,1,lowrank,random,0,50,0.002900657999816758,,,,8.0,
42.4468308911094,55.73025780126195,620.8925683807136,137.87606645845133,263.39990493127664,39.31094770244317,at_or_beyond_end,0,lowrank,random,1,3,0.0004601119999279035,,,,2.0,
43.366897181450206,57.37374029519394,649.535221429828,144.00364558885076,,,no_null,0,lowrank,random,1,4,0.0007303020001927507,,,,2.0,
45.81838733735936,56.821959396517805,738.3614933677513,163.04832732662234,,,no_null,0,lowrank,random,1,5,0.0008137599998008227,,,,2.0,
24.69475893165356,34.18760628852881,69.83135105915828,47.357756817730746,220.55023417164045,3.5387230571930104,crossed,1,lowrank,random,1,6,0.0009674720004113624,,,,3.0,
35.09235331184631,58.45189567133695,1197.4770372843107,282.39534196297114,,,no_null,0,lowrank,random,1,7,0.001030218999403587,,,,2.0,
35.8444009593657,61.18767279858013,1352.899071031112,327.8456186639117,,,no_null,0,lowrank,random,1,8,0.001312790000156383,,,,2.0,
35.868673448982165,59.623721957762434,1138.230702435597,265.89016132937024,,,no_null,0,lowrank,random,1,10,0.0016917020002438221,,,,2.0,
14.118750946027166,29.17318034691978,740.5639367764968,163.67767944027304,,,no_null,0,lowrank,random,1,12,0.0021073560001241276,,,,3.0,
6.932589977489873,11.84484742710841,328.2932092606783,73.2924433893292,224.42188382175317,0.33292659291970494,crossed,1,lowrank,random,1,16,0.002191253999626497,,,,6.0,
11.660957333307858,12.94358806469485,207.47166627098377,40.04790237567991,224.4187796110966,0.32982238226313143,crossed,1,lowrank,random,1,20,0.003438507999817375,,,,10.0,
6.356861905534147,13.182544713727829,226.02938525449935,57.24965032871798,224.61537961934755,0.5264223905140852,crossed,1,lowrank,random,1,30,0.0034691490000113845,,,,8.0,
4.574377717908365,8.925675132491058,29.956057382810915,25.960896248158072,224.50569750948122,0.41674028064775825,crossed,1,lowrank,random,1,50,0.0038614540007984033,,,,8.0,
42.4468308911094,55.73025780126195,620.8925683807136,137.87606645845133,263.39990493127664,39.31094770244317,at_or_beyond_end,0,lowrank,random,2,3,0.0006005459999869345,,,,2.0,
36.97855831236835,56.329225184526265,976.1795148781332,221.51979092459575,,,no_null,0,lowrank,random,2,4,0.0007085799998094444,,,,2.0,
38.04529238748119,56.71037805929653,909.1160058580474,204.29475159038643,,,no_null,0,lowrank,random,2,5,0.0010230609996142448,,,,2.0,
41.95212092171006,58.70588875197863,1083.2506580424258,251.00974302732064,,,no_null,0,lowrank,random,2,6,0.0011117350004496984,,,,2.0,
36.57490983248562,57.60551341611772,1025.3598803028037,234.72550885375804,,,no_null,0,lowrank,random,2,7,0.0013863659996786737,,,,2.0,
41.094703854297045,62.202488944580246,1313.832490907458,316.868951684838,,,no_null,0,lowrank,random,2,8,0.0016856439997354755,,,,2.0,
14.387673465786342,27.696264471309185,598.7533670432125,162.62131292645648,230.15342713390967,6.0644699050762085,at_or_beyond_end,0,lowrank,random,2,10,0.0020909670001856284,,,,3.0,
7.464078899098431,11.266911001155739,305.33577386650035,62.665290835339896,223.53407957396726,0.5548776548662033,crossed,1,lowrank,random,2,12,0.0025311829995189328,,,,5.0,
7.555717225927715,17.410011104345138,404.0629069727135,104.33780435371062,264.4755139237867,40.38655669495324,at_or_beyond_end,0,lowrank,random,2,16,0.002547629000218876,,,,4.0,
5.3473824390650435,11.312899169067078,316.6930931327961,63.89251671662443,224.5560644204164,0.4671071915829259,crossed,1,lowrank,random,2,20,0.0025745650000317255,,,,6.0,
11.645776612375965,35.07975662079325,865.1648891613927,198.23237609415284,,,no_null,0,lowrank,random,2,30,0.0029185489993324154,,,,3.0,
6.4833711895649735,9.742617274060667,39.47027832406049,26.550383545244898,224.31944487008556,0.23048764125209686,crossed,1,lowrank,random,2,50,0.004257178000443673,,,,10.0,
42.4468308911094,55.73025780126195,620.8925683807136,137.87606645845133,263.39990493127664,39.31094770244317,at_or_beyond_end,0,lowrank,random,3,3,0.0005994109997118358,,,,2.0,
36.598992841475685,56.45262068635777,1018.1676708328887,232.61115759850532,,,no_null,0,lowrank,random,3,4,0.0007031129998722463,,,,2.0,
43.57970421451875,56.37959364635808,672.0505184918774,166.41893593452463,,,no_null,0,lowrank,random,3,5,0.0008638380004413193,,,,2.0,
69.56387161625122,60.763360660696684,530.9396293392514,104.23575734942298,,,no_null,0,lowrank,random,3,6,0.0009518329998172703,,,,2.0,
17.98090611522895,28.201493888498685,516.6473278712591,122.94057497251343,,,no_null,0,lowrank,random,3,7,0.0012103980006941129,,,,3.0,
27.846628818998273,32.17692925725192,307.1694440485992,74.86368903072045,,,no_null,0,lowrank,random,3,8,0.0014801520001128665,,,,3.0,
13.932322394530116,27.560751736416446,593.700066840724,127.48022290998131,,,no_null,0,lowrank,random,3,10,0.0018175539998992463,,,,3.0,
13.852864558528196,19.714577279249948,505.2099878865983,117.34622111903501,225.50968792755683,1.4207306987233608,crossed,1,lowrank,random,3,12,0.0023880859998826054,,,,4.0,
16.649773875255562,30.853944636427904,710.5094663343161,155.94198750399957,235.08716871742376,10.9982114885903,at_or_beyond_end,0,lowrank,random,3,16,0.0021661370001311298,,,,3.0,
3.306247625058029,8.051509882420993,298.6108655279179,55.10284394116067,224.6127927771337,0.5238355483002408,crossed,1,lowrank,random,3,20,0.002682813999854261,,,,6.0,
10.415661519486138,13.257086960532485,39.55306524218008,33.34284846547036,224.44982171766253,0.3608644888290655,crossed,1,lowrank,random,3,30,0.003006210999956238,,,,8.0,
4.55483850653881,12.117419712446365,337.73950467516477,95.85163227371413,224.36334727794312,0.27439004910965537,crossed,1,lowrank,random,3,50,0.0035314919996380922,,,,8.0,
42.4468308911094,55.73025780126195,620.8925683807136,137.87606645845133,263.39990493127664,39.31094770244317,at_or_beyond_end,0,lowrank,random,4,3,0.0005650960001730709,,,,2.0,
37.927520129394274,56.32594711592146,1003.9011505287688,228.8399920219847,,,no_null,0,lowrank,random,4,4,0.0009230870000465075,,,,2.0,
47.65567557328636,59.215161922542414,1075.507655672563,249.0705744881117,,,no_null,0,lowrank,random,4,5,0.0013244749998193583,,,,2.0,
40.91410064067862,55.47975271993126,837.6469637998497,197.90763309811945,232.12389776129217,8.034940532458705,at_or_beyond_end,0,lowrank,random,4,6,0.0010439090001455043,,,,2.0,
36.75658951659832,57.88644830468912,975.8135563287946,221.38340453693468,,,no_null,0,lowrank,random,4,7,0.0011939209998672595,,,,2.0,
38.50192018888692,57.486643340816414,866.7209646155761,193.41230717800153,,,no_null,0,lowrank,random,4,8,0.0013951450000604382,,,,2.0,
8.69370801869565,15.166577001640283,309.9981840943036,67.0026229778802,223.5877380724598,0.5012191563736508,crossed,1,lowrank,random,4,10,0.0019134300000587245,,,,4.0,
7.926125802528655,16.04212323546613,251.8969275531147,61.1698494767009,,,no_null,0,lowrank,random,4,12,0.0020921019995512324,,,,4.0,
9.159810048109378,17.29213742198693,481.1721945352534,143.7294992157553,226.3674430305707,2.278485801737247,at_or_beyond_end,0,lowrank,random,4,16,0.0021250359995974577,,,,4.0,
9.009870082065863,19.56864202987405,539.0058746645702,113.55330811004751,225.59599180625113,1.50703457741767,crossed,1,lowrank,random,4,20,0.0021794650001538685,,,,4.0,
8.28491919222579,11.441081926877095,46.77209551536068,36.73859134852129,224.2838139303751,0.1948567015416245,crossed,1,lowrank,random,4,30,0.002831736999723944,,,,10.0,
5.941737183229071,8.17977246754347,33.20551324803249,22.797963554346655,224.31944487008556,0.23048764125209686,crossed,1,lowrank,random,4,50,0.0031450309998035664,,,,10.0,
42.4468308911094,55.73025780126195,620.8925683807136,137.87606645845133,263.39990493127664,39.31094770244317,at_or_beyond_end,0,lowrank,random,5,3,0.00044580799931281945,,,,2.0,
43.847799853672925,55.8333606250784,664.5581366703253,146.72307962035205,,,no_null,0,lowrank,random,5,4,0.0007293400003618444,,,,2.0,
42.809720158807345,59.24867000208723,1185.4299725276996,279.47590433911273,,,no_null,0,lowrank,random,5,5,0.0007868510001571849,,,,2.0,
46.51432658697095,57.41617021055019,903.5077112434824,221.05877192433843,,,no_null,0,lowrank,random,5,6,0.0009356639993711724,,,,2.0,
37.4719555988352,59.87470224865713,1057.865055376543,243.11423730560713,,,no_null,0,lowrank,random,5,7,0.0012856450002800557,,,,2.0,
14.678916807289385,20.186012990944384,500.5528018774903,116.32310518604947,224.4560301389757,0.36707291014224097,crossed,1,lowrank,random,5,8,0.0013454970003294875,,,,4.0,
22.374406606761774,30.612995537807063,604.7425279236703,129.76996501860515,,,no_null,0,lowrank,random,5,10,0.0014462419994742959,,,,3.0,
7.954764819694622,16.324759776400438,326.3571658038276,79.25591079813071,225.98814667154954,1.8991894427160787,at_or_beyond_end,0,lowrank,random,5,12,0.001935756999955629,,,,4.0,
7.179867875683698,10.889563078910413,42.50590524808178,37.8302077149498,224.62974538387482,0.5407881550413549,crossed,1,lowrank,random,5,16,0.002065835000394145,,,,6.0,
5.076784622870172,8.410680474349022,223.9959874292048,49.14026018156178,224.36334727794312,0.27439004910965537,crossed,1,lowrank,random,5,20,0.002514812000299571,,,,10.0,
9.309083595402045,13.42864197055599,58.03862525988966,36.108128647954615,,,no_null,0,lowrank,random,5,30,0.0044605329994737986,,,,4.0,
3.1536793692308236,9.741257116577966,268.479612845892,68.26737196758371,224.4365179577057,0.34756072887222444,crossed,1,lowrank,random,5,50,0.003207205999387952,,,,10.0,
42.4468308911094,55.73025780126195,620.8925683807136,137.87606645845133,263.39990493127664,39.31094770244317,at_or_beyond_end,0,lowrank,random,6,3,0.00045303900060389424,,,,2.0,
42.1565478006123,56.02295862469716,627.0807524808713,139.10094158217993,,,no_null,0,lowrank,random,6,4,0.0005947919999016449,,,,2.0,
37.25105076679242,58.143271073027634,1169.8464613439858,274.6393301907321,,,no_null,0,lowrank,random,6,5,0.00063883600068948,,,,2.0,
42.43400188727452,56.18206763359741,738.2184008471493,163.0405496054608,,,no_null,0,lowrank,random,6,6,0.0014079350003157742,,,,2.0,
8.148429603489058,15.956395031759216,416.2830837620889,97.5716638514786,225.3877367946192,1.2987795657857362,crossed,1,lowrank,random,6,7,0.002018141000007745,,,,4.0,
21.249959814339956,30.41133255868718,636.8263073913918,152.24007475501128,253.25450875650426,29.1655515276708,at_or_beyond_end,0,lowrank,random,6,8,0.001329356000496773,,,,3.0,
17.95143449974946,29.528260759583773,656.2955853255368,141.97252101519177,233.29638281386283,9.20742558502937,at_or_beyond_end,0,lowrank,random,6,10,0.001566367999657814,,,,3.0,
19.828787975452915,29.993273742332505,601.6131795232492,162.04636483373852,228.27275216811495,4.1837949392814835,at_or_beyond_end,0,lowrank,random,6,12,0.001924314999996568,,,,3.0,
8.3073367248834,17.880368626047836,514.0363686989931,136.45907620564546,226.14606463223987,2.0571074034064054,at_or_beyond_end,0,lowrank,random,6,16,0.0018645569998625433,,,,4.0,
3.9518129130922657,13.108764350789611,468.40838597134217,106.97906378559988,224.3969662389151,0.3080090100816335,crossed,1,lowrank,random,6,20,0.0021650620001310017,,,,5.0,
3.354957271023931,10.156754382718825,325.1619986110866,62.20602428120372,223.5185585206843,0.5703987081491562,crossed,1,lowrank,random,6,30,0.0025015370001710835,,,,6.0,
6.795871770045172,8.68884486826412,36.033460893695924,25.573087160501107,224.36334727794312,0.27439004910965537,crossed,1,lowrank,random,6,50,0.00324283000009018,,,,10.0,
42.4468308911094,55.73025780126195,620.8925683807136,137.87606645845133,263.39990493127664,39.31094770244317,at_or_beyond_end,0,lowrank,random,7,3,0.000486507999994501,,,,2.0,
44.739842701792455,56.04264681338531,713.0849272479948,157.12251826146425,,,no_null,0,lowrank,random,7,4,0.0006084300002839882,,,,2.0,
36.14139327537514,58.15861607200842,1075.655732738005,248.08444888681845,,,no_null,0,lowrank,random,7,5,0.0007018760006758384,,,,2.0,
38.68459898287758,57.49231102641173,1012.8212877060754,231.4132565346026,,,no_null,0,lowrank,random,7,6,0.0009193739997499506,,,,2.0,
43.65653145069831,61.29462085472799,1244.6011190432262,296.8715972978719,,,no_null,0,lowrank,random,7,7,0.0009497780001765932,,,,2.0,
40.72047550557494,60.10570100997082,1191.426147331817,281.14763488463876,,,no_null,0,lowrank,random,7,8,0.0013928200005466351,,,,2.0,
15.50370898171756,28.158344289454973,635.923482236346,153.22407316562075,,,no_null,0,lowrank,random,7,10,0.0015658810007153079,,,,3.0,
6.798252901679788,10.380432758897987,296.2649491259289,63.13933761888837,223.56253483831938,0.5264223905140852,crossed,1,lowrank,random,7,12,0.0020071839999218355,,,,5.0,
10.020151043278094,15.699065450035615,211.38457164555763,55.443682253700146,224.59076966098897,0.5018124321555035,crossed,1,lowrank,random,7,16,0.002036699999734992,,,,8.0,
3.7018299280874007,10.987100131915284,413.55645105016157,115.5580588679512,224.42937935480202,0.3404221259685585,crossed,1,lowrank,random,7,20,0.002179938999688602,,,,6.0,
10.094125824843962,11.343230807262824,197.36896916268455,56.670848252364245,224.36334727794312,0.27439004910965537,crossed,1,lowrank,random,7,30,0.002744878000157769,,,,10.0,
4.722097718200735,7.6727442927928795,33.47476299271441,21.355839785238818,224.36334727794312,0.27439004910965537,crossed,1,lowrank,random,7,50,0.0031409840003107092,,,,10.0,
42.4468308911094,55.73025780126195,620.8925683807136,137.87606645845133,263.39990493127664,39.31094770244317,at_or_beyond_end,0,lowrank,random,8,3,0.0004812049992324319,,,,2.0,
39.08516748170757,56.30518194963208,978.7409927756169,222.28254475229767,,,no_null,0,lowrank,random,8,4,0.000562625000384287,,,,2.0,
35.014365235036976,58.04103583549926,1175.4585896826763,275.9656769710843,,,no_null,0,lowrank,random,8,5,0.0007131470001695561,,,,2.0,
18.821419063169646,28.76036914654763,556.5146029713542,119.00058978060098,,,no_null,0,lowrank,random,8,6,0.0010887939997701324,,,,3.0,
39.14824827617523,61.177734965882046,1315.5587296595654,317.24671678685354,,,no_null,0,lowrank,random,8,7,0.0009494480000284966,,,,2.0,
31.736140732365218,63.50859862714932,1560.0606876216834,387.7868964243057,,,no_null,0,lowrank,random,8,8,0.0015187389999482548,,,,2.0,
15.84363077540681,18.881351743898776,307.888550118311,65.64105207131902,223.60817063963881,0.48078658919465056,crossed,1,lowrank,random,8,10,0.0014448750007431954,,,,4.0,
8.017325039732722,16.36151524949304,426.74799789829274,98.26872526031954,225.34383438676164,1.2548771579281777,crossed,1,lowrank,random,8,12,0.0022927309992155642,,,,4.0,
5.948951838305429,11.564475340017095,402.20281833635954,98.46325889116734,225.44627333842925,1.3573161095957857,crossed,1,lowrank,random,8,16,0.002034644000559638,,,,5.0,
8.687597915038054,13.004825710090131,315.67607973403204,81.682800524575,224.31944487008556,0.23048764125209686,crossed,1,lowrank,random,8,20,0.00225162199967599,,,,8.0,
3.7029061864691837,15.603225813595737,496.7103565749683,132.34316878171427,225.53089682024162,1.4419395914081576,crossed,1,lowrank,random,8,30,0.002621008999994956,,,,5.0,
4.039312838641768,12.193035957577525,339.51811018077177,95.92687699127598,224.42188382175317,0.33292659291970494,crossed,1,lowrank,random,8,50,0.0030180140001903055,,,,8.0,
42.4468308911094,55.73025780126195,620.8925683807136,137.87606645845133,263.39990493127664,39.31094770244317,at_or_beyond_end,0,lowrank,random,9,3,0.0004929910001010285,,,,2.0,
38.807887065118315,56.04805084163581,850.210647762191,189.43667996521032,,,no_null,0,lowrank,random,9,4,0.0006470509997598128,,,,2.0,
45.24777608430839,56.60565109367326,707.8201106532131,155.8819717331902,,,no_null,0,lowrank,random,9,5,0.0007668260004720651,,,,2.0,
35.711433626840545,35.77399001981355,308.90060085463256,74.08190626167685,224.64323792011186,0.5542806912783931,crossed,1,lowrank,random,9,6,0.0011989430004177848,,,,3.0,
37.27735134375838,58.00460926212783,1063.6070259747821,245.35794279585446,,,no_null,0,lowrank,random,9,7,0.0011563680000108434,,,,2.0,
26.40024962677974,32.10250933465859,601.1830297078735,128.8200402217951,228.27671708179662,4.187759852963154,at_or_beyond_end,0,lowrank,random,9,8,0.0013944900001661154,,,,3.0,
22.032459739575753,28.022700038455557,360.5656991196596,75.31094111416397,249.90761669189877,25.818659463065302,at_or_beyond_end,0,lowrank,random,9,10,0.001535086999865598,,,,3.0,
40.36444636306209,67.63472562065942,1572.8653853933674,392.38470896421063,,,no_null,0,lowrank,random,9,12,0.0019218389998059138,,,,2.0,
11.207563397454955,13.121591050655518,302.078841629596,83.78629548912355,224.2374937087515,0.14853647991802177,crossed,1,lowrank,random,9,16,0.001985762999538565,,,,8.0,
4.896339382951155,8.668937938988282,36.22985498578077,28.5201496130409,223.54306544692056,0.5458917819128999,crossed,1,lowrank,random,9,20,0.0021694309998565586,,,,6.0,
6.70854402583871,10.4240005040376,48.66015646068379,36.60572100203479,224.39875244557018,0.30979521673671684,crossed,1,lowrank,random,9,30,0.002655680999851029,,,,10.0,
5.2785467429152595,10.660671995219035,198.65746672440295,56.58476073207682,224.45962448815703,0.37066725932356803,crossed,1,lowrank,random,9,50,0.0031359980002889642,,,,10.0,
42.4468308911094,55.73025780126195,620.8925683807136,137.87606645845133,263.39990493127664,39.31094770244317,at_or_beyond_end,0,lowrank,random,10,3,0.0004918060003546998,,,,2.0,
36.75215880008283,56.47906060683078,1026.819574866054,235.04873820021942,,,no_null,0,lowrank,random,10,4,0.0005139880004207953,,,,2.0,
38.21924612810696,57.05033328516325,1027.3053479926634,235.34766956333635,,,no_null,0,lowrank,random,10,5,0.0006958959993426106,,,,2.0,
39.29315750645668,57.516942340768104,997.0276884886177,255.38776190647457,,,no_null,0,lowrank,random,10,6,0.0007738379999864264,,,,2.0,
46.79626031685812,63.1060134317733,1337.1946939880636,324.0614146321353,,,no_null,0,lowrank,random,10,7,0.0009794259995032917,,,,2.0,
39.59402841845694,59.28331610422203,1120.7283623107442,261.2764662761668,,,no_null,0,lowrank,random,10,8,0.001140956999734044,,,,2.0,
4.3749401325259,9.261982414753088,287.092265899706,55.71768673370977,223.61252381623524,0.4764334125982259,crossed,1,lowrank,random,10,10,0.001698875999863958,,,,5.0,
9.278110241312392,16.929799126964895,423.3060234315268,105.10122448847663,227.3287989912061,3.2398417623726345,at_or_beyond_end,0,lowrank,random,10,12,0.0019390269999348675,,,,4.0,
9.138208441444787,11.526572300551651,378.862045249082,94.33476730768474,227.9469889232561,3.8580316944226354,at_or_beyond_end,0,lowrank,random,10,16,0.0030267970005297684,,,,5.0,
15.507539503798391,31.179288646143675,722.1043571006886,159.00402361798905,233.00183817899392,8.912880950160456,at_or_beyond_end,0,lowrank,random,10,20,0.002166534999560099,,,,3.0,
7.849289093838983,21.610529135781785,581.7443292085627,159.1377540803643,250.02716787119041,25.93821064235695,at_or_beyond_end,0,lowrank,random,10,30,0.0020872730001428863,,,,4.0,
5.658060875435549,7.866548990828362,36.468246313491825,25.778113577747725,224.36334727794312,0.27439004910965537,crossed,1,lowrank,random,10,50,0.00323861700053385,,,,10.0,
42.4468308911094,55.73025780126195,620.8925683807136,137.87606645845133,263.39990493127664,39.31094770244317,at_or_beyond_end,0,lowrank,random,11,3,0.0004224579997753608,,,,2.0,
37.927520129394274,56.32594711592146,1003.9011505287688,228.8399920219847,,,no_null,0,lowrank,random,11,4,0.0007594549997520517,,,,2.0,
39.72117545376122,59.367467419022944,1249.9735839939074,298.1027888935223,,,no_null,0,lowrank,random,11,5,0.0007343399993260391,,,,2.0,
50.559285136731255,54.815857988473994,636.6644309182453,122.06796036301427,,,no_null,0,lowrank,random,11,6,0.0008822409999993397,,,,2.0,
53.91750912719497,64.4889222750287,1300.1036618693738,313.65163820718845,,,no_null,0,lowrank,random,11,7,0.0010329169999749865,,,,2.0,
11.590023252186704,20.731789850013467,369.86509777618426,89.897780621835,,,no_null,0,lowrank,random,11,8,0.001304077999520814,,,,4.0,
20.51099173797476,29.833172527069628,589.7102320219672,126.30730315425551,,,no_null,0,lowrank,random,11,10,0.0014132610003798618,,,,3.0,
7.776496001924201,14.91690502033699,312.52020988556865,67.4350050439176,223.5877380724598,0.5012191563736508,crossed,1,lowrank,random,11,12,0.0019128229996567825,,,,4.0,
12.498000111405245,14.95265620966027,44.485603081427605,33.55055866541955,225.50968792755683,1.4207306987233608,crossed,1,lowrank,random,11,16,0.001953673999196326,,,,4.0,
5.480251608217416,13.608002599758908,480.04308545383043,110.35738710651164,224.52432277342078,0.435365544587313,crossed,1,lowrank,random,11,20,0.002186457999414415,,,,5.0,
6.169699614248024,11.202793296391476,340.83652388097636,97.00877199126845,224.3969662389151,0.3080090100816335,crossed,1,lowrank,random,11,30,0.0024746569997660117,,,,8.0,
4.3126322642018,7.016064833388752,35.01304050113821,23.401192473738323,224.31944487008556,0.23048764125209686,crossed,1,lowrank,random,11,50,0.0030945150001571164,,,,10.0,
42.4468308911094,55.73025780126195,620.8925683807136,137.87606645845133,263.39990493127664,39.31094770244317,at_or_beyond_end,0,lowrank,maxvar,0,3,0.0004829700001209858,,,,2.0,
44.62705807066197,56.30854167632712,803.1962562823933,178.27762105657297,,,no_null,0,lowrank,maxvar,0,4,0.0005627150003419956,,,,2.0,
41.31801946767325,58.486197029604284,1138.047074243774,266.0938095870481,,,no_null,0,lowrank,maxvar,0,5,0.0008013500000743079,,,,2.0,
41.343526735212,59.08763899629464,1140.6091688017284,266.81023447969045,,,no_null,0,lowrank,maxvar,0,6,0.0009074529998542857,,,,2.0,
32.843654090413516,59.1130960151376,1248.15349723815,296.71206435440575,,,no_null,0,lowrank,maxvar,0,7,0.001094821000151569,,,,2.0,
25.519459787831778,31.185113005006865,289.7879224531864,68.80602381869319,223.62285999874587,0.4660972300875983,crossed,1,lowrank,maxvar,0,8,0.0015371800000139046,,,,3.0,
4.3440839322124605,9.479900171044815,280.49004572070345,55.73698257607796,223.62285999874587,0.4660972300875983,crossed,1,lowrank,maxvar,0,10,0.00198086999989755,,,,5.0,
47.872150890514604,46.09454231867856,120.21800682737162,67.2518117374963,223.94120874085135,0.14774848798211337,crossed,1,lowrank,maxvar,0,12,0.0020147529994574143,,,,8.0,
42.87866664973866,24.629547498116953,85.63788589354039,48.549654947723404,223.94120874085135,0.14774848798211337,crossed,1,lowrank,maxvar,0,16,0.0026424170000609593,,,,10.0,
22.971264132662245,27.418446832866106,72.95073659225537,70.08644641457907,224.16009538971375,0.07113816088028102,crossed,1,lowrank,maxvar,0,20,0.002445670999804861,,,,8.0,
40.07297728612749,55.67461254446937,191.5743908281818,47.39134869186334,224.26356907826687,0.17461184943340413,crossed,1,lowrank,maxvar,0,30,0.0028627149995372747,,,,10.0,
12.26675912563532,19.202456882061387,62.59171485728437,,224.34979715206117,0.26083992322770655,crossed,1,lowrank,maxvar,0,50,0.003189333000591432,,,,10.0,
